This is pdfTeX, Version 3.141592653-2.6-1.40.29 (TeX Live 2026) (preloaded format=pdflatex 2026.5.4)  8 MAY 2026 14:38
entering extended mode
 restricted \write18 enabled.
 %&-line parsing enabled.
**gospel
(./gospel.tex
LaTeX2e <2025-11-01>
L3 programming layer <2026-03-20>
(c:/texlive/2026/texmf-dist/tex/latex/base/article.cls
Document Class: article 2025/01/22 v1.4n Standard LaTeX document class
(c:/texlive/2026/texmf-dist/tex/latex/base/size10.clo
File: size10.clo 2025/01/22 v1.4n Standard LaTeX file (size option)
)
\c@part=\count275
\c@section=\count276
\c@subsection=\count277
\c@subsubsection=\count278
\c@paragraph=\count279
\c@subparagraph=\count280
\c@figure=\count281
\c@table=\count282
\abovecaptionskip=\skip49
\belowcaptionskip=\skip50
\bibindent=\dimen150
)
(c:/texlive/2026/texmf-dist/tex/latex/microtype/microtype.sty
Package: microtype 2026/03/01 v3.2d Micro-typographical refinements (RS)

(c:/texlive/2026/texmf-dist/tex/latex/graphics/keyval.sty
Package: keyval 2022/05/29 v1.15 key=value parser (DPC)
\KV@toks@=\toks17
)
(c:/texlive/2026/texmf-dist/tex/latex/etoolbox/etoolbox.sty
Package: etoolbox 2025/10/02 v2.5m e-TeX tools for LaTeX (JAW)
\etb@tempcnta=\count283
)
\MT@toks=\toks18
\MT@tempbox=\box53
\MT@count=\count284
LaTeX Info: Redefining \noprotrusionifhmode on input line 1084.
LaTeX Info: Redefining \leftprotrusion on input line 1085.
\MT@prot@toks=\toks19
LaTeX Info: Redefining \rightprotrusion on input line 1104.
LaTeX Info: Redefining \textls on input line 1449.
\MT@outer@kern=\dimen151
LaTeX Info: Redefining \microtypecontext on input line 2053.
LaTeX Info: Redefining \textmicrotypecontext on input line 2070.
\MT@listname@count=\count285

(c:/texlive/2026/texmf-dist/tex/latex/microtype/microtype-pdftex.def
File: microtype-pdftex.def 2026/03/01 v3.2d Definitions specific to pdftex (RS)

LaTeX Info: Redefining \lsstyle on input line 944.
LaTeX Info: Redefining \lslig on input line 944.
\MT@outer@space=\skip51
)
Package microtype Info: Loading configuration file microtype.cfg.

(c:/texlive/2026/texmf-dist/tex/latex/microtype/microtype.cfg
File: microtype.cfg 2026/03/01 v3.2d microtype main configuration file (RS)
)
LaTeX Info: Redefining \microtypesetup on input line 3065.
)
(c:/texlive/2026/texmf-dist/tex/latex/geometry/geometry.sty
Package: geometry 2026/03/07 v6.0 Page Geometry

(c:/texlive/2026/texmf-dist/tex/generic/iftex/ifvtex.sty
Package: ifvtex 2019/10/25 v1.7 ifvtex legacy package. Use iftex instead.

(c:/texlive/2026/texmf-dist/tex/generic/iftex/iftex.sty
Package: iftex 2024/12/12 v1.0g TeX engine tests
))
\Gm@cnth=\count286
\Gm@cntv=\count287
\c@Gm@tempcnt=\count288
\Gm@bindingoffset=\dimen152
\Gm@wd@mp=\dimen153
\Gm@odd@mp=\dimen154
\Gm@even@mp=\dimen155
\Gm@layoutwidth=\dimen156
\Gm@layoutheight=\dimen157
\Gm@layouthoffset=\dimen158
\Gm@layoutvoffset=\dimen159
\Gm@dimlist=\toks20
)
(c:/texlive/2026/texmf-dist/tex/latex/marginnote/marginnote.sty
Package: marginnote 2026/01/02 1.4d non floating margin notes for LaTeX 
\c@mn@abspage=\count289
)
(c:/texlive/2026/texmf-dist/tex/latex/pdflscape/pdflscape.sty
Package: pdflscape 2025-06-23 v0.14 Display of landscape pages in PDF

(c:/texlive/2026/texmf-dist/tex/latex/pdflscape/pdflscape-nometadata.sty
Package: pdflscape-nometadata 2025-06-23 v0.14 Display of landscape pages in PD
F (HO)

(c:/texlive/2026/texmf-dist/tex/latex/graphics/lscape.sty
Package: lscape 2020/05/28 v3.02 Landscape Pages (DPC)

(c:/texlive/2026/texmf-dist/tex/latex/graphics/graphics.sty
Package: graphics 2024/08/06 v1.4g Standard LaTeX Graphics (DPC,SPQR)

(c:/texlive/2026/texmf-dist/tex/latex/graphics/trig.sty
Package: trig 2023/12/02 v1.11 sin cos tan (DPC)
)
(c:/texlive/2026/texmf-dist/tex/latex/graphics-cfg/graphics.cfg
File: graphics.cfg 2016/06/04 v1.11 sample graphics configuration
)
Package graphics Info: Driver file: pdftex.def on input line 106.

(c:/texlive/2026/texmf-dist/tex/latex/graphics-def/pdftex.def
File: pdftex.def 2025/09/29 v1.2d Graphics/color driver for pdftex
)))
Package pdflscape Info: Auto-detected driver: pdftex on input line 81.
))
(c:/texlive/2026/texmf-dist/tex/latex/tools/longtable.sty
Package: longtable 2025-10-13 v4.24 Multi-page Table package (DPC)
\LTleft=\skip52
\LTright=\skip53
\LTpre=\skip54
\LTpost=\skip55
\LTchunksize=\count290
\LTcapwidth=\dimen160
\LT@head=\box54
\LT@firsthead=\box55
\LT@foot=\box56
\LT@lastfoot=\box57
\LT@gbox=\box58
\LT@cols=\count291
\LT@rows=\count292
\c@LT@tables=\count293
\c@LT@chunks=\count294
\LT@p@ftn=\toks21
)
(c:/texlive/2026/texmf-dist/tex/latex/l3packages/xparse/xparse.sty
(c:/texlive/2026/texmf-dist/tex/latex/l3kernel/expl3.sty
Package: expl3 2026-03-20 L3 programming layer (loader) 

(c:/texlive/2026/texmf-dist/tex/latex/l3backend/l3backend-pdftex.def
File: l3backend-pdftex.def 2026-02-18 L3 backend support: PDF output (pdfTeX)
\l__color_backend_stack_int=\count295
))
Package: xparse 2025-10-09 L3 Experimental document command parser
)
(c:/texlive/2026/texmf-dist/tex/generic/xstring/xstring.sty
(c:/texlive/2026/texmf-dist/tex/generic/xstring/xstring.tex
\xs_counta=\count296
\xs_countb=\count297
)
Package: xstring 2023/08/22 v1.86 String manipulations (CT)
)
(c:/texlive/2026/texmf-dist/tex/latex/datetime2/datetime2.sty
Package: datetime2 2021/03/21 v1.5.7 (NLCT) date and time formats

(c:/texlive/2026/texmf-dist/tex/latex/tracklang/tracklang.sty
Package: tracklang 2025/03/11 v1.6.6 (NLCT) Track Languages

(c:/texlive/2026/texmf-dist/tex/generic/tracklang/tracklang.tex))
(c:/texlive/2026/texmf-dist/tex/latex/xkeyval/xkeyval.sty
Package: xkeyval 2025/11/04 v2.10 package option processing (HA)

(c:/texlive/2026/texmf-dist/tex/generic/xkeyval/xkeyval.tex
(c:/texlive/2026/texmf-dist/tex/generic/xkeyval/xkvutils.tex
\XKV@toks=\toks22
\XKV@tempa@toks=\toks23
\XKV@tempb@toks=\toks24
)
\XKV@depth=\count298
File: xkeyval.tex 2014/12/03 v2.7a key=value parser (HA)
)))
(c:/texlive/2026/texmf-dist/tex/latex/datatool/datatool.sty
Package: datatool 2025/12/04 v3.4.3 (NLCT)

(c:/texlive/2026/texmf-dist/tex/latex/base/ifthen.sty
Package: ifthen 2024/03/16 v1.1e Standard LaTeX ifthen package (DPC)
)
(c:/texlive/2026/texmf-dist/tex/latex/xfor/xfor.sty
Package: xfor 2009/02/05 v1.05 (NLCT)
)
(c:/texlive/2026/texmf-dist/tex/latex/datatool/datatool-base.sty
Package: datatool-base 2025/12/04 v3.4.3 (NLCT)

(c:/texlive/2026/texmf-dist/tex/latex/amsmath/amsmath.sty
Package: amsmath 2025/07/09 v2.17z AMS math features
\@mathmargin=\skip56

For additional information on amsmath, use the `?' option.
(c:/texlive/2026/texmf-dist/tex/latex/amsmath/amstext.sty
Package: amstext 2024/11/17 v2.01 AMS text

(c:/texlive/2026/texmf-dist/tex/latex/amsmath/amsgen.sty
File: amsgen.sty 1999/11/30 v2.0 generic functions
\@emptytoks=\toks25
\ex@=\dimen161
))
(c:/texlive/2026/texmf-dist/tex/latex/amsmath/amsbsy.sty
Package: amsbsy 1999/11/29 v1.2d Bold Symbols
\pmbraise@=\dimen162
)
(c:/texlive/2026/texmf-dist/tex/latex/amsmath/amsopn.sty
Package: amsopn 2022/04/08 v2.04 operator names
)
\inf@bad=\count299
LaTeX Info: Redefining \frac on input line 233.
\uproot@=\count300
\leftroot@=\count301
LaTeX Info: Redefining \overline on input line 398.
LaTeX Info: Redefining \colon on input line 409.
\classnum@=\count302
\DOTSCASE@=\count303
LaTeX Info: Redefining \ldots on input line 495.
LaTeX Info: Redefining \dots on input line 498.
LaTeX Info: Redefining \cdots on input line 619.
\Mathstrutbox@=\box59
\strutbox@=\box60
LaTeX Info: Redefining \big on input line 721.
LaTeX Info: Redefining \Big on input line 722.
LaTeX Info: Redefining \bigg on input line 723.
LaTeX Info: Redefining \Bigg on input line 724.
\big@size=\dimen163
LaTeX Font Info:    Redeclaring font encoding OML on input line 742.
LaTeX Font Info:    Redeclaring font encoding OMS on input line 743.
\macc@depth=\count304
LaTeX Info: Redefining \bmod on input line 904.
LaTeX Info: Redefining \pmod on input line 909.
LaTeX Info: Redefining \smash on input line 939.
LaTeX Info: Redefining \relbar on input line 969.
LaTeX Info: Redefining \Relbar on input line 970.
\c@MaxMatrixCols=\count305
\dotsspace@=\muskip17
\c@parentequation=\count306
\dspbrk@lvl=\count307
\tag@help=\toks26
\row@=\count308
\column@=\count309
\maxfields@=\count310
\andhelp@=\toks27
\eqnshift@=\dimen164
\alignsep@=\dimen165
\tagshift@=\dimen166
\tagwidth@=\dimen167
\totwidth@=\dimen168
\lineht@=\dimen169
\@envbody=\toks28
\multlinegap=\skip57
\multlinetaggap=\skip58
\mathdisplay@stack=\toks29
LaTeX Info: Redefining \[ on input line 2950.
LaTeX Info: Redefining \] on input line 2951.
)
\l__datatool_tmpa_int=\count311
\l__datatool_tmpb_int=\count312
\l__datatool_tmpc_int=\count313
\l__datatool_tmpd_int=\count314
\l__datatool_count_int=\count315
\l__datatool_tmp_datatype_int=\count316
\l__datatool_tmpa_dim=\dimen170
\l__datatool_tmpb_dim=\dimen171

(c:/texlive/2026/texmf-dist/tex/latex/datatool/datatool-l3fp.def
File: datatool-l3fp.def 2025/12/04 v3.4.3 (NLCT)
)
\@dtl@toks=\toks30
\@dtl@tmpcount=\count317
\dtl@tmplength=\skip59
\l__datatool_measure_box=\box61
\dtl@sortresult=\count318

(c:/texlive/2026/texmf-dist/tex/latex/datatool/datatool-utf8.ldf
File: datatool-utf8.ldf 2025/12/04 v3.4.3 (NLCT)
)
\@dtl@datatype=\count319
\c_datatool_unknown_int=\count320
\l__datatool_year_int=\count321
\l__datatool_month_int=\count322
\l__datatool_day_int=\count323
\l__datatool_hour_int=\count324
\l__datatool_minute_int=\count325
\l__datatool_second_int=\count326
\l__datatool_tzhour_int=\count327
\l__datatool_tzminute_int=\count328
\l__datatool_julian_int=\count329
\l__datatool_local_julian_int=\count330
\l__datatool_prefix_int=\count331
\l__datatool_suffix_int=\count332
\@dtl@foreach@level=\count333
\dtl@codeA=\count334
\dtl@codeB=\count335
)
\l__datatool_max_cols_int=\count336
\l__datatool_col_idx_int=\count337
\l__datatool_row_idx_int=\count338
\l__datatool_item_type_int=\count339
\l__datatool_action_column_int=\count340
\l__datatool_action_column_ii_int=\count341
\l__datatool_action_row_int=\count342
\l__datatool_action_row_ii_int=\count343
\l__datatool_action_type_int=\count344
\l__datatool_action_datum_round_int=\count345
\dtlcolumnnum=\count346
\dtlrownum=\count347
\@dtl@before=\toks31
\@dtl@after=\toks32
\@dtl@colhead=\toks33
\dtlcurrentrow=\toks34
\dtlbeforerow=\toks35
\dtlafterrow=\toks36
\l__datatool_map_data_max_cols_int=\count348
\l__datatool_map_data_edit_column_int=\count349
\dtlforeachlevel=\count350
\c@DTLrow=\count351
\c@DTLrowi=\count352
\c@DTLrowii=\count353
\c@DTLrowiii=\count354
\dtl@rowi=\count355
\dtl@rowii=\count356
\dtl@rowiii=\count357
\g__filtered_row_i_int=\count358
\g__filtered_row_ii_int=\count359
\g__filtered_row_iii_int=\count360
\@dtl@curi=\toks37
\@dtl@previ=\toks38
\@dtl@nexti=\toks39
\@dtl@curii=\toks40
\@dtl@previi=\toks41
\@dtl@nextii=\toks42
\@dtl@curiii=\toks43
\@dtl@previii=\toks44
\@dtl@nextiii=\toks45
\l_datatool_display_per_row_int=\count361
\l_datatool_display_tab_rows_int=\count362
\@dtl@toksA=\toks46
\@dtl@toksB=\toks47
\@dtl@elements=\count363
\__datatool_sort_data_sortcol_int=\count364
\__datatool_sort_data_grpcol_int=\count365
\dtl@omitlines=\count366
\l__datatool_line_int=\count367
)
(c:/texlive/2026/texmf-dist/tex/latex/psnfss/mathpazo.sty
Package: mathpazo 2020/03/25 PSNFSS-v9.3 Palatino w/ Pazo Math (D.Puga, WaS) 
\symupright=\mathgroup4
)
(c:/texlive/2026/texmf-dist/tex/latex/base/fontenc.sty
Package: fontenc 2025/07/18 v2.1d Standard LaTeX package
LaTeX Font Info:    Trying to load font information for T1+ppl on input line 11
6.

(c:/texlive/2026/texmf-dist/tex/latex/psnfss/t1ppl.fd
File: t1ppl.fd 2001/06/04 font definitions for T1/ppl.
))
(c:/texlive/2026/texmf-dist/tex/latex/base/inputenc.sty
Package: inputenc 2024/02/08 v1.3d Input encoding file
\inpenc@prehook=\toks48
\inpenc@posthook=\toks49
)
(c:/texlive/2026/texmf-dist/tex/latex/tools/multicol.sty
Package: multicol 2025/10/21 v2.0b multicolumn formatting (FMi)
\c@tracingmulticols=\count368
\mult@box=\box62
\multicol@leftmargin=\dimen172
\c@unbalance=\count369
\c@collectmore=\count370
\doublecol@number=\count371
\multicoltolerance=\count372
\multicolpretolerance=\count373
\full@width=\dimen173
\page@free=\dimen174
\premulticols=\dimen175
\postmulticols=\dimen176
\multicolsep=\skip60
\multicolbaselineskip=\skip61
\partial@page=\box63
\last@line=\box64
\mc@boxedresult=\box65
\maxbalancingoverflow=\dimen177
\mult@rightbox=\box66
\mult@grightbox=\box67
\mult@firstbox=\box68
\mult@gfirstbox=\box69
\@tempa=\box70
\@tempa=\box71
\@tempa=\box72
\@tempa=\box73
\@tempa=\box74
\@tempa=\box75
\@tempa=\box76
\@tempa=\box77
\@tempa=\box78
\@tempa=\box79
\@tempa=\box80
\@tempa=\box81
\@tempa=\box82
\@tempa=\box83
\@tempa=\box84
\@tempa=\box85
\@tempa=\box86
\@tempa=\box87
\@tempa=\box88
\@tempa=\box89
\@tempa=\box90
\@tempa=\box91
\@tempa=\box92
\@tempa=\box93
\@tempa=\box94
\@tempa=\box95
\@tempa=\box96
\@tempa=\box97
\@tempa=\box98
\@tempa=\box99
\@tempa=\box100
\@tempa=\box101
\@tempa=\box102
\@tempa=\box103
\@tempa=\box104
\@tempa=\box105
\c@minrows=\count374
\c@columnbadness=\count375
\c@finalcolumnbadness=\count376
\last@try=\dimen178
\multicolovershoot=\dimen179
\multicolundershoot=\dimen180
\mult@nat@firstbox=\box106
\colbreak@box=\box107
\mc@col@check@num=\count377
\g__mc_curr_col_int=\count378
)
(c:/texlive/2026/texmf-dist/tex/latex/paralist/paralist.sty
Package: paralist 2017/01/22 v2.7 Extended list environments
\pltopsep=\skip62
\plpartopsep=\skip63
\plitemsep=\skip64
\plparsep=\skip65
\pl@lab=\toks50
)
(c:/texlive/2026/texmf-dist/tex/latex/amsfonts/amssymb.sty
Package: amssymb 2013/01/14 v3.01 AMS font symbols

(c:/texlive/2026/texmf-dist/tex/latex/amsfonts/amsfonts.sty
Package: amsfonts 2013/01/14 v3.01 Basic AMSFonts support
\symAMSa=\mathgroup5
\symAMSb=\mathgroup6
LaTeX Font Info:    Redeclaring math symbol \hbar on input line 98.
LaTeX Font Info:    Overwriting math alphabet `\mathfrak' in version `bold'
(Font)                  U/euf/m/n --> U/euf/b/n on input line 106.
))
(c:/texlive/2026/texmf-dist/tex/latex/framed/framed.sty
Package: framed 2011/10/22 v 0.96: framed or shaded text with page breaks
\OuterFrameSep=\skip66
\fb@frw=\dimen181
\fb@frh=\dimen182
\FrameRule=\dimen183
\FrameSep=\dimen184
)
(c:/texlive/2026/texmf-dist/tex/latex/tikz-qtree/tikz-qtree.sty
(c:/texlive/2026/texmf-dist/tex/latex/pgf/frontendlayer/tikz.sty
(c:/texlive/2026/texmf-dist/tex/latex/pgf/basiclayer/pgf.sty
(c:/texlive/2026/texmf-dist/tex/latex/pgf/utilities/pgfrcs.sty
(c:/texlive/2026/texmf-dist/tex/generic/pgf/utilities/pgfutil-common.tex
\pgfutil@everybye=\toks51
\pgfutil@tempdima=\dimen185
\pgfutil@tempdimb=\dimen186
)
(c:/texlive/2026/texmf-dist/tex/generic/pgf/utilities/pgfutil-latex.def
\pgfutil@abb=\box108
)
(c:/texlive/2026/texmf-dist/tex/generic/pgf/utilities/pgfrcs.code.tex
(c:/texlive/2026/texmf-dist/tex/generic/pgf/pgf.revision.tex)
Package: pgfrcs 2025-08-29 v3.1.11a (3.1.11a)
))
Package: pgf 2025-08-29 v3.1.11a (3.1.11a)

(c:/texlive/2026/texmf-dist/tex/latex/pgf/basiclayer/pgfcore.sty
(c:/texlive/2026/texmf-dist/tex/latex/graphics/graphicx.sty
Package: graphicx 2024/12/31 v1.2e Enhanced LaTeX Graphics (DPC,SPQR)
\Gin@req@height=\dimen187
\Gin@req@width=\dimen188
)
(c:/texlive/2026/texmf-dist/tex/latex/pgf/systemlayer/pgfsys.sty
(c:/texlive/2026/texmf-dist/tex/generic/pgf/systemlayer/pgfsys.code.tex
Package: pgfsys 2025-08-29 v3.1.11a (3.1.11a)

(c:/texlive/2026/texmf-dist/tex/generic/pgf/utilities/pgfkeys.code.tex
\pgfkeys@pathtoks=\toks52
\pgfkeys@temptoks=\toks53

(c:/texlive/2026/texmf-dist/tex/generic/pgf/utilities/pgfkeyslibraryfiltered.co
de.tex
\pgfkeys@tmptoks=\toks54
))
\pgf@x=\dimen189
\pgf@y=\dimen190
\pgf@xa=\dimen191
\pgf@ya=\dimen192
\pgf@xb=\dimen193
\pgf@yb=\dimen194
\pgf@xc=\dimen195
\pgf@yc=\dimen196
\pgf@xd=\dimen197
\pgf@yd=\dimen198
\w@pgf@writea=\write3
\r@pgf@reada=\read2
\c@pgf@counta=\count379
\c@pgf@countb=\count380
\c@pgf@countc=\count381
\c@pgf@countd=\count382
\t@pgf@toka=\toks55
\t@pgf@tokb=\toks56
\t@pgf@tokc=\toks57
\pgf@sys@id@count=\count383
 (c:/texlive/2026/texmf-dist/tex/generic/pgf/systemlayer/pgf.cfg
File: pgf.cfg 2025-08-29 v3.1.11a (3.1.11a)
)
Driver file for pgf: pgfsys-pdftex.def

(c:/texlive/2026/texmf-dist/tex/generic/pgf/systemlayer/pgfsys-pdftex.def
File: pgfsys-pdftex.def 2025-08-29 v3.1.11a (3.1.11a)

(c:/texlive/2026/texmf-dist/tex/generic/pgf/systemlayer/pgfsys-common-pdf.def
File: pgfsys-common-pdf.def 2025-08-29 v3.1.11a (3.1.11a)
)))
(c:/texlive/2026/texmf-dist/tex/generic/pgf/systemlayer/pgfsyssoftpath.code.tex
File: pgfsyssoftpath.code.tex 2025-08-29 v3.1.11a (3.1.11a)
\pgfsyssoftpath@smallbuffer@items=\count384
\pgfsyssoftpath@bigbuffer@items=\count385
)
(c:/texlive/2026/texmf-dist/tex/generic/pgf/systemlayer/pgfsysprotocol.code.tex
File: pgfsysprotocol.code.tex 2025-08-29 v3.1.11a (3.1.11a)
)) (c:/texlive/2026/texmf-dist/tex/latex/xcolor/xcolor.sty
Package: xcolor 2024/09/29 v3.02 LaTeX color extensions (UK)

(c:/texlive/2026/texmf-dist/tex/latex/graphics-cfg/color.cfg
File: color.cfg 2016/01/02 v1.6 sample color configuration
)
Package xcolor Info: Driver file: pdftex.def on input line 274.

(c:/texlive/2026/texmf-dist/tex/latex/graphics/mathcolor.ltx)
Package xcolor Info: Model `cmy' substituted by `cmy0' on input line 1349.
Package xcolor Info: Model `hsb' substituted by `rgb' on input line 1353.
Package xcolor Info: Model `RGB' extended on input line 1365.
Package xcolor Info: Model `HTML' substituted by `rgb' on input line 1367.
Package xcolor Info: Model `Hsb' substituted by `hsb' on input line 1368.
Package xcolor Info: Model `tHsb' substituted by `hsb' on input line 1369.
Package xcolor Info: Model `HSB' substituted by `hsb' on input line 1370.
Package xcolor Info: Model `Gray' substituted by `gray' on input line 1371.
Package xcolor Info: Model `wave' substituted by `hsb' on input line 1372.
)
(c:/texlive/2026/texmf-dist/tex/generic/pgf/basiclayer/pgfcore.code.tex
Package: pgfcore 2025-08-29 v3.1.11a (3.1.11a)

(c:/texlive/2026/texmf-dist/tex/generic/pgf/math/pgfmath.code.tex
(c:/texlive/2026/texmf-dist/tex/generic/pgf/math/pgfmathutil.code.tex)
(c:/texlive/2026/texmf-dist/tex/generic/pgf/math/pgfmathparser.code.tex
\pgfmath@dimen=\dimen199
\pgfmath@count=\count386
\pgfmath@box=\box109
\pgfmath@toks=\toks58
\pgfmath@stack@operand=\toks59
\pgfmath@stack@operation=\toks60
)
(c:/texlive/2026/texmf-dist/tex/generic/pgf/math/pgfmathfunctions.code.tex)
(c:/texlive/2026/texmf-dist/tex/generic/pgf/math/pgfmathfunctions.basic.code.te
x)
(c:/texlive/2026/texmf-dist/tex/generic/pgf/math/pgfmathfunctions.trigonometric
.code.tex)
(c:/texlive/2026/texmf-dist/tex/generic/pgf/math/pgfmathfunctions.random.code.t
ex)
(c:/texlive/2026/texmf-dist/tex/generic/pgf/math/pgfmathfunctions.comparison.co
de.tex)
(c:/texlive/2026/texmf-dist/tex/generic/pgf/math/pgfmathfunctions.base.code.tex
)
(c:/texlive/2026/texmf-dist/tex/generic/pgf/math/pgfmathfunctions.round.code.te
x)
(c:/texlive/2026/texmf-dist/tex/generic/pgf/math/pgfmathfunctions.misc.code.tex
)
(c:/texlive/2026/texmf-dist/tex/generic/pgf/math/pgfmathfunctions.integerarithm
etics.code.tex)
(c:/texlive/2026/texmf-dist/tex/generic/pgf/math/pgfmathcalc.code.tex)
(c:/texlive/2026/texmf-dist/tex/generic/pgf/math/pgfmathfloat.code.tex
\c@pgfmathroundto@lastzeros=\count387
))
(c:/texlive/2026/texmf-dist/tex/generic/pgf/math/pgfint.code.tex)
(c:/texlive/2026/texmf-dist/tex/generic/pgf/basiclayer/pgfcorepoints.code.tex
File: pgfcorepoints.code.tex 2025-08-29 v3.1.11a (3.1.11a)
\pgf@picminx=\dimen256
\pgf@picmaxx=\dimen257
\pgf@picminy=\dimen258
\pgf@picmaxy=\dimen259
\pgf@pathminx=\dimen260
\pgf@pathmaxx=\dimen261
\pgf@pathminy=\dimen262
\pgf@pathmaxy=\dimen263
\pgf@xx=\dimen264
\pgf@xy=\dimen265
\pgf@yx=\dimen266
\pgf@yy=\dimen267
\pgf@zx=\dimen268
\pgf@zy=\dimen269
)
(c:/texlive/2026/texmf-dist/tex/generic/pgf/basiclayer/pgfcorepathconstruct.cod
e.tex
File: pgfcorepathconstruct.code.tex 2025-08-29 v3.1.11a (3.1.11a)
\pgf@path@lastx=\dimen270
\pgf@path@lasty=\dimen271
)
(c:/texlive/2026/texmf-dist/tex/generic/pgf/basiclayer/pgfcorepathusage.code.te
x
File: pgfcorepathusage.code.tex 2025-08-29 v3.1.11a (3.1.11a)
\pgf@shorten@end@additional=\dimen272
\pgf@shorten@start@additional=\dimen273
)
(c:/texlive/2026/texmf-dist/tex/generic/pgf/basiclayer/pgfcorescopes.code.tex
File: pgfcorescopes.code.tex 2025-08-29 v3.1.11a (3.1.11a)
\pgfpic=\box110
\pgf@hbox=\box111
\pgf@layerbox@main=\box112
\pgf@picture@serial@count=\count388
)
(c:/texlive/2026/texmf-dist/tex/generic/pgf/basiclayer/pgfcoregraphicstate.code
.tex
File: pgfcoregraphicstate.code.tex 2025-08-29 v3.1.11a (3.1.11a)
\pgflinewidth=\dimen274
)
(c:/texlive/2026/texmf-dist/tex/generic/pgf/basiclayer/pgfcoretransformations.c
ode.tex
File: pgfcoretransformations.code.tex 2025-08-29 v3.1.11a (3.1.11a)
\pgf@pt@x=\dimen275
\pgf@pt@y=\dimen276
\pgf@pt@temp=\dimen277
)
(c:/texlive/2026/texmf-dist/tex/generic/pgf/basiclayer/pgfcorequick.code.tex
File: pgfcorequick.code.tex 2025-08-29 v3.1.11a (3.1.11a)
)
(c:/texlive/2026/texmf-dist/tex/generic/pgf/basiclayer/pgfcoreobjects.code.tex
File: pgfcoreobjects.code.tex 2025-08-29 v3.1.11a (3.1.11a)
)
(c:/texlive/2026/texmf-dist/tex/generic/pgf/basiclayer/pgfcorepathprocessing.co
de.tex
File: pgfcorepathprocessing.code.tex 2025-08-29 v3.1.11a (3.1.11a)
)
(c:/texlive/2026/texmf-dist/tex/generic/pgf/basiclayer/pgfcorearrows.code.tex
File: pgfcorearrows.code.tex 2025-08-29 v3.1.11a (3.1.11a)
\pgfarrowsep=\dimen278
)
(c:/texlive/2026/texmf-dist/tex/generic/pgf/basiclayer/pgfcoreshade.code.tex
File: pgfcoreshade.code.tex 2025-08-29 v3.1.11a (3.1.11a)
\pgf@max=\dimen279
\pgf@sys@shading@range@num=\count389
\pgf@shadingcount=\count390
)
(c:/texlive/2026/texmf-dist/tex/generic/pgf/basiclayer/pgfcoreimage.code.tex
File: pgfcoreimage.code.tex 2025-08-29 v3.1.11a (3.1.11a)
)
(c:/texlive/2026/texmf-dist/tex/generic/pgf/basiclayer/pgfcoreexternal.code.tex
File: pgfcoreexternal.code.tex 2025-08-29 v3.1.11a (3.1.11a)
\pgfexternal@startupbox=\box113
) (c:/texlive/2026/texmf-dist/tex/generic/pgf/basiclayer/pgfcorelayers.code.tex
File: pgfcorelayers.code.tex 2025-08-29 v3.1.11a (3.1.11a)
)
(c:/texlive/2026/texmf-dist/tex/generic/pgf/basiclayer/pgfcoretransparency.code
.tex
File: pgfcoretransparency.code.tex 2025-08-29 v3.1.11a (3.1.11a)
)
(c:/texlive/2026/texmf-dist/tex/generic/pgf/basiclayer/pgfcorepatterns.code.tex
File: pgfcorepatterns.code.tex 2025-08-29 v3.1.11a (3.1.11a)
) (c:/texlive/2026/texmf-dist/tex/generic/pgf/basiclayer/pgfcorerdf.code.tex
File: pgfcorerdf.code.tex 2025-08-29 v3.1.11a (3.1.11a)
))) (c:/texlive/2026/texmf-dist/tex/generic/pgf/modules/pgfmoduleshapes.code.te
x
File: pgfmoduleshapes.code.tex 2025-08-29 v3.1.11a (3.1.11a)
\pgfnodeparttextbox=\box114
)
(c:/texlive/2026/texmf-dist/tex/generic/pgf/modules/pgfmoduleplot.code.tex
File: pgfmoduleplot.code.tex 2025-08-29 v3.1.11a (3.1.11a)
)
(c:/texlive/2026/texmf-dist/tex/latex/pgf/compatibility/pgfcomp-version-0-65.st
y
Package: pgfcomp-version-0-65 2025-08-29 v3.1.11a (3.1.11a)
\pgf@nodesepstart=\dimen280
\pgf@nodesepend=\dimen281
)
(c:/texlive/2026/texmf-dist/tex/latex/pgf/compatibility/pgfcomp-version-1-18.st
y
Package: pgfcomp-version-1-18 2025-08-29 v3.1.11a (3.1.11a)
)) (c:/texlive/2026/texmf-dist/tex/latex/pgf/utilities/pgffor.sty
(c:/texlive/2026/texmf-dist/tex/latex/pgf/utilities/pgfkeys.sty
(c:/texlive/2026/texmf-dist/tex/generic/pgf/utilities/pgfkeys.code.tex))
(c:/texlive/2026/texmf-dist/tex/latex/pgf/math/pgfmath.sty
(c:/texlive/2026/texmf-dist/tex/generic/pgf/math/pgfmath.code.tex))
(c:/texlive/2026/texmf-dist/tex/generic/pgf/utilities/pgffor.code.tex
Package: pgffor 2025-08-29 v3.1.11a (3.1.11a)
\pgffor@iter=\dimen282
\pgffor@skip=\dimen283
\pgffor@stack=\toks61
\pgffor@toks=\toks62
))
(c:/texlive/2026/texmf-dist/tex/generic/pgf/frontendlayer/tikz/tikz.code.tex
Package: tikz 2025-08-29 v3.1.11a (3.1.11a)

(c:/texlive/2026/texmf-dist/tex/generic/pgf/libraries/pgflibraryplothandlers.co
de.tex
File: pgflibraryplothandlers.code.tex 2025-08-29 v3.1.11a (3.1.11a)
\pgf@plot@mark@count=\count391
\pgfplotmarksize=\dimen284
)
\tikz@lastx=\dimen285
\tikz@lasty=\dimen286
\tikz@lastxsaved=\dimen287
\tikz@lastysaved=\dimen288
\tikz@lastmovetox=\dimen289
\tikz@lastmovetoy=\dimen290
\tikzleveldistance=\dimen291
\tikzsiblingdistance=\dimen292
\tikz@figbox=\box115
\tikz@figbox@bg=\box116
\tikz@tempbox=\box117
\tikz@tempbox@bg=\box118
\tikztreelevel=\count392
\tikznumberofchildren=\count393
\tikznumberofcurrentchild=\count394
\tikz@fig@count=\count395

(c:/texlive/2026/texmf-dist/tex/generic/pgf/modules/pgfmodulematrix.code.tex
File: pgfmodulematrix.code.tex 2025-08-29 v3.1.11a (3.1.11a)
\pgfmatrixcurrentrow=\count396
\pgfmatrixcurrentcolumn=\count397
\pgf@matrix@numberofcolumns=\count398
)
\tikz@expandcount=\count399

(c:/texlive/2026/texmf-dist/tex/generic/pgf/frontendlayer/tikz/libraries/tikzli
brarytopaths.code.tex
File: tikzlibrarytopaths.code.tex 2025-08-29 v3.1.11a (3.1.11a)
)))
(c:/texlive/2026/texmf-dist/tex/latex/tikz-qtree/pgftree.sty
(c:/texlive/2026/texmf-dist/tex/latex/tikz-qtree/pgfsubpic.sty
(c:/texlive/2026/texmf-dist/tex/latex/tikz-qtree/pgfsubpic.tex
\pgf@subpicminx=\dimen293
\pgf@subpicminy=\dimen294
\pgf@subpicmaxx=\dimen295
\pgf@subpicmaxy=\dimen296
))
(c:/texlive/2026/texmf-dist/tex/latex/tikz-qtree/pgftree.tex
\levelsep=\dimen297
\subtreesep=\dimen298
\smuggle@levelsep=\dimen299
\smuggle@subtreesep=\dimen300
\this@levelsep=\dimen301
\this@subtreesep=\dimen302
\pgftree@childx=\dimen303
\pgftree@savechildx=\dimen304
\pgftree@childy=\dimen305
\pgftree@savechildy=\dimen306
\pgftree@childi=\count400
\pgftree@savechildi=\count401
\pgftree@level=\count402
\pgftree@depth=\dimen307
\pgf@subpic@hbox@children=\box119
\pgf@subpic@minx@children=\dimen308
\pgf@subpic@miny@children=\dimen309
\pgf@subpic@maxx@children=\dimen310
\pgf@subpic@maxy@children=\dimen311
\pgftree@lastchildx=\dimen312
\pgftree@lastchildy=\dimen313
))
(c:/texlive/2026/texmf-dist/tex/latex/tikz-qtree/tikz-qtree.tex
\@result=\toks63
\child@list=\toks64
\root@node=\toks65
))
(c:/texlive/2026/texmf-dist/tex/latex/bigfoot/perpage.sty
Package: perpage 2014/10/25 2.0 Reset/sort counters per page
\c@abspage=\count403
)
\c@pp@a@footnote=\count404

(c:/texlive/2026/texmf-dist/tex/latex/tools/array.sty
Package: array 2025/09/25 v2.6n Tabular extension package (FMi)
\col@sep=\dimen314
\ar@mcellbox=\box120
\extrarowheight=\dimen315
\NC@list=\toks66
\extratabsurround=\skip67
\backup@length=\skip68
\ar@cellbox=\box121
)
(c:/texlive/2026/texmf-dist/tex/latex/float/float.sty
Package: float 2001/11/08 v1.3d Float enhancements (AL)
\c@float@type=\count405
\float@exts=\toks67
\float@box=\box122
\@float@everytoks=\toks68
\@floatcapt=\box123
)
(c:/texlive/2026/texmf-dist/tex/latex/phonetic/phonetic.sty
\temp=\dimen316
)
(c:/texlive/2026/texmf-dist/tex/generic/babel/babel.sty
Package: babel 2026/05/03 v26.7 The multilingual framework for LuaLaTeX, pdfLaT
eX and XeLaTeX
\babel@savecnt=\count406
LaTeX Encoding Info:    Redeclaring text command \ij (encoding OT1) on input li
ne 2080.
LaTeX Encoding Info:    Redeclaring text command \IJ (encoding OT1) on input li
ne 2082.
LaTeX Encoding Info:    Redeclaring text command \ij (encoding T1) on input lin
e 2084.
LaTeX Encoding Info:    Redeclaring text command \IJ (encoding T1) on input lin
e 2085.
LaTeX Encoding Info:    Ignoring declaration for text command \ij (encoding ?) 
on input line 2086.
LaTeX Encoding Info:    Ignoring declaration for text command \IJ (encoding ?) 
on input line 2088.
LaTeX Encoding Info:    Ignoring declaration for text command \SS (encoding ?) 
on input line 2113.
\U@D=\dimen317
\l@unhyphenated=\language91

(c:/texlive/2026/texmf-dist/tex/generic/babel/txtbabel.def)
\bbl@readstream=\read3
\bbl@dirlevel=\count407

(c:/texlive/2026/texmf-dist/tex/generic/babel/locale/el/babel-greek.tex)
(c:/texlive/2026/texmf-dist/tex/generic/babel/locale/en/babel-english.tex)
Package babel Info: Importing font and identification data for greek
(babel)             from babel-el.ini. Reported on input line 4348.

(c:/texlive/2026/texmf-dist/tex/generic/babel-greek/greek.ldf
Language: greek 2023/10/13 1.15 Greek support for the babel system
\bbl@monogreek=\count408
\bbl@polygreek=\count409
\bbl@ancientgreek=\count410

(c:/texlive/2026/texmf-dist/tex/latex/greek-fontenc/lgrenc.def
File: lgrenc.def 2023-09-12 2.5 LGR Greek font encoding definitions
Now handling font encoding LGR ...
... processing UTF-8 mapping file for font encoding LGR

(c:/texlive/2026/texmf-dist/tex/latex/greek-inputenc/lgrenc.dfu
File: lgrenc.dfu 2023-03-21 1.9 UTF-8 support for Greek
   defining Unicode char U+00A8 (decimal 168)
   defining Unicode char U+00AB (decimal 171)
   defining Unicode char U+00AF (decimal 175)
   defining Unicode char U+00B4 (decimal 180)
   defining Unicode char U+00B7 (decimal 183)
   defining Unicode char U+00BB (decimal 187)
   defining Unicode char U+0259 (decimal 601)
   defining Unicode char U+02D8 (decimal 728)
   defining Unicode char U+0374 (decimal 884)
   defining Unicode char U+0375 (decimal 885)
   defining Unicode char U+037A (decimal 890)
   defining Unicode char U+037E (decimal 894)
   defining Unicode char U+0384 (decimal 900)
   defining Unicode char U+0385 (decimal 901)
   defining Unicode char U+0386 (decimal 902)
   defining Unicode char U+0387 (decimal 903)
   defining Unicode char U+0388 (decimal 904)
   defining Unicode char U+0389 (decimal 905)
   defining Unicode char U+038A (decimal 906)
   defining Unicode char U+038C (decimal 908)
   defining Unicode char U+038E (decimal 910)
   defining Unicode char U+038F (decimal 911)
   defining Unicode char U+0390 (decimal 912)
   defining Unicode char U+0391 (decimal 913)
   defining Unicode char U+0392 (decimal 914)
   defining Unicode char U+0393 (decimal 915)
   defining Unicode char U+0394 (decimal 916)
   defining Unicode char U+0395 (decimal 917)
   defining Unicode char U+0396 (decimal 918)
   defining Unicode char U+0397 (decimal 919)
   defining Unicode char U+0398 (decimal 920)
   defining Unicode char U+0399 (decimal 921)
   defining Unicode char U+039A (decimal 922)
   defining Unicode char U+039B (decimal 923)
   defining Unicode char U+039C (decimal 924)
   defining Unicode char U+039D (decimal 925)
   defining Unicode char U+039E (decimal 926)
   defining Unicode char U+039F (decimal 927)
   defining Unicode char U+03A0 (decimal 928)
   defining Unicode char U+03A1 (decimal 929)
   defining Unicode char U+03A3 (decimal 931)
   defining Unicode char U+03A4 (decimal 932)
   defining Unicode char U+03A5 (decimal 933)
   defining Unicode char U+03A6 (decimal 934)
   defining Unicode char U+03A7 (decimal 935)
   defining Unicode char U+03A8 (decimal 936)
   defining Unicode char U+03A9 (decimal 937)
   defining Unicode char U+03AA (decimal 938)
   defining Unicode char U+03AB (decimal 939)
   defining Unicode char U+03AC (decimal 940)
   defining Unicode char U+03AD (decimal 941)
   defining Unicode char U+03AE (decimal 942)
   defining Unicode char U+03AF (decimal 943)
   defining Unicode char U+03B0 (decimal 944)
   defining Unicode char U+03B1 (decimal 945)
   defining Unicode char U+03B2 (decimal 946)
   defining Unicode char U+03B3 (decimal 947)
   defining Unicode char U+03B4 (decimal 948)
   defining Unicode char U+03B5 (decimal 949)
   defining Unicode char U+03B6 (decimal 950)
   defining Unicode char U+03B7 (decimal 951)
   defining Unicode char U+03B8 (decimal 952)
   defining Unicode char U+03B9 (decimal 953)
   defining Unicode char U+03BA (decimal 954)
   defining Unicode char U+03BB (decimal 955)
   defining Unicode char U+03BC (decimal 956)
   defining Unicode char U+03BD (decimal 957)
   defining Unicode char U+03BE (decimal 958)
   defining Unicode char U+03BF (decimal 959)
   defining Unicode char U+03C0 (decimal 960)
   defining Unicode char U+03C1 (decimal 961)
   defining Unicode char U+03C2 (decimal 962)
   defining Unicode char U+03C3 (decimal 963)
   defining Unicode char U+03C4 (decimal 964)
   defining Unicode char U+03C5 (decimal 965)
   defining Unicode char U+03C6 (decimal 966)
   defining Unicode char U+03C7 (decimal 967)
   defining Unicode char U+03C8 (decimal 968)
   defining Unicode char U+03C9 (decimal 969)
   defining Unicode char U+03CA (decimal 970)
   defining Unicode char U+03CB (decimal 971)
   defining Unicode char U+03CC (decimal 972)
   defining Unicode char U+03CD (decimal 973)
   defining Unicode char U+03CE (decimal 974)
   defining Unicode char U+03D0 (decimal 976)
   defining Unicode char U+03D1 (decimal 977)
   defining Unicode char U+03D5 (decimal 981)
   defining Unicode char U+03D6 (decimal 982)
   defining Unicode char U+03D8 (decimal 984)
   defining Unicode char U+03D9 (decimal 985)
   defining Unicode char U+03DA (decimal 986)
   defining Unicode char U+03DB (decimal 987)
   defining Unicode char U+03DC (decimal 988)
   defining Unicode char U+03DD (decimal 989)
   defining Unicode char U+03DE (decimal 990)
   defining Unicode char U+03DF (decimal 991)
   defining Unicode char U+03E0 (decimal 992)
   defining Unicode char U+03E1 (decimal 993)
   defining Unicode char U+03F0 (decimal 1008)
   defining Unicode char U+03F1 (decimal 1009)
   defining Unicode char U+03F4 (decimal 1012)
   defining Unicode char U+03F5 (decimal 1013)
   defining Unicode char U+1F00 (decimal 7936)
   defining Unicode char U+1F01 (decimal 7937)
   defining Unicode char U+1F02 (decimal 7938)
   defining Unicode char U+1F03 (decimal 7939)
   defining Unicode char U+1F04 (decimal 7940)
   defining Unicode char U+1F05 (decimal 7941)
   defining Unicode char U+1F06 (decimal 7942)
   defining Unicode char U+1F07 (decimal 7943)
   defining Unicode char U+1F08 (decimal 7944)
   defining Unicode char U+1F09 (decimal 7945)
   defining Unicode char U+1F0A (decimal 7946)
   defining Unicode char U+1F0B (decimal 7947)
   defining Unicode char U+1F0C (decimal 7948)
   defining Unicode char U+1F0D (decimal 7949)
   defining Unicode char U+1F0E (decimal 7950)
   defining Unicode char U+1F0F (decimal 7951)
   defining Unicode char U+1F10 (decimal 7952)
   defining Unicode char U+1F11 (decimal 7953)
   defining Unicode char U+1F12 (decimal 7954)
   defining Unicode char U+1F13 (decimal 7955)
   defining Unicode char U+1F14 (decimal 7956)
   defining Unicode char U+1F15 (decimal 7957)
   defining Unicode char U+1F18 (decimal 7960)
   defining Unicode char U+1F19 (decimal 7961)
   defining Unicode char U+1F1A (decimal 7962)
   defining Unicode char U+1F1B (decimal 7963)
   defining Unicode char U+1F1C (decimal 7964)
   defining Unicode char U+1F1D (decimal 7965)
   defining Unicode char U+1F20 (decimal 7968)
   defining Unicode char U+1F21 (decimal 7969)
   defining Unicode char U+1F22 (decimal 7970)
   defining Unicode char U+1F23 (decimal 7971)
   defining Unicode char U+1F24 (decimal 7972)
   defining Unicode char U+1F25 (decimal 7973)
   defining Unicode char U+1F26 (decimal 7974)
   defining Unicode char U+1F27 (decimal 7975)
   defining Unicode char U+1F28 (decimal 7976)
   defining Unicode char U+1F29 (decimal 7977)
   defining Unicode char U+1F2A (decimal 7978)
   defining Unicode char U+1F2B (decimal 7979)
   defining Unicode char U+1F2C (decimal 7980)
   defining Unicode char U+1F2D (decimal 7981)
   defining Unicode char U+1F2E (decimal 7982)
   defining Unicode char U+1F2F (decimal 7983)
   defining Unicode char U+1F30 (decimal 7984)
   defining Unicode char U+1F31 (decimal 7985)
   defining Unicode char U+1F32 (decimal 7986)
   defining Unicode char U+1F33 (decimal 7987)
   defining Unicode char U+1F34 (decimal 7988)
   defining Unicode char U+1F35 (decimal 7989)
   defining Unicode char U+1F36 (decimal 7990)
   defining Unicode char U+1F37 (decimal 7991)
   defining Unicode char U+1F38 (decimal 7992)
   defining Unicode char U+1F39 (decimal 7993)
   defining Unicode char U+1F3A (decimal 7994)
   defining Unicode char U+1F3B (decimal 7995)
   defining Unicode char U+1F3C (decimal 7996)
   defining Unicode char U+1F3D (decimal 7997)
   defining Unicode char U+1F3E (decimal 7998)
   defining Unicode char U+1F3F (decimal 7999)
   defining Unicode char U+1F40 (decimal 8000)
   defining Unicode char U+1F41 (decimal 8001)
   defining Unicode char U+1F42 (decimal 8002)
   defining Unicode char U+1F43 (decimal 8003)
   defining Unicode char U+1F44 (decimal 8004)
   defining Unicode char U+1F45 (decimal 8005)
   defining Unicode char U+1F48 (decimal 8008)
   defining Unicode char U+1F49 (decimal 8009)
   defining Unicode char U+1F4A (decimal 8010)
   defining Unicode char U+1F4B (decimal 8011)
   defining Unicode char U+1F4C (decimal 8012)
   defining Unicode char U+1F4D (decimal 8013)
   defining Unicode char U+1F50 (decimal 8016)
   defining Unicode char U+1F51 (decimal 8017)
   defining Unicode char U+1F52 (decimal 8018)
   defining Unicode char U+1F53 (decimal 8019)
   defining Unicode char U+1F54 (decimal 8020)
   defining Unicode char U+1F55 (decimal 8021)
   defining Unicode char U+1F56 (decimal 8022)
   defining Unicode char U+1F57 (decimal 8023)
   defining Unicode char U+1F59 (decimal 8025)
   defining Unicode char U+1F5B (decimal 8027)
   defining Unicode char U+1F5D (decimal 8029)
   defining Unicode char U+1F5F (decimal 8031)
   defining Unicode char U+1F60 (decimal 8032)
   defining Unicode char U+1F61 (decimal 8033)
   defining Unicode char U+1F62 (decimal 8034)
   defining Unicode char U+1F63 (decimal 8035)
   defining Unicode char U+1F64 (decimal 8036)
   defining Unicode char U+1F65 (decimal 8037)
   defining Unicode char U+1F66 (decimal 8038)
   defining Unicode char U+1F67 (decimal 8039)
   defining Unicode char U+1F68 (decimal 8040)
   defining Unicode char U+1F69 (decimal 8041)
   defining Unicode char U+1F6A (decimal 8042)
   defining Unicode char U+1F6B (decimal 8043)
   defining Unicode char U+1F6C (decimal 8044)
   defining Unicode char U+1F6D (decimal 8045)
   defining Unicode char U+1F6E (decimal 8046)
   defining Unicode char U+1F6F (decimal 8047)
   defining Unicode char U+1F70 (decimal 8048)
   defining Unicode char U+1F71 (decimal 8049)
   defining Unicode char U+1F72 (decimal 8050)
   defining Unicode char U+1F73 (decimal 8051)
   defining Unicode char U+1F74 (decimal 8052)
   defining Unicode char U+1F75 (decimal 8053)
   defining Unicode char U+1F76 (decimal 8054)
   defining Unicode char U+1F77 (decimal 8055)
   defining Unicode char U+1F78 (decimal 8056)
   defining Unicode char U+1F79 (decimal 8057)
   defining Unicode char U+1F7A (decimal 8058)
   defining Unicode char U+1F7B (decimal 8059)
   defining Unicode char U+1F7C (decimal 8060)
   defining Unicode char U+1F7D (decimal 8061)
   defining Unicode char U+1F80 (decimal 8064)
   defining Unicode char U+1F81 (decimal 8065)
   defining Unicode char U+1F82 (decimal 8066)
   defining Unicode char U+1F83 (decimal 8067)
   defining Unicode char U+1F84 (decimal 8068)
   defining Unicode char U+1F85 (decimal 8069)
   defining Unicode char U+1F86 (decimal 8070)
   defining Unicode char U+1F87 (decimal 8071)
   defining Unicode char U+1F88 (decimal 8072)
   defining Unicode char U+1F89 (decimal 8073)
   defining Unicode char U+1F8A (decimal 8074)
   defining Unicode char U+1F8B (decimal 8075)
   defining Unicode char U+1F8C (decimal 8076)
   defining Unicode char U+1F8D (decimal 8077)
   defining Unicode char U+1F8E (decimal 8078)
   defining Unicode char U+1F8F (decimal 8079)
   defining Unicode char U+1F90 (decimal 8080)
   defining Unicode char U+1F91 (decimal 8081)
   defining Unicode char U+1F92 (decimal 8082)
   defining Unicode char U+1F93 (decimal 8083)
   defining Unicode char U+1F94 (decimal 8084)
   defining Unicode char U+1F95 (decimal 8085)
   defining Unicode char U+1F96 (decimal 8086)
   defining Unicode char U+1F97 (decimal 8087)
   defining Unicode char U+1F98 (decimal 8088)
   defining Unicode char U+1F99 (decimal 8089)
   defining Unicode char U+1F9A (decimal 8090)
   defining Unicode char U+1F9B (decimal 8091)
   defining Unicode char U+1F9C (decimal 8092)
   defining Unicode char U+1F9D (decimal 8093)
   defining Unicode char U+1F9E (decimal 8094)
   defining Unicode char U+1F9F (decimal 8095)
   defining Unicode char U+1FA0 (decimal 8096)
   defining Unicode char U+1FA1 (decimal 8097)
   defining Unicode char U+1FA2 (decimal 8098)
   defining Unicode char U+1FA3 (decimal 8099)
   defining Unicode char U+1FA4 (decimal 8100)
   defining Unicode char U+1FA5 (decimal 8101)
   defining Unicode char U+1FA6 (decimal 8102)
   defining Unicode char U+1FA7 (decimal 8103)
   defining Unicode char U+1FA8 (decimal 8104)
   defining Unicode char U+1FA9 (decimal 8105)
   defining Unicode char U+1FAA (decimal 8106)
   defining Unicode char U+1FAB (decimal 8107)
   defining Unicode char U+1FAC (decimal 8108)
   defining Unicode char U+1FAD (decimal 8109)
   defining Unicode char U+1FAE (decimal 8110)
   defining Unicode char U+1FAF (decimal 8111)
   defining Unicode char U+1FB0 (decimal 8112)
   defining Unicode char U+1FB1 (decimal 8113)
   defining Unicode char U+1FB2 (decimal 8114)
   defining Unicode char U+1FB3 (decimal 8115)
   defining Unicode char U+1FB4 (decimal 8116)
   defining Unicode char U+1FB6 (decimal 8118)
   defining Unicode char U+1FB7 (decimal 8119)
   defining Unicode char U+1FB8 (decimal 8120)
   defining Unicode char U+1FB9 (decimal 8121)
   defining Unicode char U+1FBA (decimal 8122)
   defining Unicode char U+1FBB (decimal 8123)
   defining Unicode char U+1FBC (decimal 8124)
   defining Unicode char U+1FBD (decimal 8125)
   defining Unicode char U+1FBE (decimal 8126)
   defining Unicode char U+1FBF (decimal 8127)
   defining Unicode char U+1FC0 (decimal 8128)
   defining Unicode char U+1FC1 (decimal 8129)
   defining Unicode char U+1FC2 (decimal 8130)
   defining Unicode char U+1FC3 (decimal 8131)
   defining Unicode char U+1FC4 (decimal 8132)
   defining Unicode char U+1FC6 (decimal 8134)
   defining Unicode char U+1FC7 (decimal 8135)
   defining Unicode char U+1FC8 (decimal 8136)
   defining Unicode char U+1FC9 (decimal 8137)
   defining Unicode char U+1FCA (decimal 8138)
   defining Unicode char U+1FCB (decimal 8139)
   defining Unicode char U+1FCC (decimal 8140)
   defining Unicode char U+1FCD (decimal 8141)
   defining Unicode char U+1FCE (decimal 8142)
   defining Unicode char U+1FCF (decimal 8143)
   defining Unicode char U+1FD0 (decimal 8144)
   defining Unicode char U+1FD1 (decimal 8145)
   defining Unicode char U+1FD2 (decimal 8146)
   defining Unicode char U+1FD3 (decimal 8147)
   defining Unicode char U+1FD6 (decimal 8150)
   defining Unicode char U+1FD7 (decimal 8151)
   defining Unicode char U+1FD8 (decimal 8152)
   defining Unicode char U+1FD9 (decimal 8153)
   defining Unicode char U+1FDA (decimal 8154)
   defining Unicode char U+1FDB (decimal 8155)
   defining Unicode char U+1FDD (decimal 8157)
   defining Unicode char U+1FDE (decimal 8158)
   defining Unicode char U+1FDF (decimal 8159)
   defining Unicode char U+1FE0 (decimal 8160)
   defining Unicode char U+1FE1 (decimal 8161)
   defining Unicode char U+1FE2 (decimal 8162)
   defining Unicode char U+1FE3 (decimal 8163)
   defining Unicode char U+1FE4 (decimal 8164)
   defining Unicode char U+1FE5 (decimal 8165)
   defining Unicode char U+1FE6 (decimal 8166)
   defining Unicode char U+1FE7 (decimal 8167)
   defining Unicode char U+1FE8 (decimal 8168)
   defining Unicode char U+1FE9 (decimal 8169)
   defining Unicode char U+1FEA (decimal 8170)
   defining Unicode char U+1FEB (decimal 8171)
   defining Unicode char U+1FEC (decimal 8172)
   defining Unicode char U+1FED (decimal 8173)
   defining Unicode char U+1FEE (decimal 8174)
   defining Unicode char U+1FEF (decimal 8175)
   defining Unicode char U+1FF2 (decimal 8178)
   defining Unicode char U+1FF3 (decimal 8179)
   defining Unicode char U+1FF4 (decimal 8180)
   defining Unicode char U+1FF6 (decimal 8182)
   defining Unicode char U+1FF7 (decimal 8183)
   defining Unicode char U+1FF8 (decimal 8184)
   defining Unicode char U+1FF9 (decimal 8185)
   defining Unicode char U+1FFA (decimal 8186)
   defining Unicode char U+1FFB (decimal 8187)
   defining Unicode char U+1FFC (decimal 8188)
   defining Unicode char U+1FFD (decimal 8189)
   defining Unicode char U+1FFE (decimal 8190)
   defining Unicode char U+2013 (decimal 8211)
   defining Unicode char U+2014 (decimal 8212)
   defining Unicode char U+2018 (decimal 8216)
   defining Unicode char U+2019 (decimal 8217)
   defining Unicode char U+201A (decimal 8218)
   defining Unicode char U+2030 (decimal 8240)
   defining Unicode char U+2039 (decimal 8249)
   defining Unicode char U+203A (decimal 8250)
   defining Unicode char U+20AC (decimal 8364)
   defining Unicode char U+2126 (decimal 8486)
   defining Unicode char U+10144 (decimal 65860)
   defining Unicode char U+10145 (decimal 65861)
   defining Unicode char U+10146 (decimal 65862)
   defining Unicode char U+10147 (decimal 65863)
)
(c:/texlive/2026/texmf-dist/tex/latex/greek-fontenc/greek-fontenc.def
File: greek-fontenc.def 2023-09-12 2.5 Common Greek font encoding definitions
LaTeX Encoding Info:    Ignoring declaration for text command \accACUTE (encodi
ng LGR) on input line 251.
LaTeX Encoding Info:    Ignoring declaration for text command \accGRAVE (encodi
ng LGR) on input line 259.
LaTeX Encoding Info:    Ignoring declaration for text command \accTILDE (encodi
ng LGR) on input line 267.
))
LaTeX Encoding Info:    Ignoring declaration for text command \textmugreek (enc
oding LGR) on input line 638.
)
Package babel Info: Importing font and identification data for english
(babel)             from babel-en.ini. Reported on input line 4348.

(c:/texlive/2026/texmf-dist/tex/generic/babel-english/english.ldf
Language: english 2017/06/06 v3.3r English support from the babel system
Package babel Info: Hyphen rules for 'canadian' set to \l@english
(babel)             (\language0). Reported on input line 102.
Package babel Info: Hyphen rules for 'australian' set to \l@ukenglish
(babel)             (\language22). Reported on input line 105.
Package babel Info: Hyphen rules for 'newzealand' set to \l@ukenglish
(babel)             (\language22). Reported on input line 108.
))
(c:/texlive/2026/texmf-dist/tex/latex/cbcoptic/coptic.sty
Package: coptic 2010/01/09 v.0.2 Claudio Beccari

(c:/texlive/2026/texmf-dist/tex/latex/cbcoptic/lcopcoptic.fd
File: lcopcoptic.fd 2004/08/03 local Coptic font definitions
Now handling font encoding LCOP ...
... no UTF-8 mapping file for font encoding LCOP
)
(c:/texlive/2026/texmf-dist/tex/latex/base/textcomp.sty
Package: textcomp 2024/04/24 v2.1b Standard LaTeX package
))
(c:/texlive/2026/texmf-dist/tex/latex/cjhebrew/cjhebrew.sty
Package: cjhebrew 2017/03/06 v. 0.2a cjhebrew Hebrew Typesetting System

(c:/texlive/2026/texmf-dist/tex/generic/iftex/ifluatex.sty
Package: ifluatex 2019/10/25 v1.5 ifluatex legacy package. Use iftex instead.
))
(c:/texlive/2026/texmf-dist/tex/latex/aramaic-serto/serto.sty
Document Style `serto.sty' <15th December 2020>.
(c:/texlive/2026/texmf-dist/tex/latex/aramaic-serto/syriac.sty) Using NFSS2)
(c:/texlive/2026/texmf-dist/tex/latex/jknapltx/semtrans.sty
Package: semtrans 1998/02/10 v 1.0 specials for transliterated semitic language
s (jk)
LaTeX Font Info:    Redeclaring math symbol \lhook on input line 26.
LaTeX Font Info:    Redeclaring math symbol \rhook on input line 27.
)
(c:/texlive/2026/texmf-dist/tex/latex/psnfss/pifont.sty
Package: pifont 2020/03/25 PSNFSS-v9.3 Pi font support (SPQR) 
LaTeX Font Info:    Trying to load font information for U+pzd on input line 63.


(c:/texlive/2026/texmf-dist/tex/latex/psnfss/upzd.fd
File: upzd.fd 2001/06/04 font definitions for U/pzd.
)
LaTeX Font Info:    Trying to load font information for U+psy on input line 64.


(c:/texlive/2026/texmf-dist/tex/latex/psnfss/upsy.fd
File: upsy.fd 2001/06/04 font definitions for U/psy.
))
(c:/texlive/2026/texmf-dist/tex/generic/ulem/ulem.sty
\UL@box=\box124
\UL@hyphenbox=\box125
\UL@skip=\skip69
\UL@hook=\toks69
\UL@height=\dimen318
\UL@pe=\count411
\UL@pixel=\dimen319
\ULC@box=\box126
Package: ulem 2019/11/18
\ULdepth=\dimen320
)
(c:/texlive/2026/texmf-dist/tex/generic/soul/soul.sty
Package: soul 2026-03-06 v3.2 Permit use of UTF-8 characters in soul (HO)

(c:/texlive/2026/texmf-dist/tex/generic/soul/soul-ori.sty
Package: soul-ori 2026-03-06 v3.2 letterspacing/underlining (mf)
\SOUL@word=\toks70
\SOUL@lasttoken=\toks71
\SOUL@syllable=\toks72
\SOUL@cmds=\toks73
\SOUL@buffer=\toks74
\SOUL@token=\toks75
\SOUL@syllgoal=\dimen321
\SOUL@syllwidth=\dimen322
\SOUL@charkern=\dimen323
\SOUL@hyphkern=\dimen324
\SOUL@dimen=\dimen325
\SOUL@dimeni=\dimen326
\SOUL@minus=\count412
\SOUL@comma=\count413
\SOUL@apo=\count414
\SOUL@grave=\count415
\SOUL@spaceskip=\skip70
\SOUL@ttwidth=\dimen327
\SOUL@uldp=\dimen328
\SOUL@ulht=\dimen329
)
(c:/texlive/2026/texmf-dist/tex/generic/infwarerr/infwarerr.sty
Package: infwarerr 2019/12/03 v1.5 Providing info/warning/error messages (HO)
)
(c:/texlive/2026/texmf-dist/tex/generic/etexcmds/etexcmds.sty
Package: etexcmds 2019/12/15 v1.7 Avoid name clashes with e-TeX commands (HO)
))
(c:/texlive/2026/texmf-dist/tex/latex/verse/verse.sty
Package: verse 2014/05/10 v2.4b verse typesetting
\c@vslineno=\count416
\c@poemline=\count417
\c@fvsline=\count418
\c@modulo@vs=\count419
\c@verse@envctr=\count420
\versewidth=\skip71
\vgap=\skip72
\vindent=\skip73
\stanzaskip=\skip74
\vleftskip=\skip75
\vrightskip=\skip76
\c@chrsinstr=\count421
\beforepoemtitleskip=\skip77
\afterpoemtitleskip=\skip78
)
(c:/texlive/2026/texmf-dist/tex/latex/titlesec/titlesec.sty
Package: titlesec 2025/01/04 v2.17 Sectioning titles
\ttl@box=\box127
\beforetitleunit=\skip79
\aftertitleunit=\skip80
\ttl@plus=\dimen330
\ttl@minus=\dimen331
\ttl@toksa=\toks76
\titlewidth=\dimen332
\titlewidthlast=\dimen333
\titlewidthfirst=\dimen334
)
(c:/texlive/2026/texmf-dist/tex/latex/titlesec/titletoc.sty
Package: titletoc 2025/01/04 v2.17 TOC entries
\ttl@leftsep=\dimen335
)
(c:/texlive/2026/texmf-dist/tex/latex/footmisc/footmisc.sty
Package: footmisc 2025/05/09 v7.0b a miscellany of footnote facilities
\FN@temptoken=\toks77
\footnotemargin=\dimen336
Package footmisc Info: Declaring symbol style bringhurst on input line 549.
Package footmisc Info: Declaring symbol style chicago on input line 557.
Package footmisc Info: Declaring symbol style wiley on input line 566.
Package footmisc Info: Declaring symbol style lamport-robust on input line 577.

Package footmisc Info: Declaring symbol style lamport* on input line 597.
Package footmisc Info: Declaring symbol style lamport*-robust on input line 618
.
)
(c:/texlive/2026/texmf-dist/tex/latex/graphics/dvipsnam.def
File: dvipsnam.def 2016/06/17 v3.0m Driver-dependent file (DPC,SPQR)
)
(c:/texlive/2026/texmf-dist/tex/latex/tcolorbox/tcolorbox.sty
Package: tcolorbox 2025/11/28 version 6.9.0 text color boxes

(c:/texlive/2026/texmf-dist/tex/latex/tools/verbatim.sty
Package: verbatim 2024-01-22 v1.5x LaTeX2e package for verbatim enhancements
\every@verbatim=\toks78
\verbatim@line=\toks79
\verbatim@in@stream=\read4
)
(c:/texlive/2026/texmf-dist/tex/latex/environ/environ.sty
Package: environ 2014/05/04 v0.3 A new way to define environments

(c:/texlive/2026/texmf-dist/tex/latex/trimspaces/trimspaces.sty
Package: trimspaces 2009/09/17 v1.1 Trim spaces around a token list
))
\tcb@titlebox=\box128
\tcb@upperbox=\box129
\tcb@lowerbox=\box130
\tcb@phantombox=\box131
\c@tcbbreakpart=\count422
\c@tcblayer=\count423
\c@tcolorbox@number=\count424
\l__tcobox_tmpa_box=\box132
\l__tcobox_tmpa_dim=\dimen337
\tcb@temp=\box133
\tcb@temp=\box134
\tcb@temp=\box135
\tcb@temp=\box136

(c:/texlive/2026/texmf-dist/tex/latex/tcolorbox/tcbraster.code.tex
Library (tcolorbox): 'tcbraster.code.tex' version '6.9.0'
\c@tcbrastercolumn=\count425
\c@tcbrasterrow=\count426
\c@tcbrasternum=\count427
\c@tcbraster=\count428
) (c:/texlive/2026/texmf-dist/tex/latex/tcolorbox/tcbskins.code.tex
Library (tcolorbox): 'tcbskins.code.tex' version '6.9.0'
(c:/texlive/2026/texmf-dist/tex/latex/tikzfill/tikzfill.image.sty
Package: tikzfill.image 2026/04/23 v1.2.0 Image filling library for TikZ

(c:/texlive/2026/texmf-dist/tex/latex/tikzfill/tikzlibraryfill.image.code.tex
File: tikzlibraryfill.image.code.tex 2026/04/23 v1.2.0 Image filling library
\l__tikzfill_tmpa_dim=\dimen338
\l__tikzfill_tmpb_dim=\dimen339
\l__tikzfill_img_box=\box137
)) (c:/texlive/2026/texmf-dist/tex/latex/tcolorbox/tcbskinsjigsaw.code.tex
Library (tcolorbox): 'tcbskinsjigsaw.code.tex' version '6.9.0'
)) (c:/texlive/2026/texmf-dist/tex/latex/tcolorbox/tcbbreakable.code.tex
Library (tcolorbox): 'tcbbreakable.code.tex' version '6.9.0'
(c:/texlive/2026/texmf-dist/tex/latex/pdfcol/pdfcol.sty
Package: pdfcol 2022-09-21 v1.7 Handle new color stacks for pdfTeX (HO)

(c:/texlive/2026/texmf-dist/tex/generic/ltxcmds/ltxcmds.sty
Package: ltxcmds 2023-12-04 v1.26 LaTeX kernel commands for general use (HO)
))
Package pdfcol Info: New color stack `tcb@breakable' = 1 on input line 23.
\tcb@testbox=\box138
\tcb@totalupperbox=\box139
\tcb@totallowerbox=\box140
)
(c:/texlive/2026/texmf-dist/tex/latex/tcolorbox/tcbhooks.code.tex
Library (tcolorbox): 'tcbhooks.code.tex' version '6.9.0'
) (c:/texlive/2026/texmf-dist/tex/latex/tcolorbox/tcbtheorems.code.tex
Library (tcolorbox): 'tcbtheorems.code.tex' version '6.9.0'
) (c:/texlive/2026/texmf-dist/tex/latex/tcolorbox/tcbfitting.code.tex
Library (tcolorbox): 'tcbfitting.code.tex' version '6.9.0'
\tcbfitdim=\dimen340
\tcb@lowerfitdim=\dimen341
\tcb@upperfitdim=\dimen342
\tcb@cur@hbadness=\count429
) (c:/texlive/2026/texmf-dist/tex/latex/tcolorbox/tcblistingsutf8.code.tex
Library (tcolorbox): 'tcblistingsutf8.code.tex' version '6.9.0'
(c:/texlive/2026/texmf-dist/tex/latex/tcolorbox/tcblistings.code.tex
Library (tcolorbox): 'tcblistings.code.tex' version '6.9.0'
(c:/texlive/2026/texmf-dist/tex/latex/listings/listings.sty
\lst@mode=\count430
\lst@gtempboxa=\box141
\lst@token=\toks80
\lst@length=\count431
\lst@currlwidth=\dimen343
\lst@column=\count432
\lst@pos=\count433
\lst@lostspace=\dimen344
\lst@width=\dimen345
\lst@newlines=\count434
\lst@lineno=\count435
\lst@maxwidth=\dimen346

(c:/texlive/2026/texmf-dist/tex/latex/listings/lstpatch.sty
File: lstpatch.sty 2025/11/14 1.11b (Carsten Heinz)
)
(c:/texlive/2026/texmf-dist/tex/latex/listings/lstmisc.sty
File: lstmisc.sty 2025/11/14 1.11b (Carsten Heinz)
\c@lstnumber=\count436
\lst@skipnumbers=\count437
\lst@framebox=\box142
)
(c:/texlive/2026/texmf-dist/tex/latex/listings/listings.cfg
File: listings.cfg 2025/11/14 1.11b listings configuration
))
Package: listings 2025/11/14 1.11b (Carsten Heinz)

==> First Aid for listings.sty no longer applied!
    Expected:
        2024/09/23 1.10c (Carsten Heinz)
    but found:
        2025/11/14 1.11b (Carsten Heinz)
    so I'm assuming it got fixed.
(c:/texlive/2026/texmf-dist/tex/latex/tcolorbox/tcblistingscore.code.tex
Library (tcolorbox): 'tcblistingscore.code.tex' version '6.9.0'
(c:/texlive/2026/texmf-dist/tex/latex/tcolorbox/tcbprocessing.code.tex
Library (tcolorbox): 'tcbprocessing.code.tex' version '6.9.0'
)
\c@tcblisting=\count438
)) (c:/texlive/2026/texmf-dist/tex/latex/listingsutf8/listingsutf8.sty
Package: listingsutf8 2019-12-10 v1.5 Allow UTF-8 in listings input (HO)

(c:/texlive/2026/texmf-dist/tex/generic/pdftexcmds/pdftexcmds.sty
Package: pdftexcmds 2020-06-27 v0.33 Utility functions of pdfTeX for LuaTeX (HO
)
Package pdftexcmds Info: \pdf@primitive is available.
Package pdftexcmds Info: \pdf@ifprimitive is available.
Package pdftexcmds Info: \pdfdraftmode found.
)
(c:/texlive/2026/texmf-dist/tex/generic/stringenc/stringenc.sty
Package: stringenc 2019/11/29 v1.12 Convert strings between diff. encodings (HO
)

(c:/texlive/2026/texmf-dist/tex/generic/pdfescape/pdfescape.sty
Package: pdfescape 2019/12/09 v1.15 Implements pdfTeX's escape features (HO)
))))
(c:/texlive/2026/texmf-dist/tex/latex/tcolorbox/tcbexternal.code.tex
Library (tcolorbox): 'tcbexternal.code.tex' version '6.9.0'
) (c:/texlive/2026/texmf-dist/tex/latex/tcolorbox/tcbmagazine.code.tex
Library (tcolorbox): 'tcbmagazine.code.tex' version '6.9.0'
) (c:/texlive/2026/texmf-dist/tex/latex/tcolorbox/tcbvignette.code.tex
Library (tcolorbox): 'tcbvignette.code.tex' version '6.9.0'

(c:/texlive/2026/texmf-dist/tex/generic/pgf/frontendlayer/tikz/libraries/tikzli
braryfadings.code.tex
File: tikzlibraryfadings.code.tex 2025-08-29 v3.1.11a (3.1.11a)

(c:/texlive/2026/texmf-dist/tex/generic/pgf/libraries/pgflibraryfadings.code.te
x
File: pgflibraryfadings.code.tex 2025-08-29 v3.1.11a (3.1.11a)
))) (c:/texlive/2026/texmf-dist/tex/latex/tcolorbox/tcbposter.code.tex
Library (tcolorbox): 'tcbposter.code.tex' version '6.9.0'
)) (./timeline.tex) (c:/texlive/2026/texmf-dist/tex/latex/hyperref/hyperref.sty
Package: hyperref 2026-04-24 v7.01q Hypertext links for LaTeX
(c:/texlive/2026/texmf-dist/tex/latex/kvsetkeys/kvsetkeys.sty
Package: kvsetkeys 2022-10-05 v1.19 Key value parser (HO)
)
(c:/texlive/2026/texmf-dist/tex/generic/kvdefinekeys/kvdefinekeys.sty
Package: kvdefinekeys 2019-12-19 v1.6 Define keys (HO)
)
(c:/texlive/2026/texmf-dist/tex/latex/hycolor/hycolor.sty
Package: hycolor 2020-01-27 v1.10 Color options for hyperref/bookmark (HO)
)
(c:/texlive/2026/texmf-dist/tex/latex/hyperref/nameref.sty
Package: nameref 2026-01-29 v2.58 Cross-referencing by name of section

(c:/texlive/2026/texmf-dist/tex/latex/refcount/refcount.sty
Package: refcount 2019/12/15 v3.6 Data extraction from label references (HO)
)
(c:/texlive/2026/texmf-dist/tex/generic/gettitlestring/gettitlestring.sty
Package: gettitlestring 2019/12/15 v1.6 Cleanup title references (HO)

(c:/texlive/2026/texmf-dist/tex/latex/kvoptions/kvoptions.sty
Package: kvoptions 2022-06-15 v3.15 Key value format for package options (HO)
))
\c@section@level=\count439
)
\@linkdim=\dimen347
\Hy@linkcounter=\count440
\Hy@pagecounter=\count441

(c:/texlive/2026/texmf-dist/tex/latex/hyperref/pd1enc.def
File: pd1enc.def 2026-04-24 v7.01q Hyperref: PDFDocEncoding definition (HO)
Now handling font encoding PD1 ...
... no UTF-8 mapping file for font encoding PD1
)
(c:/texlive/2026/texmf-dist/tex/generic/intcalc/intcalc.sty
Package: intcalc 2019/12/15 v1.3 Expandable calculations with integers (HO)
)
\Hy@SavedSpaceFactor=\count442

(c:/texlive/2026/texmf-dist/tex/latex/hyperref/puenc.def
File: puenc.def 2026-04-24 v7.01q Hyperref: PDF Unicode definition (HO)
Now handling font encoding PU ...
... no UTF-8 mapping file for font encoding PU

(c:/texlive/2026/texmf-dist/tex/latex/greek-fontenc/puenc-greek.def
File: puenc-greek.def 2023-09-12 2.5 Greek LICRs for PDF strings

(c:/texlive/2026/texmf-dist/tex/latex/greek-fontenc/greek-fontenc.def
File: greek-fontenc.def 2023-09-12 2.5 Common Greek font encoding definitions
)
LaTeX Encoding Info:    Redeclaring text command \textmu (encoding PU) on input
 line 179.
)
LaTeX Encoding Info:    Redeclaring text command \textohm (encoding PU) on inpu
t line 1176.
)
Package hyperref Info: Option `hyperfootnotes' set `false' on input line 4070.
Package hyperref Info: Hyper figures OFF on input line 4199.
Package hyperref Info: Link nesting OFF on input line 4204.
Package hyperref Info: Hyper index ON on input line 4207.
Package hyperref Info: Plain pages OFF on input line 4214.
Package hyperref Info: Backreferencing OFF on input line 4219.
Package hyperref Info: Implicit mode ON; LaTeX internals redefined.
Package hyperref Info: Bookmarks ON on input line 4466.
\c@Hy@tempcnt=\count443

(c:/texlive/2026/texmf-dist/tex/latex/url/url.sty
\Urlmuskip=\muskip18
Package: url 2013/09/16  ver 3.4  Verb mode for urls, etc.
)
LaTeX Info: Redefining \url on input line 4805.
\XeTeXLinkMargin=\dimen348

(c:/texlive/2026/texmf-dist/tex/generic/bitset/bitset.sty
Package: bitset 2019/12/09 v1.3 Handle bit-vector datatype (HO)

(c:/texlive/2026/texmf-dist/tex/generic/bigintcalc/bigintcalc.sty
Package: bigintcalc 2019/12/15 v1.5 Expandable calculations on big integers (HO
)
))
\Fld@menulength=\count444
\Field@Width=\dimen349
\Fld@charsize=\dimen350
Package hyperref Info: Hyper figures OFF on input line 6091.
Package hyperref Info: Link nesting OFF on input line 6096.
Package hyperref Info: Hyper index ON on input line 6099.
Package hyperref Info: backreferencing OFF on input line 6106.
Package hyperref Info: Link coloring OFF on input line 6111.
Package hyperref Info: Link coloring with OCG OFF on input line 6116.
Package hyperref Info: PDF/A mode OFF on input line 6121.
\Hy@abspage=\count445
\c@Item=\count446
)
Package hyperref Info: Driver (autodetected): hpdftex.

(c:/texlive/2026/texmf-dist/tex/latex/hyperref/hpdftex.def
File: hpdftex.def 2026-04-24 v7.01q Hyperref driver for pdfTeX
\Fld@listcount=\count447
\c@bookmark@seq@number=\count448

(c:/texlive/2026/texmf-dist/tex/latex/rerunfilecheck/rerunfilecheck.sty
Package: rerunfilecheck 2025-06-21 v1.11 Rerun checks for auxiliary files (HO)

(c:/texlive/2026/texmf-dist/tex/generic/uniquecounter/uniquecounter.sty
Package: uniquecounter 2019/12/15 v1.4 Provide unlimited unique counter (HO)
)
Package uniquecounter Info: New unique counter `rerunfilecheck' on input line 2
84.
)
\Hy@SectionHShift=\skip81
)
Package hyperref Info: Option `colorlinks' set `true' on input line 149.
Package hyperref Info: Option `breaklinks' set `true' on input line 149.

(./gospel.aux

LaTeX Warning: Label `DC8-V' multiply defined.


LaTeX Warning: Label `JST-OTR1' multiply defined.


LaTeX Warning: Label `JST-NTR1' multiply defined.


LaTeX Warning: Label `INTEREST' multiply defined.

)
\openout1 = `gospel.aux'.

LaTeX Font Info:    Checking defaults for OML/cmm/m/it on input line 169.
LaTeX Font Info:    ... okay on input line 169.
LaTeX Font Info:    Checking defaults for OMS/cmsy/m/n on input line 169.
LaTeX Font Info:    ... okay on input line 169.
LaTeX Font Info:    Checking defaults for OT1/cmr/m/n on input line 169.
LaTeX Font Info:    ... okay on input line 169.
LaTeX Font Info:    Checking defaults for T1/cmr/m/n on input line 169.
LaTeX Font Info:    ... okay on input line 169.
LaTeX Font Info:    Checking defaults for TS1/cmr/m/n on input line 169.
LaTeX Font Info:    ... okay on input line 169.
LaTeX Font Info:    Checking defaults for OMX/cmex/m/n on input line 169.
LaTeX Font Info:    ... okay on input line 169.
LaTeX Font Info:    Checking defaults for U/cmr/m/n on input line 169.
LaTeX Font Info:    ... okay on input line 169.
LaTeX Font Info:    Checking defaults for LGR/cmr/m/n on input line 169.
LaTeX Font Info:    Trying to load font information for LGR+cmr on input line 1
69.
 (c:/texlive/2026/texmf-dist/tex/latex/cbfonts-fd/lgrcmr.fd
File: lgrcmr.fd 2017/07/29 v1.2 Greek European Computer Regular
)
LaTeX Font Info:    ... okay on input line 169.
LaTeX Font Info:    Checking defaults for LCOP/coptic/m/n on input line 169.
LaTeX Font Info:    ... okay on input line 169.
LaTeX Font Info:    Checking defaults for PD1/pdf/m/n on input line 169.
LaTeX Font Info:    ... okay on input line 169.
LaTeX Font Info:    Checking defaults for PU/pdf/m/n on input line 169.
LaTeX Font Info:    ... okay on input line 169.
LaTeX Info: Redefining \microtypecontext on input line 169.
Package microtype Info: Applying patch `item' on input line 169.
Package microtype Info: Applying patch `toc' on input line 169.
Package microtype Info: Applying patch `eqnum' on input line 169.
Package microtype Info: Applying patch `footnote' on input line 169.
Package microtype Info: Applying patch `verbatim' on input line 169.
LaTeX Info: Redefining \microtypesetup on input line 169.
Package microtype Info: Generating PDF output.
Package microtype Info: Character protrusion enabled (level 2).
Package microtype Info: Using default protrusion set `alltext'.
Package microtype Info: Automatic font expansion enabled (level 2),
(microtype)             stretch: 20, shrink: 20, step: 1, non-selected.
Package microtype Info: Using default expansion set `alltext-nott'.
Package microtype Info: Patching command `\showhyphens'.
Package microtype Info: No adjustment of tracking.
Package microtype Info: No adjustment of interword spacing.
Package microtype Info: No adjustment of character kerning.

(c:/texlive/2026/texmf-dist/tex/latex/microtype/mt-ppl.cfg
File: mt-ppl.cfg 2005/11/16 v1.6 microtype config. file: Palatino (RS)
)
*geometry* driver: auto-detecting
*geometry* detected driver: pdftex
*geometry* verbose mode - [ preamble ] result:
* driver: pdftex
* paper: <default>
* layout: <same size as paper>
* layoutoffset:(h,v)=(0.0pt,0.0pt)
* modes: 
* h-part:(L,W,R)=(36.135pt, 542.02501pt, 36.135pt)
* v-part:(T,H,B)=(36.135pt, 722.7pt, 36.135pt)
* \paperwidth=614.295pt
* \paperheight=794.96999pt
* \textwidth=542.02501pt
* \textheight=722.7pt
* \oddsidemargin=-36.135pt
* \evensidemargin=-36.135pt
* \topmargin=-73.135pt
* \headheight=12.0pt
* \headsep=25.0pt
* \topskip=10.0pt
* \footskip=30.0pt
* \marginparwidth=65.0pt
* \marginparsep=11.0pt
* \columnsep=10.0pt
* \skip\footins=9.0pt plus 4.0pt minus 2.0pt
* \hoffset=0.0pt
* \voffset=0.0pt
* \mag=1000
* \@twocolumnfalse
* \@twosidefalse
* \@mparswitchfalse
* \@reversemargintrue
* (1in=72.27pt=25.4mm, 1cm=28.453pt)

(c:/texlive/2026/texmf-dist/tex/context/base/mkii/supp-pdf.mkii
[Loading MPS to PDF converter (version 2006.09.02).]
\scratchcounter=\count449
\scratchdimen=\dimen351
\scratchbox=\box143
\nofMPsegments=\count450
\nofMParguments=\count451
\everyMPshowfont=\toks81
\MPscratchCnt=\count452
\MPscratchDim=\dimen352
\MPnumerator=\count453
\makeMPintoPDFobject=\count454
\everyMPtoPDFconversion=\toks82
) (c:/texlive/2026/texmf-dist/tex/latex/epstopdf-pkg/epstopdf-base.sty
Package: epstopdf-base 2020-01-24 v2.11 Base part for package epstopdf
Package epstopdf-base Info: Redefining graphics rule for `.eps' on input line 4
85.

(c:/texlive/2026/texmf-dist/tex/latex/latexconfig/epstopdf-sys.cfg
File: epstopdf-sys.cfg 2010/07/13 v1.3 Configuration of (r)epstopdf for TeX Liv
e
))
\c@lstlisting=\count455
Package hyperref Info: Link coloring ON on input line 169.

(./gospel.out) (./gospel.out)
\@outlinefile=\write4
\openout4 = `gospel.out'.

LaTeX Font Info:    Trying to load font information for OT1+ppl on input line 1
71.

(c:/texlive/2026/texmf-dist/tex/latex/psnfss/ot1ppl.fd
File: ot1ppl.fd 2001/06/04 font definitions for OT1/ppl.
)
LaTeX Font Info:    Trying to load font information for OML+zplm on input line 
171.

(c:/texlive/2026/texmf-dist/tex/latex/psnfss/omlzplm.fd
File: omlzplm.fd 2002/09/08 Fontinst v1.914 font definitions for OML/zplm.
)
LaTeX Font Info:    Trying to load font information for OMS+zplm on input line 
171.

(c:/texlive/2026/texmf-dist/tex/latex/psnfss/omszplm.fd
File: omszplm.fd 2002/09/08 Fontinst v1.914 font definitions for OMS/zplm.
)
LaTeX Font Info:    Trying to load font information for OMX+zplm on input line 
171.

(c:/texlive/2026/texmf-dist/tex/latex/psnfss/omxzplm.fd
File: omxzplm.fd 2002/09/08 Fontinst v1.914 font definitions for OMX/zplm.
)
LaTeX Font Info:    Trying to load font information for OT1+zplm on input line 
171.

(c:/texlive/2026/texmf-dist/tex/latex/psnfss/ot1zplm.fd
File: ot1zplm.fd 2002/09/08 Fontinst v1.914 font definitions for OT1/zplm.
)
Package microtype Info: Loading generic protrusion settings for font family
(microtype)             `zplm' (encoding: OT1).
(microtype)             For optimal results, create family-specific settings.
(microtype)             See the microtype manual for details.
LaTeX Font Info:    Font shape `U/msa/m/n' will be
(Font)              scaled to size 12.50409pt on input line 171.

(c:/texlive/2026/texmf-dist/tex/latex/microtype/mt-msa.cfg
File: mt-msa.cfg 2006/02/04 v1.1 microtype config. file: AMS symbols (a) (RS)
)
LaTeX Font Info:    Font shape `U/msa/m/n' will be
(Font)              scaled to size 9.37807pt on input line 171.
LaTeX Font Info:    Font shape `U/msa/m/n' will be
(Font)              scaled to size 7.29405pt on input line 171.
LaTeX Font Info:    Font shape `U/msb/m/n' will be
(Font)              scaled to size 12.50409pt on input line 171.

(c:/texlive/2026/texmf-dist/tex/latex/microtype/mt-msb.cfg
File: mt-msb.cfg 2005/06/01 v1.0 microtype config. file: AMS symbols (b) (RS)
)
LaTeX Font Info:    Font shape `U/msb/m/n' will be
(Font)              scaled to size 9.37807pt on input line 171.
LaTeX Font Info:    Font shape `U/msb/m/n' will be
(Font)              scaled to size 7.29405pt on input line 171.
 [1

{c:/texlive/2026/texmf-var/fonts/map/pdftex/updmap/pdftex.map}{c:/texlive/2026/
texmf-dist/fonts/enc/dvips/base/8r.enc}] (./gospel.toc
LaTeX Font Info:    Font shape `U/msa/m/n' will be
(Font)              scaled to size 10.42007pt on input line 4.
LaTeX Font Info:    Font shape `U/msa/m/n' will be
(Font)              scaled to size 7.91925pt on input line 4.
LaTeX Font Info:    Font shape `U/msa/m/n' will be
(Font)              scaled to size 6.25204pt on input line 4.
LaTeX Font Info:    Font shape `U/msb/m/n' will be
(Font)              scaled to size 10.42007pt on input line 4.
LaTeX Font Info:    Font shape `U/msb/m/n' will be
(Font)              scaled to size 7.91925pt on input line 4.
LaTeX Font Info:    Font shape `U/msb/m/n' will be
(Font)              scaled to size 6.25204pt on input line 4.

Overfull \hbox (4.49997pt too wide) detected at line 11579
 []\T1/ppl/m/n/10 1054
 []


Overfull \hbox (4.49997pt too wide) detected at line 12438
 []\T1/ppl/m/n/10 1133
 []


Overfull \hbox (4.49997pt too wide) detected at line 12729
 []\T1/ppl/m/n/10 1158
 []


Overfull \hbox (4.49997pt too wide) detected at line 13149
 []\T1/ppl/m/n/10 1195
 []


Overfull \hbox (4.49997pt too wide) detected at line 13327
 []\T1/ppl/m/n/10 1212
 []


Overfull \hbox (4.49997pt too wide) detected at line 14440
 []\T1/ppl/m/n/10 1298
 []


Overfull \hbox (4.49997pt too wide) detected at line 17052
 []\T1/ppl/m/n/10 1502
 []


Overfull \hbox (4.49997pt too wide) detected at line 17999
 []\T1/ppl/m/n/10 1575
 []


Overfull \hbox (4.49997pt too wide) detected at line 18234
 []\T1/ppl/m/n/10 1595
 []


Overfull \hbox (4.49997pt too wide) detected at line 18360
 []\T1/ppl/m/n/10 1605
 []


Overfull \hbox (4.49997pt too wide) detected at line 19719
 []\T1/ppl/m/n/10 1728
 []


Overfull \hbox (4.49997pt too wide) detected at line 21136
 []\T1/ppl/m/n/10 1857
 []


Overfull \hbox (4.49997pt too wide) detected at line 21296
 []\T1/ppl/m/n/10 1871
 []


Overfull \hbox (4.49997pt too wide) detected at line 22618
 []\T1/ppl/m/n/10 1991
 []


Overfull \hbox (4.49997pt too wide) detected at line 22988
 []\T1/ppl/m/n/10 2025
 []


Overfull \hbox (4.49997pt too wide) detected at line 23200
 []\T1/ppl/m/n/10 2043
 []


Overfull \hbox (4.49997pt too wide) detected at line 23277
 []\T1/ppl/m/n/10 2050
 []


Overfull \hbox (4.49997pt too wide) detected at line 23433
 []\T1/ppl/m/n/10 2064
 []


Overfull \hbox (4.49997pt too wide) detected at line 23456
 []\T1/ppl/m/n/10 2066
 []


Overfull \hbox (4.49997pt too wide) detected at line 23509
 []\T1/ppl/m/n/10 2071
 []


Overfull \hbox (4.49997pt too wide) detected at line 23622
 []\T1/ppl/m/n/10 2081
 []


Overfull \hbox (4.49997pt too wide) detected at line 23673
 []\T1/ppl/m/n/10 2085
 []


Overfull \hbox (4.49997pt too wide) detected at line 23733
 []\T1/ppl/m/n/10 2091
 []


Overfull \hbox (4.49997pt too wide) detected at line 23790
 []\T1/ppl/m/n/10 2096
 []


Overfull \hbox (4.49997pt too wide) detected at line 23831
 []\T1/ppl/m/n/10 2099
 []


Overfull \hbox (4.49997pt too wide) detected at line 24057
 []\T1/ppl/m/n/10 2119
 []


Overfull \hbox (4.49997pt too wide) detected at line 24118
 []\T1/ppl/m/n/10 2126
 []


Overfull \hbox (4.49997pt too wide) detected at line 25219
 []\T1/ppl/m/n/10 2290
 []


Overfull \hbox (4.49997pt too wide) detected at line 25914
 []\T1/ppl/m/n/10 2391
 []


Overfull \hbox (4.49997pt too wide) detected at line 27090
 []\T1/ppl/m/n/10 2562
 []


Overfull \hbox (4.49997pt too wide) detected at line 27991
 []\T1/ppl/m/n/10 2694
 []


Overfull \hbox (4.49997pt too wide) detected at line 29027
 []\T1/ppl/m/n/10 2844
 []


Overfull \hbox (4.49997pt too wide) detected at line 29477
 []\T1/ppl/m/n/10 2909
 []


Overfull \hbox (4.49997pt too wide) detected at line 29931
 []\T1/ppl/m/n/10 2973
 []


Overfull \hbox (4.49997pt too wide) detected at line 30202
 []\T1/ppl/m/n/10 3012
 []


Overfull \hbox (4.49997pt too wide) detected at line 30358
 []\T1/ppl/m/n/10 3034
 []


Overfull \hbox (4.49997pt too wide) detected at line 30520
 []\T1/ppl/m/n/10 3056
 []

[2

]
Overfull \hbox (4.49997pt too wide) detected at line 30629
 []\T1/ppl/m/n/10 3072
 []


Overfull \hbox (4.49997pt too wide) detected at line 30729
 []\T1/ppl/m/n/10 3086
 []


Overfull \hbox (4.49997pt too wide) detected at line 30824
 []\T1/ppl/m/n/10 3099
 []


Overfull \hbox (4.49997pt too wide) detected at line 30875
 []\T1/ppl/m/n/10 3106
 []


Overfull \hbox (4.49997pt too wide) detected at line 30995
 []\T1/ppl/m/n/10 3122
 []


Overfull \hbox (4.49997pt too wide) detected at line 31083
 []\T1/ppl/m/n/10 3135
 []


Overfull \hbox (4.49997pt too wide) detected at line 31133
 []\T1/ppl/m/n/10 3141
 []


Overfull \hbox (4.49997pt too wide) detected at line 31160
 []\T1/ppl/m/n/10 3145
 []


Overfull \hbox (4.49997pt too wide) detected at line 31477
 []\T1/ppl/m/n/10 3191
 []


Overfull \hbox (4.49997pt too wide) detected at line 31591
 []\T1/ppl/m/n/10 3207
 []


Overfull \hbox (4.49997pt too wide) detected at line 31702
 []\T1/ppl/m/n/10 3222
 []


Overfull \hbox (4.49997pt too wide) detected at line 31767
 []\T1/ppl/m/n/10 3232
 []


Overfull \hbox (4.49997pt too wide) detected at line 31878
 []\T1/ppl/m/n/10 3248
 []


Overfull \hbox (4.49997pt too wide) detected at line 31893
 []\T1/ppl/m/n/10 3250
 []


Overfull \hbox (4.49997pt too wide) detected at line 31910
 []\T1/ppl/m/n/10 3252
 []


Overfull \hbox (4.49997pt too wide) detected at line 31937
 []\T1/ppl/m/n/10 3256
 []


Overfull \hbox (4.49997pt too wide) detected at line 32366
 []\T1/ppl/m/n/10 3322
 []


Overfull \hbox (4.49997pt too wide) detected at line 32371
 []\T1/ppl/m/n/10 3323
 []


Overfull \hbox (4.49997pt too wide) detected at line 33012
 []\T1/ppl/m/n/10 3392
 []


Overfull \hbox (4.49997pt too wide) detected at line 33825
 []\T1/ppl/m/n/10 3475
 []


Overfull \hbox (4.49997pt too wide) detected at line 34036
 []\T1/ppl/m/n/10 3498
 []


Overfull \hbox (4.49997pt too wide) detected at line 34065
 []\T1/ppl/m/n/10 3500
 []


Overfull \hbox (4.49997pt too wide) detected at line 34082
 []\T1/ppl/m/n/10 3502
 []


Overfull \hbox (4.49997pt too wide) detected at line 34114
 []\T1/ppl/m/n/10 3505
 []


Overfull \hbox (4.49997pt too wide) detected at line 34134
 []\T1/ppl/m/n/10 3508
 []


Overfull \hbox (4.49997pt too wide) detected at line 34949
 []\T1/ppl/m/n/10 3592
 []


Overfull \hbox (4.49997pt too wide) detected at line 36988
 []\T1/ppl/m/n/10 3801
 []


Overfull \hbox (4.49997pt too wide) detected at line 37502
 []\T1/ppl/m/n/10 3854
 []


Overfull \hbox (4.49997pt too wide) detected at line 38318
 []\T1/ppl/m/n/10 3932
 []


Overfull \hbox (4.49997pt too wide) detected at line 38369
 []\T1/ppl/m/n/10 3937
 []


Overfull \hbox (4.49997pt too wide) detected at line 38606
 []\T1/ppl/m/n/10 3961
 []


Overfull \hbox (4.49997pt too wide) detected at line 39055
 []\T1/ppl/m/n/10 4005
 []


Overfull \hbox (4.49997pt too wide) detected at line 39230
 []\T1/ppl/m/n/10 4024
 []


Overfull \hbox (4.49997pt too wide) detected at line 39277
 []\T1/ppl/m/n/10 4030
 []


Overfull \hbox (4.49997pt too wide) detected at line 39285
 []\T1/ppl/m/n/10 4031
 []


Overfull \hbox (4.49997pt too wide) detected at line 39310
 []\T1/ppl/m/n/10 4037
 []


Overfull \hbox (4.49997pt too wide) detected at line 39321
 []\T1/ppl/m/n/10 4040
 []


Overfull \hbox (4.49997pt too wide) detected at line 39361
 []\T1/ppl/m/n/10 4049
 []


Overfull \hbox (4.49997pt too wide) detected at line 39403
 []\T1/ppl/m/n/10 4057
 []


Overfull \hbox (4.49997pt too wide) detected at line 39418
 []\T1/ppl/m/n/10 4061
 []


Overfull \hbox (4.49997pt too wide) detected at line 39434
 []\T1/ppl/m/n/10 4065
 []


Overfull \hbox (4.49997pt too wide) detected at line 39453
 []\T1/ppl/m/n/10 4069
 []


Overfull \hbox (4.49997pt too wide) detected at line 39530
 []\T1/ppl/m/n/10 4086
 []


Overfull \hbox (4.49997pt too wide) detected at line 39567
 []\T1/ppl/m/n/10 4094
 []


Overfull \hbox (4.49997pt too wide) detected at line 39582
 []\T1/ppl/m/n/10 4097
 []


Overfull \hbox (4.49997pt too wide) detected at line 39587
 []\T1/ppl/m/n/10 4099
 []


Overfull \hbox (4.49997pt too wide) detected at line 39603
 []\T1/ppl/m/n/10 4102
 []


Overfull \hbox (4.49997pt too wide) detected at line 39616
 []\T1/ppl/m/n/10 4104
 []


Overfull \hbox (4.49997pt too wide) detected at line 39629
 []\T1/ppl/m/n/10 4106
 []


Overfull \hbox (4.49997pt too wide) detected at line 39645
 []\T1/ppl/m/n/10 4110
 []


Overfull \hbox (4.49997pt too wide) detected at line 39699
 []\T1/ppl/m/n/10 4120
 []


Overfull \hbox (4.49997pt too wide) detected at line 39746
 []\T1/ppl/m/n/10 4131
 []


Overfull \hbox (4.49997pt too wide) detected at line 39838
 []\T1/ppl/m/n/10 4150
 []


Overfull \hbox (4.49997pt too wide) detected at line 39854
 []\T1/ppl/m/n/10 4153
 []


Overfull \hbox (4.49997pt too wide) detected at line 39863
 []\T1/ppl/m/n/10 4155
 []

[3]
Overfull \hbox (4.49997pt too wide) detected at line 39884
 []\T1/ppl/m/n/10 4157
 []


Overfull \hbox (4.49997pt too wide) detected at line 39907
 []\T1/ppl/m/n/10 4160
 []


Overfull \hbox (4.49997pt too wide) detected at line 39927
 []\T1/ppl/m/n/10 4163
 []


Overfull \hbox (4.49997pt too wide) detected at line 39933
 []\T1/ppl/m/n/10 4164
 []


Overfull \hbox (4.49997pt too wide) detected at line 39958
 []\T1/ppl/m/n/10 4170
 []


Overfull \hbox (4.49997pt too wide) detected at line 39979
 []\T1/ppl/m/n/10 4174
 []


Overfull \hbox (4.49997pt too wide) detected at line 40034
 []\T1/ppl/m/n/10 4183
 []


Overfull \hbox (4.49997pt too wide) detected at line 40053
 []\T1/ppl/m/n/10 4186
 []


Overfull \hbox (4.49997pt too wide) detected at line 40070
 []\T1/ppl/m/n/10 4188
 []


Overfull \hbox (4.49997pt too wide) detected at line 40080
 []\T1/ppl/m/n/10 4190
 []


Overfull \hbox (4.49997pt too wide) detected at line 40102
 []\T1/ppl/m/n/10 4193
 []


Overfull \hbox (4.49997pt too wide) detected at line 40118
 []\T1/ppl/m/n/10 4195
 []


Overfull \hbox (4.49997pt too wide) detected at line 40150
 []\T1/ppl/m/n/10 4199
 []


Overfull \hbox (4.49997pt too wide) detected at line 40162
 []\T1/ppl/m/n/10 4201
 []


Overfull \hbox (4.49997pt too wide) detected at line 40170
 []\T1/ppl/m/n/10 4202
 []


Overfull \hbox (4.49997pt too wide) detected at line 40217
 []\T1/ppl/m/n/10 4208
 []


Overfull \hbox (4.49997pt too wide) detected at line 40245
 []\T1/ppl/m/n/10 4211
 []


Overfull \hbox (4.49997pt too wide) detected at line 40252
 []\T1/ppl/m/n/10 4212
 []


Overfull \hbox (4.49997pt too wide) detected at line 40268
 []\T1/ppl/m/n/10 4214
 []


Overfull \hbox (4.49997pt too wide) detected at line 40368
 []\T1/ppl/m/n/10 4227
 []


Overfull \hbox (4.49997pt too wide) detected at line 40407
 []\T1/ppl/m/n/10 4232
 []


Overfull \hbox (4.49997pt too wide) detected at line 40417
 []\T1/ppl/m/n/10 4233
 []


Overfull \hbox (4.49997pt too wide) detected at line 40497
 []\T1/ppl/m/n/10 4243
 []


Overfull \hbox (4.49997pt too wide) detected at line 40534
 []\T1/ppl/m/n/10 4248
 []


Overfull \hbox (4.49997pt too wide) detected at line 40542
 []\T1/ppl/m/n/10 4249
 []


Overfull \hbox (4.49997pt too wide) detected at line 40552
 []\T1/ppl/m/n/10 4250
 []


Overfull \hbox (4.49997pt too wide) detected at line 40584
 []\T1/ppl/m/n/10 4254
 []


Overfull \hbox (4.49997pt too wide) detected at line 40635
 []\T1/ppl/m/n/10 4263
 []


Overfull \hbox (4.49997pt too wide) detected at line 40660
 []\T1/ppl/m/n/10 4267
 []


Overfull \hbox (4.49997pt too wide) detected at line 40709
 []\T1/ppl/m/n/10 4272
 []


Overfull \hbox (4.49997pt too wide) detected at line 40720
 []\T1/ppl/m/n/10 4273
 []


Overfull \hbox (4.49997pt too wide) detected at line 40735
 []\T1/ppl/m/n/10 4275
 []


Overfull \hbox (4.49997pt too wide) detected at line 40745
 []\T1/ppl/m/n/10 4277
 []


Overfull \hbox (4.49997pt too wide) detected at line 40769
 []\T1/ppl/m/n/10 4280
 []


Overfull \hbox (4.49997pt too wide) detected at line 40789
 []\T1/ppl/m/n/10 4282
 []


Overfull \hbox (4.49997pt too wide) detected at line 40860
 []\T1/ppl/m/n/10 4291
 []


Overfull \hbox (4.49997pt too wide) detected at line 40888
 []\T1/ppl/m/n/10 4294
 []


Overfull \hbox (4.49997pt too wide) detected at line 40909
 []\T1/ppl/m/n/10 4296
 []


Overfull \hbox (4.49997pt too wide) detected at line 40952
 []\T1/ppl/m/n/10 4301
 []


Overfull \hbox (4.49997pt too wide) detected at line 40965
 []\T1/ppl/m/n/10 4303
 []


Overfull \hbox (4.49997pt too wide) detected at line 41035
 []\T1/ppl/m/n/10 4312
 []


Overfull \hbox (4.49997pt too wide) detected at line 41083
 []\T1/ppl/m/n/10 4317
 []


Overfull \hbox (4.49997pt too wide) detected at line 41093
 []\T1/ppl/m/n/10 4319
 []


Overfull \hbox (4.49997pt too wide) detected at line 41111
 []\T1/ppl/m/n/10 4322
 []


Overfull \hbox (4.49997pt too wide) detected at line 41130
 []\T1/ppl/m/n/10 4325
 []


Overfull \hbox (4.49997pt too wide) detected at line 41171
 []\T1/ppl/m/n/10 4332
 []


Overfull \hbox (4.49997pt too wide) detected at line 41183
 []\T1/ppl/m/n/10 4333
 []


Overfull \hbox (4.49997pt too wide) detected at line 41205
 []\T1/ppl/m/n/10 4336
 []


Overfull \hbox (4.49997pt too wide) detected at line 41220
 []\T1/ppl/m/n/10 4338
 []


Overfull \hbox (4.49997pt too wide) detected at line 41253
 []\T1/ppl/m/n/10 4342
 []


Overfull \hbox (4.49997pt too wide) detected at line 41263
 []\T1/ppl/m/n/10 4343
 []


Overfull \hbox (4.49997pt too wide) detected at line 41275
 []\T1/ppl/m/n/10 4345
 []


Overfull \hbox (4.49997pt too wide) detected at line 41317
 []\T1/ppl/m/n/10 4350
 []


Overfull \hbox (4.49997pt too wide) detected at line 41447
 []\T1/ppl/m/n/10 4370
 []


Overfull \hbox (4.49997pt too wide) detected at line 41496
 []\T1/ppl/m/n/10 4374
 []


Overfull \hbox (4.49997pt too wide) detected at line 41522
 []\T1/ppl/m/n/10 4379
 []


Overfull \hbox (4.49997pt too wide) detected at line 41531
 []\T1/ppl/m/n/10 4380
 []

[4]
Overfull \hbox (4.49997pt too wide) detected at line 41540
 []\T1/ppl/m/n/10 4381
 []


Overfull \hbox (4.49997pt too wide) detected at line 41552
 []\T1/ppl/m/n/10 4383
 []


Overfull \hbox (4.49997pt too wide) detected at line 41580
 []\T1/ppl/m/n/10 4386
 []


Overfull \hbox (4.49997pt too wide) detected at line 41590
 []\T1/ppl/m/n/10 4388
 []


Overfull \hbox (4.49997pt too wide) detected at line 41714
 []\T1/ppl/m/n/10 4406
 []


Overfull \hbox (4.49997pt too wide) detected at line 41731
 []\T1/ppl/m/n/10 4409
 []


Overfull \hbox (4.49997pt too wide) detected at line 41748
 []\T1/ppl/m/n/10 4412
 []


Overfull \hbox (4.49997pt too wide) detected at line 41760
 []\T1/ppl/m/n/10 4414
 []


Overfull \hbox (4.49997pt too wide) detected at line 41908
 []\T1/ppl/m/n/10 4435
 []


Overfull \hbox (4.49997pt too wide) detected at line 41933
 []\T1/ppl/m/n/10 4440
 []


Overfull \hbox (4.49997pt too wide) detected at line 41974
 []\T1/ppl/m/n/10 4445
 []


Overfull \hbox (4.49997pt too wide) detected at line 41984
 []\T1/ppl/m/n/10 4447
 []


Overfull \hbox (4.49997pt too wide) detected at line 41990
 []\T1/ppl/m/n/10 4448
 []


Overfull \hbox (4.49997pt too wide) detected at line 42047
 []\T1/ppl/m/n/10 4461
 []


Overfull \hbox (4.49997pt too wide) detected at line 42068
 []\T1/ppl/m/n/10 4464
 []


Overfull \hbox (4.49997pt too wide) detected at line 42089
 []\T1/ppl/m/n/10 4467
 []


Overfull \hbox (4.49997pt too wide) detected at line 42102
 []\T1/ppl/m/n/10 4468
 []


Overfull \hbox (4.49997pt too wide) detected at line 42134
 []\T1/ppl/m/n/10 4472
 []


Overfull \hbox (4.49997pt too wide) detected at line 42186
 []\T1/ppl/m/n/10 4478
 []


Overfull \hbox (4.49997pt too wide) detected at line 42198
 []\T1/ppl/m/n/10 4480
 []


Overfull \hbox (4.49997pt too wide) detected at line 42219
 []\T1/ppl/m/n/10 4483
 []


Overfull \hbox (4.49997pt too wide) detected at line 42324
 []\T1/ppl/m/n/10 4495
 []


Overfull \hbox (4.49997pt too wide) detected at line 42362
 []\T1/ppl/m/n/10 4499
 []


Overfull \hbox (4.49997pt too wide) detected at line 42406
 []\T1/ppl/m/n/10 4504
 []


Overfull \hbox (4.49997pt too wide) detected at line 42496
 []\T1/ppl/m/n/10 4514
 []


Overfull \hbox (4.49997pt too wide) detected at line 42541
 []\T1/ppl/m/n/10 4520
 []


Overfull \hbox (4.49997pt too wide) detected at line 42553
 []\T1/ppl/m/n/10 4521
 []


Overfull \hbox (4.49997pt too wide) detected at line 42658
 []\T1/ppl/m/n/10 4534
 []


Overfull \hbox (4.49997pt too wide) detected at line 42670
 []\T1/ppl/m/n/10 4536
 []


Overfull \hbox (4.49997pt too wide) detected at line 42754
 []\T1/ppl/m/n/10 4546
 []


Overfull \hbox (4.49997pt too wide) detected at line 42774
 []\T1/ppl/m/n/10 4548
 []


Overfull \hbox (4.49997pt too wide) detected at line 42789
 []\T1/ppl/m/n/10 4551
 []


Overfull \hbox (4.49997pt too wide) detected at line 42827
 []\T1/ppl/m/n/10 4556
 []


Overfull \hbox (4.49997pt too wide) detected at line 42843
 []\T1/ppl/m/n/10 4559
 []


Overfull \hbox (4.49997pt too wide) detected at line 42849
 []\T1/ppl/m/n/10 4560
 []


Overfull \hbox (4.49997pt too wide) detected at line 42873
 []\T1/ppl/m/n/10 4563
 []


Overfull \hbox (4.49997pt too wide) detected at line 42879
 []\T1/ppl/m/n/10 4564
 []


Overfull \hbox (4.49997pt too wide) detected at line 42899
 []\T1/ppl/m/n/10 4567
 []


Overfull \hbox (4.49997pt too wide) detected at line 42910
 []\T1/ppl/m/n/10 4569
 []


Overfull \hbox (4.49997pt too wide) detected at line 42922
 []\T1/ppl/m/n/10 4571
 []


Overfull \hbox (4.49997pt too wide) detected at line 42927
 []\T1/ppl/m/n/10 4572
 []


Overfull \hbox (4.49997pt too wide) detected at line 42979
 []\T1/ppl/m/n/10 4581
 []


Overfull \hbox (4.49997pt too wide) detected at line 42993
 []\T1/ppl/m/n/10 4583
 []


Overfull \hbox (4.49997pt too wide) detected at line 43015
 []\T1/ppl/m/n/10 4586
 []


Overfull \hbox (4.49997pt too wide) detected at line 43164
 []\T1/ppl/m/n/10 4603
 []


Overfull \hbox (4.49997pt too wide) detected at line 43173
 []\T1/ppl/m/n/10 4604
 []


Overfull \hbox (4.49997pt too wide) detected at line 43180
 []\T1/ppl/m/n/10 4605
 []


Overfull \hbox (4.49997pt too wide) detected at line 43197
 []\T1/ppl/m/n/10 4608
 []


Overfull \hbox (4.49997pt too wide) detected at line 43227
 []\T1/ppl/m/n/10 4613
 []


Overfull \hbox (4.49997pt too wide) detected at line 43242
 []\T1/ppl/m/n/10 4615
 []


Overfull \hbox (4.49997pt too wide) detected at line 43270
 []\T1/ppl/m/n/10 4619
 []


Overfull \hbox (4.49997pt too wide) detected at line 43287
 []\T1/ppl/m/n/10 4622
 []


Overfull \hbox (4.49997pt too wide) detected at line 43358
 []\T1/ppl/m/n/10 4633
 []


Overfull \hbox (4.49997pt too wide) detected at line 43436
 []\T1/ppl/m/n/10 4641
 []


Overfull \hbox (4.49997pt too wide) detected at line 43452
 []\T1/ppl/m/n/10 4644
 []


Overfull \hbox (4.49997pt too wide) detected at line 43463
 []\T1/ppl/m/n/10 4645
 []


Overfull \hbox (4.49997pt too wide) detected at line 43509
 []\T1/ppl/m/n/10 4650
 []

[5]
Overfull \hbox (4.49997pt too wide) detected at line 43524
 []\T1/ppl/m/n/10 4652
 []


Overfull \hbox (4.49997pt too wide) detected at line 43588
 []\T1/ppl/m/n/10 4659
 []


Overfull \hbox (4.49997pt too wide) detected at line 43608
 []\T1/ppl/m/n/10 4661
 []


Overfull \hbox (4.49997pt too wide) detected at line 43622
 []\T1/ppl/m/n/10 4664
 []


Overfull \hbox (4.49997pt too wide) detected at line 43987
 []\T1/ppl/m/n/10 4699
 []


Overfull \hbox (4.49997pt too wide) detected at line 44129
 []\T1/ppl/m/n/10 4713
 []


Overfull \hbox (4.49997pt too wide) detected at line 44130
 []\T1/ppl/m/n/10 4713
 []


Overfull \hbox (4.49997pt too wide) detected at line 44131
 []\T1/ppl/m/n/10 4713
 []


Overfull \hbox (4.49997pt too wide) detected at line 44147
 []\T1/ppl/m/n/10 4715
 []


Overfull \hbox (4.49997pt too wide) detected at line 44149
 []\T1/ppl/m/n/10 4717
 []


Overfull \hbox (4.49997pt too wide) detected at line 44155
 []\T1/ppl/m/n/10 4720
 []


Overfull \hbox (4.49997pt too wide) detected at line 44156
 []\T1/ppl/m/n/10 4720
 []


Overfull \hbox (4.49997pt too wide) detected at line 44157
 []\T1/ppl/m/n/10 4720
 []


Overfull \hbox (4.49997pt too wide) detected at line 44158
 []\T1/ppl/m/n/10 4720
 []


Overfull \hbox (4.49997pt too wide) detected at line 44162
 []\T1/ppl/m/n/10 4723
 []


Overfull \hbox (4.49997pt too wide) detected at line 44163
 []\T1/ppl/m/n/10 4724
 []


Overfull \hbox (4.49997pt too wide) detected at line 44171
 []\T1/ppl/m/n/10 4726
 []


Overfull \hbox (4.49997pt too wide) detected at line 44172
 []\T1/ppl/m/n/10 4726
 []


Overfull \hbox (4.49997pt too wide) detected at line 44174
 []\T1/ppl/m/n/10 4727
 []


Overfull \hbox (4.49997pt too wide) detected at line 44176
 []\T1/ppl/m/n/10 4727
 []


Overfull \hbox (4.49997pt too wide) detected at line 44179
 []\T1/ppl/m/n/10 4729
 []


Overfull \hbox (4.49997pt too wide) detected at line 44182
 []\T1/ppl/m/n/10 4731
 []


Overfull \hbox (4.49997pt too wide) detected at line 44183
 []\T1/ppl/m/n/10 4731
 []


Overfull \hbox (4.49997pt too wide) detected at line 44185
 []\T1/ppl/m/n/10 4733
 []


Overfull \hbox (4.49997pt too wide) detected at line 44186
 []\T1/ppl/m/n/10 4739
 []


Overfull \hbox (4.49997pt too wide) detected at line 44187
 []\T1/ppl/m/n/10 4740
 []


Overfull \hbox (4.49997pt too wide) detected at line 44188
 []\T1/ppl/m/n/10 4740
 []


Overfull \hbox (4.49997pt too wide) detected at line 44189
 []\T1/ppl/m/n/10 4742
 []


Overfull \hbox (4.49997pt too wide) detected at line 44190
 []\T1/ppl/m/n/10 4742
 []


Overfull \hbox (4.49997pt too wide) detected at line 44191
 []\T1/ppl/m/n/10 4746
 []


Overfull \hbox (4.49997pt too wide) detected at line 44192
 []\T1/ppl/m/n/10 4747
 []


Overfull \hbox (4.49997pt too wide) detected at line 44193
 []\T1/ppl/m/n/10 4748
 []


Overfull \hbox (4.49997pt too wide) detected at line 44200
 []\T1/ppl/m/n/10 4753
 []


Overfull \hbox (4.49997pt too wide) detected at line 44201
 []\T1/ppl/m/n/10 4753
 []


Overfull \hbox (4.49997pt too wide) detected at line 44204
 []\T1/ppl/m/n/10 4755
 []


Overfull \hbox (4.49997pt too wide) detected at line 44206
 []\T1/ppl/m/n/10 4755
 []


Overfull \hbox (4.49997pt too wide) detected at line 44207
 []\T1/ppl/m/n/10 4755
 []


Overfull \hbox (4.49997pt too wide) detected at line 44210
 []\T1/ppl/m/n/10 4763
 []


Overfull \hbox (4.49997pt too wide) detected at line 44211
 []\T1/ppl/m/n/10 4763
 []


Overfull \hbox (4.49997pt too wide) detected at line 44212
 []\T1/ppl/m/n/10 4764
 []


Overfull \hbox (4.49997pt too wide) detected at line 44218
 []\T1/ppl/m/n/10 4767
 []

[6]
Overfull \hbox (4.49997pt too wide) detected at line 44223
 []\T1/ppl/m/n/10 4781
 []


Overfull \hbox (4.49997pt too wide) detected at line 44296
 []\T1/ppl/m/n/10 4798
 []


Overfull \hbox (4.49997pt too wide) detected at line 44301
 []\T1/ppl/m/n/10 4800
 []


Overfull \hbox (4.49997pt too wide) detected at line 44339
 []\T1/ppl/m/n/10 4820
 []


Overfull \hbox (4.49997pt too wide) detected at line 44395
 []\T1/ppl/m/n/10 4862
 []


Overfull \hbox (4.49997pt too wide) detected at line 44426
 []\T1/ppl/m/n/10 4890
 []


Overfull \hbox (4.49997pt too wide) detected at line 44473
 []\T1/ppl/m/n/10 4931
 []


Overfull \hbox (4.49997pt too wide) detected at line 44514
 []\T1/ppl/m/n/10 4972
 []


Overfull \hbox (4.49997pt too wide) detected at line 44518
 []\T1/ppl/m/n/10 4974
 []


Overfull \hbox (4.49997pt too wide) detected at line 44592
 []\T1/ppl/m/n/10 5034
 []


Overfull \hbox (4.49997pt too wide) detected at line 44635
 []\T1/ppl/m/n/10 5066
 []


Overfull \hbox (4.49997pt too wide) detected at line 44647
 []\T1/ppl/m/n/10 5073
 []


Overfull \hbox (4.49997pt too wide) detected at line 44683
 []\T1/ppl/m/n/10 5095
 []


Overfull \hbox (4.49997pt too wide) detected at line 44730
 []\T1/ppl/m/n/10 5136
 []


Overfull \hbox (4.49997pt too wide) detected at line 44773
 []\T1/ppl/m/n/10 5170
 []


Overfull \hbox (4.49997pt too wide) detected at line 44856
 []\T1/ppl/m/n/10 5215
 []


Overfull \hbox (4.49997pt too wide) detected at line 44922
 []\T1/ppl/m/n/10 5273
 []


Overfull \hbox (4.49997pt too wide) detected at line 44926
 []\T1/ppl/m/n/10 5274
 []


Overfull \hbox (4.49997pt too wide) detected at line 45068
 []\T1/ppl/m/n/10 5365
 []


Overfull \hbox (4.49997pt too wide) detected at line 45072
 []\T1/ppl/m/n/10 5366
 []


Overfull \hbox (4.49997pt too wide) detected at line 45076
 []\T1/ppl/m/n/10 5367
 []


Overfull \hbox (4.49997pt too wide) detected at line 45083
 []\T1/ppl/m/n/10 5370
 []


Overfull \hbox (4.49997pt too wide) detected at line 45087
 []\T1/ppl/m/n/10 5371
 []


Overfull \hbox (4.49997pt too wide) detected at line 45091
 []\T1/ppl/m/n/10 5375
 []


Overfull \hbox (4.49997pt too wide) detected at line 45096
 []\T1/ppl/m/n/10 5377
 []


Overfull \hbox (4.49997pt too wide) detected at line 45102
 []\T1/ppl/m/n/10 5379
 []


Overfull \hbox (4.49997pt too wide) detected at line 45106
 []\T1/ppl/m/n/10 5381
 []

[7]
Overfull \hbox (4.49997pt too wide) detected at line 45110
 []\T1/ppl/m/n/10 5383
 []


Overfull \hbox (4.49997pt too wide) detected at line 45114
 []\T1/ppl/m/n/10 5384
 []


Overfull \hbox (4.49997pt too wide) detected at line 45117
 []\T1/ppl/m/n/10 5385
 []


Overfull \hbox (4.49997pt too wide) detected at line 45121
 []\T1/ppl/m/n/10 5387
 []


Overfull \hbox (4.49997pt too wide) detected at line 45132
 []\T1/ppl/m/n/10 5393
 []


Overfull \hbox (4.49997pt too wide) detected at line 45133
 []\T1/ppl/m/n/10 5393
 []


Overfull \hbox (4.49997pt too wide) detected at line 45138
 []\T1/ppl/m/n/10 5394
 []


Overfull \hbox (4.49997pt too wide) detected at line 45142
 []\T1/ppl/m/n/10 5395
 []


Overfull \hbox (4.49997pt too wide) detected at line 45143
 []\T1/ppl/m/n/10 5395
 []


Overfull \hbox (4.49997pt too wide) detected at line 45146
 []\T1/ppl/m/n/10 5396
 []


Overfull \hbox (4.49997pt too wide) detected at line 45147
 []\T1/ppl/m/n/10 5396
 []


Overfull \hbox (4.49997pt too wide) detected at line 45152
 []\T1/ppl/m/n/10 5397
 []


Overfull \hbox (4.49997pt too wide) detected at line 45156
 []\T1/ppl/m/n/10 5398
 []


Overfull \hbox (4.49997pt too wide) detected at line 45160
 []\T1/ppl/m/n/10 5399
 []


Overfull \hbox (4.49997pt too wide) detected at line 45165
 []\T1/ppl/m/n/10 5401
 []


Overfull \hbox (4.49997pt too wide) detected at line 45172
 []\T1/ppl/m/n/10 5402
 []


Overfull \hbox (4.49997pt too wide) detected at line 45175
 []\T1/ppl/m/n/10 5402
 []


Overfull \hbox (4.49997pt too wide) detected at line 45185
 []\T1/ppl/m/n/10 5404
 []


Overfull \hbox (4.49997pt too wide) detected at line 45186
 []\T1/ppl/m/n/10 5404
 []


Overfull \hbox (4.49997pt too wide) detected at line 45194
 []\T1/ppl/m/n/10 5405
 []


Overfull \hbox (4.49997pt too wide) detected at line 45199
 []\T1/ppl/m/n/10 5406
 []


Overfull \hbox (4.49997pt too wide) detected at line 45202
 []\T1/ppl/m/n/10 5406
 []


Overfull \hbox (4.49997pt too wide) detected at line 45203
 []\T1/ppl/m/n/10 5406
 []


Overfull \hbox (4.49997pt too wide) detected at line 45215
 []\T1/ppl/m/n/10 5408
 []


Overfull \hbox (4.49997pt too wide) detected at line 45217
 []\T1/ppl/m/n/10 5408
 []


Overfull \hbox (4.49997pt too wide) detected at line 45221
 []\T1/ppl/m/n/10 5410
 []


Overfull \hbox (4.49997pt too wide) detected at line 45224
 []\T1/ppl/m/n/10 5411
 []


Overfull \hbox (4.49997pt too wide) detected at line 45226
 []\T1/ppl/m/n/10 5411
 []


Overfull \hbox (4.49997pt too wide) detected at line 45229
 []\T1/ppl/m/n/10 5412
 []

[8]
Overfull \hbox (4.49997pt too wide) detected at line 45230
 []\T1/ppl/m/n/10 5412
 []


Overfull \hbox (4.49997pt too wide) detected at line 45232
 []\T1/ppl/m/n/10 5413
 []


Overfull \hbox (4.49997pt too wide) detected at line 45238
 []\T1/ppl/m/n/10 5414
 []


Overfull \hbox (4.49997pt too wide) detected at line 45241
 []\T1/ppl/m/n/10 5415
 []


Overfull \hbox (4.49997pt too wide) detected at line 45242
 []\T1/ppl/m/n/10 5415
 []


Overfull \hbox (4.49997pt too wide) detected at line 45247
 []\T1/ppl/m/n/10 5415
 []


Overfull \hbox (4.49997pt too wide) detected at line 45257
 []\T1/ppl/m/n/10 5417
 []


Overfull \hbox (4.49997pt too wide) detected at line 45258
 []\T1/ppl/m/n/10 5417
 []


Overfull \hbox (4.49997pt too wide) detected at line 45264
 []\T1/ppl/m/n/10 5420
 []


Overfull \hbox (4.49997pt too wide) detected at line 45266
 []\T1/ppl/m/n/10 5421
 []


Overfull \hbox (4.49997pt too wide) detected at line 45271
 []\T1/ppl/m/n/10 5422
 []


Overfull \hbox (4.49997pt too wide) detected at line 45272
 []\T1/ppl/m/n/10 5422
 []


Overfull \hbox (4.49997pt too wide) detected at line 45279
 []\T1/ppl/m/n/10 5422
 []


Overfull \hbox (4.49997pt too wide) detected at line 45285
 []\T1/ppl/m/n/10 5424
 []


Overfull \hbox (4.49997pt too wide) detected at line 45286
 []\T1/ppl/m/n/10 5424
 []


Overfull \hbox (4.49997pt too wide) detected at line 45288
 []\T1/ppl/m/n/10 5424
 []


Overfull \hbox (4.49997pt too wide) detected at line 45291
 []\T1/ppl/m/n/10 5425
 []


Overfull \hbox (4.49997pt too wide) detected at line 45294
 []\T1/ppl/m/n/10 5426
 []


Overfull \hbox (4.49997pt too wide) detected at line 45299
 []\T1/ppl/m/n/10 5427
 []


Overfull \hbox (4.49997pt too wide) detected at line 45302
 []\T1/ppl/m/n/10 5428
 []


Overfull \hbox (4.49997pt too wide) detected at line 45305
 []\T1/ppl/m/n/10 5430
 []


Overfull \hbox (4.49997pt too wide) detected at line 45306
 []\T1/ppl/m/n/10 5430
 []


Overfull \hbox (4.49997pt too wide) detected at line 45312
 []\T1/ppl/m/n/10 5431
 []


Overfull \hbox (4.49997pt too wide) detected at line 45314
 []\T1/ppl/m/n/10 5432
 []


Overfull \hbox (4.49997pt too wide) detected at line 45315
 []\T1/ppl/m/n/10 5432
 []


Overfull \hbox (4.49997pt too wide) detected at line 45322
 []\T1/ppl/m/n/10 5433
 []


Overfull \hbox (4.49997pt too wide) detected at line 45324
 []\T1/ppl/m/n/10 5434
 []


Overfull \hbox (4.49997pt too wide) detected at line 45328
 []\T1/ppl/m/n/10 5435
 []


Overfull \hbox (4.49997pt too wide) detected at line 45335
 []\T1/ppl/m/n/10 5435
 []


Overfull \hbox (4.49997pt too wide) detected at line 45336
 []\T1/ppl/m/n/10 5435
 []


Overfull \hbox (4.49997pt too wide) detected at line 45339
 []\T1/ppl/m/n/10 5437
 []


Overfull \hbox (4.49997pt too wide) detected at line 45340
 []\T1/ppl/m/n/10 5437
 []


Overfull \hbox (4.49997pt too wide) detected at line 45341
 []\T1/ppl/m/n/10 5437
 []


Overfull \hbox (4.49997pt too wide) detected at line 45342
 []\T1/ppl/m/n/10 5437
 []


Overfull \hbox (4.49997pt too wide) detected at line 45344
 []\T1/ppl/m/n/10 5438
 []


Overfull \hbox (4.49997pt too wide) detected at line 45347
 []\T1/ppl/m/n/10 5439
 []

[9]
Overfull \hbox (4.49997pt too wide) detected at line 45350
 []\T1/ppl/m/n/10 5440
 []


Overfull \hbox (4.49997pt too wide) detected at line 45352
 []\T1/ppl/m/n/10 5440
 []


Overfull \hbox (4.49997pt too wide) detected at line 45355
 []\T1/ppl/m/n/10 5441
 []


Overfull \hbox (4.49997pt too wide) detected at line 45358
 []\T1/ppl/m/n/10 5441
 []


Overfull \hbox (4.49997pt too wide) detected at line 45362
 []\T1/ppl/m/n/10 5442
 []


Overfull \hbox (4.49997pt too wide) detected at line 45366
 []\T1/ppl/m/n/10 5442
 []


Overfull \hbox (4.49997pt too wide) detected at line 45367
 []\T1/ppl/m/n/10 5442
 []


Overfull \hbox (4.49997pt too wide) detected at line 45375
 []\T1/ppl/m/n/10 5444
 []


Overfull \hbox (4.49997pt too wide) detected at line 45377
 []\T1/ppl/m/n/10 5444
 []


Overfull \hbox (4.49997pt too wide) detected at line 45378
 []\T1/ppl/m/n/10 5444
 []


Overfull \hbox (4.49997pt too wide) detected at line 45381
 []\T1/ppl/m/n/10 5445
 []


Overfull \hbox (4.49997pt too wide) detected at line 45383
 []\T1/ppl/m/n/10 5445
 []


Overfull \hbox (4.49997pt too wide) detected at line 45392
 []\T1/ppl/m/n/10 5446
 []


Overfull \hbox (4.49997pt too wide) detected at line 45402
 []\T1/ppl/m/n/10 5447
 []


Overfull \hbox (4.49997pt too wide) detected at line 45405
 []\T1/ppl/m/n/10 5449
 []


Overfull \hbox (4.49997pt too wide) detected at line 45406
 []\T1/ppl/m/n/10 5449
 []


Overfull \hbox (4.49997pt too wide) detected at line 45419
 []\T1/ppl/m/n/10 5452
 []


Overfull \hbox (4.49997pt too wide) detected at line 45422
 []\T1/ppl/m/n/10 5452
 []


Overfull \hbox (4.49997pt too wide) detected at line 45430
 []\T1/ppl/m/n/10 5453
 []


Overfull \hbox (4.49997pt too wide) detected at line 45434
 []\T1/ppl/m/n/10 5454
 []


Overfull \hbox (4.49997pt too wide) detected at line 45438
 []\T1/ppl/m/n/10 5454
 []


Overfull \hbox (4.49997pt too wide) detected at line 45449
 []\T1/ppl/m/n/10 5456
 []


Overfull \hbox (4.49997pt too wide) detected at line 45450
 []\T1/ppl/m/n/10 5456
 []


Overfull \hbox (4.49997pt too wide) detected at line 45455
 []\T1/ppl/m/n/10 5458
 []


Overfull \hbox (4.49997pt too wide) detected at line 45458
 []\T1/ppl/m/n/10 5458
 []


Overfull \hbox (4.49997pt too wide) detected at line 45461
 []\T1/ppl/m/n/10 5459
 []


Overfull \hbox (4.49997pt too wide) detected at line 45464
 []\T1/ppl/m/n/10 5460
 []


Overfull \hbox (4.49997pt too wide) detected at line 45465
 []\T1/ppl/m/n/10 5460
 []


Overfull \hbox (4.49997pt too wide) detected at line 45466
 []\T1/ppl/m/n/10 5460
 []


Overfull \hbox (4.49997pt too wide) detected at line 45467
 []\T1/ppl/m/n/10 5460
 []


Overfull \hbox (4.49997pt too wide) detected at line 45476
 []\T1/ppl/m/n/10 5462
 []


Overfull \hbox (4.49997pt too wide) detected at line 45477
 []\T1/ppl/m/n/10 5462
 []


Overfull \hbox (4.49997pt too wide) detected at line 45480
 []\T1/ppl/m/n/10 5462
 []


Overfull \hbox (4.49997pt too wide) detected at line 45493
 []\T1/ppl/m/n/10 5465
 []


Overfull \hbox (4.49997pt too wide) detected at line 45495
 []\T1/ppl/m/n/10 5466
 []


Overfull \hbox (4.49997pt too wide) detected at line 45502
 []\T1/ppl/m/n/10 5467
 []


Overfull \hbox (4.49997pt too wide) detected at line 45506
 []\T1/ppl/m/n/10 5467
 []


Overfull \hbox (4.49997pt too wide) detected at line 45508
 []\T1/ppl/m/n/10 5468
 []

[10]
Overfull \hbox (4.49997pt too wide) detected at line 45519
 []\T1/ppl/m/n/10 5470
 []


Overfull \hbox (4.49997pt too wide) detected at line 45520
 []\T1/ppl/m/n/10 5471
 []


Overfull \hbox (4.49997pt too wide) detected at line 45530
 []\T1/ppl/m/n/10 5476
 []


Overfull \hbox (4.49997pt too wide) detected at line 45535
 []\T1/ppl/m/n/10 5477
 []


Overfull \hbox (4.49997pt too wide) detected at line 45539
 []\T1/ppl/m/n/10 5477
 []


Overfull \hbox (4.49997pt too wide) detected at line 45543
 []\T1/ppl/m/n/10 5478
 []


Overfull \hbox (4.49997pt too wide) detected at line 45546
 []\T1/ppl/m/n/10 5479
 []


Overfull \hbox (4.49997pt too wide) detected at line 45549
 []\T1/ppl/m/n/10 5479
 []


Overfull \hbox (4.49997pt too wide) detected at line 45556
 []\T1/ppl/m/n/10 5481
 []


Overfull \hbox (4.49997pt too wide) detected at line 45561
 []\T1/ppl/m/n/10 5483
 []


Overfull \hbox (4.49997pt too wide) detected at line 45563
 []\T1/ppl/m/n/10 5483
 []


Overfull \hbox (4.49997pt too wide) detected at line 45565
 []\T1/ppl/m/n/10 5484
 []


Overfull \hbox (4.49997pt too wide) detected at line 45568
 []\T1/ppl/m/n/10 5485
 []


Overfull \hbox (4.49997pt too wide) detected at line 45569
 []\T1/ppl/m/n/10 5485
 []


Overfull \hbox (4.49997pt too wide) detected at line 45571
 []\T1/ppl/m/n/10 5485
 []


Overfull \hbox (4.49997pt too wide) detected at line 45573
 []\T1/ppl/m/n/10 5486
 []


Overfull \hbox (4.49997pt too wide) detected at line 45574
 []\T1/ppl/m/n/10 5486
 []


Overfull \hbox (4.49997pt too wide) detected at line 45576
 []\T1/ppl/m/n/10 5487
 []


Overfull \hbox (4.49997pt too wide) detected at line 45579
 []\T1/ppl/m/n/10 5488
 []


Overfull \hbox (4.49997pt too wide) detected at line 45580
 []\T1/ppl/m/n/10 5488
 []


Overfull \hbox (4.49997pt too wide) detected at line 45582
 []\T1/ppl/m/n/10 5489
 []


Overfull \hbox (4.49997pt too wide) detected at line 45584
 []\T1/ppl/m/n/10 5490
 []


Overfull \hbox (4.49997pt too wide) detected at line 45586
 []\T1/ppl/m/n/10 5490
 []


Overfull \hbox (4.49997pt too wide) detected at line 45588
 []\T1/ppl/m/n/10 5491
 []


Overfull \hbox (4.49997pt too wide) detected at line 45590
 []\T1/ppl/m/n/10 5491
 []


Overfull \hbox (4.49997pt too wide) detected at line 45597
 []\T1/ppl/m/n/10 5493
 []


Overfull \hbox (4.49997pt too wide) detected at line 45600
 []\T1/ppl/m/n/10 5493
 []


Overfull \hbox (4.49997pt too wide) detected at line 45602
 []\T1/ppl/m/n/10 5493
 []


Overfull \hbox (4.49997pt too wide) detected at line 45604
 []\T1/ppl/m/n/10 5494
 []


Overfull \hbox (4.49997pt too wide) detected at line 45627
 []\T1/ppl/m/n/10 5498
 []


Overfull \hbox (4.49997pt too wide) detected at line 45649
 []\T1/ppl/m/n/10 5502
 []


Overfull \hbox (4.49997pt too wide) detected at line 45650
 []\T1/ppl/m/n/10 5502
 []


Overfull \hbox (4.49997pt too wide) detected at line 45652
 []\T1/ppl/m/n/10 5502
 []


Overfull \hbox (4.49997pt too wide) detected at line 45655
 []\T1/ppl/m/n/10 5503
 []


Overfull \hbox (4.49997pt too wide) detected at line 45656
 []\T1/ppl/m/n/10 5503
 []


Overfull \hbox (4.49997pt too wide) detected at line 45657
 []\T1/ppl/m/n/10 5503
 []


Overfull \hbox (4.49997pt too wide) detected at line 45660
 []\T1/ppl/m/n/10 5504
 []

[11]
Overfull \hbox (4.49997pt too wide) detected at line 45661
 []\T1/ppl/m/n/10 5504
 []


Overfull \hbox (4.49997pt too wide) detected at line 45663
 []\T1/ppl/m/n/10 5504
 []


Overfull \hbox (4.49997pt too wide) detected at line 45666
 []\T1/ppl/m/n/10 5505
 []


Overfull \hbox (4.49997pt too wide) detected at line 45669
 []\T1/ppl/m/n/10 5506
 []


Overfull \hbox (4.49997pt too wide) detected at line 45670
 []\T1/ppl/m/n/10 5506
 []


Overfull \hbox (4.49997pt too wide) detected at line 45680
 []\T1/ppl/m/n/10 5511
 []


Overfull \hbox (4.49997pt too wide) detected at line 45682
 []\T1/ppl/m/n/10 5513
 []


Overfull \hbox (4.49997pt too wide) detected at line 45684
 []\T1/ppl/m/n/10 5513
 []


Overfull \hbox (4.49997pt too wide) detected at line 45687
 []\T1/ppl/m/n/10 5514
 []


Overfull \hbox (4.49997pt too wide) detected at line 45688
 []\T1/ppl/m/n/10 5514
 []


Overfull \hbox (4.49997pt too wide) detected at line 45695
 []\T1/ppl/m/n/10 5515
 []


Overfull \hbox (4.49997pt too wide) detected at line 45696
 []\T1/ppl/m/n/10 5515
 []


Overfull \hbox (4.49997pt too wide) detected at line 45698
 []\T1/ppl/m/n/10 5516
 []


Overfull \hbox (4.49997pt too wide) detected at line 45699
 []\T1/ppl/m/n/10 5516
 []


Overfull \hbox (4.49997pt too wide) detected at line 45706
 []\T1/ppl/m/n/10 5539
 []


Overfull \hbox (4.49997pt too wide) detected at line 45712
 []\T1/ppl/m/n/10 5541
 []


Overfull \hbox (4.49997pt too wide) detected at line 45715
 []\T1/ppl/m/n/10 5542
 []


Overfull \hbox (4.49997pt too wide) detected at line 45718
 []\T1/ppl/m/n/10 5542
 []


Overfull \hbox (4.49997pt too wide) detected at line 45721
 []\T1/ppl/m/n/10 5543
 []


Overfull \hbox (4.49997pt too wide) detected at line 45726
 []\T1/ppl/m/n/10 5543
 []


Overfull \hbox (4.49997pt too wide) detected at line 45727
 []\T1/ppl/m/n/10 5543
 []


Overfull \hbox (4.49997pt too wide) detected at line 45729
 []\T1/ppl/m/n/10 5544
 []


Overfull \hbox (4.49997pt too wide) detected at line 45733
 []\T1/ppl/m/n/10 5545
 []


Overfull \hbox (4.49997pt too wide) detected at line 45736
 []\T1/ppl/m/n/10 5546
 []


Overfull \hbox (4.49997pt too wide) detected at line 45742
 []\T1/ppl/m/n/10 5547
 []


Overfull \hbox (4.49997pt too wide) detected at line 45743
 []\T1/ppl/m/n/10 5547
 []


Overfull \hbox (4.49997pt too wide) detected at line 45746
 []\T1/ppl/m/n/10 5547
 []


Overfull \hbox (4.49997pt too wide) detected at line 45749
 []\T1/ppl/m/n/10 5548
 []


Overfull \hbox (4.49997pt too wide) detected at line 45752
 []\T1/ppl/m/n/10 5549
 []


Overfull \hbox (4.49997pt too wide) detected at line 45754
 []\T1/ppl/m/n/10 5550
 []


Overfull \hbox (4.49997pt too wide) detected at line 45759
 []\T1/ppl/m/n/10 5551
 []


Overfull \hbox (4.49997pt too wide) detected at line 45764
 []\T1/ppl/m/n/10 5551
 []


Overfull \hbox (4.49997pt too wide) detected at line 45770
 []\T1/ppl/m/n/10 5553
 []


Overfull \hbox (4.49997pt too wide) detected at line 45774
 []\T1/ppl/m/n/10 5554
 []


Overfull \hbox (4.49997pt too wide) detected at line 45777
 []\T1/ppl/m/n/10 5554
 []


Overfull \hbox (4.49997pt too wide) detected at line 45786
 []\T1/ppl/m/n/10 5556
 []

[12]
Overfull \hbox (4.49997pt too wide) detected at line 45788
 []\T1/ppl/m/n/10 5557
 []


Overfull \hbox (4.49997pt too wide) detected at line 45792
 []\T1/ppl/m/n/10 5557
 []


Overfull \hbox (4.49997pt too wide) detected at line 45794
 []\T1/ppl/m/n/10 5558
 []


Overfull \hbox (4.49997pt too wide) detected at line 45795
 []\T1/ppl/m/n/10 5558
 []


Overfull \hbox (4.49997pt too wide) detected at line 45796
 []\T1/ppl/m/n/10 5558
 []


Overfull \hbox (4.49997pt too wide) detected at line 45797
 []\T1/ppl/m/n/10 5558
 []


Overfull \hbox (4.49997pt too wide) detected at line 45810
 []\T1/ppl/m/n/10 5561
 []


Overfull \hbox (4.49997pt too wide) detected at line 45811
 []\T1/ppl/m/n/10 5561
 []


Overfull \hbox (4.49997pt too wide) detected at line 45814
 []\T1/ppl/m/n/10 5562
 []


Overfull \hbox (4.49997pt too wide) detected at line 45816
 []\T1/ppl/m/n/10 5563
 []


Overfull \hbox (4.49997pt too wide) detected at line 45817
 []\T1/ppl/m/n/10 5563
 []


Overfull \hbox (4.49997pt too wide) detected at line 45821
 []\T1/ppl/m/n/10 5564
 []


Overfull \hbox (4.49997pt too wide) detected at line 45825
 []\T1/ppl/m/n/10 5565
 []


Overfull \hbox (4.49997pt too wide) detected at line 45827
 []\T1/ppl/m/n/10 5566
 []


Overfull \hbox (4.49997pt too wide) detected at line 45828
 []\T1/ppl/m/n/10 5566
 []


Overfull \hbox (4.49997pt too wide) detected at line 45833
 []\T1/ppl/m/n/10 5567
 []


Overfull \hbox (4.49997pt too wide) detected at line 45835
 []\T1/ppl/m/n/10 5568
 []


Overfull \hbox (4.49997pt too wide) detected at line 45838
 []\T1/ppl/m/n/10 5569
 []


Overfull \hbox (4.49997pt too wide) detected at line 45841
 []\T1/ppl/m/n/10 5570
 []


Overfull \hbox (4.49997pt too wide) detected at line 45846
 []\T1/ppl/m/n/10 5571
 []


Overfull \hbox (4.49997pt too wide) detected at line 45850
 []\T1/ppl/m/n/10 5571
 []


Overfull \hbox (4.49997pt too wide) detected at line 45852
 []\T1/ppl/m/n/10 5572
 []


Overfull \hbox (4.49997pt too wide) detected at line 45855
 []\T1/ppl/m/n/10 5572
 []


Overfull \hbox (4.49997pt too wide) detected at line 45858
 []\T1/ppl/m/n/10 5572
 []


Overfull \hbox (4.49997pt too wide) detected at line 45872
 []\T1/ppl/m/n/10 5575
 []


Overfull \hbox (4.49997pt too wide) detected at line 45873
 []\T1/ppl/m/n/10 5575
 []


Overfull \hbox (4.49997pt too wide) detected at line 45878
 []\T1/ppl/m/n/10 5576
 []


Overfull \hbox (4.49997pt too wide) detected at line 45879
 []\T1/ppl/m/n/10 5576
 []


Overfull \hbox (4.49997pt too wide) detected at line 45885
 []\T1/ppl/m/n/10 5577
 []


Overfull \hbox (4.49997pt too wide) detected at line 45890
 []\T1/ppl/m/n/10 5579
 []


Overfull \hbox (4.49997pt too wide) detected at line 45891
 []\T1/ppl/m/n/10 5579
 []


Overfull \hbox (4.49997pt too wide) detected at line 45892
 []\T1/ppl/m/n/10 5579
 []


Overfull \hbox (4.49997pt too wide) detected at line 45895
 []\T1/ppl/m/n/10 5580
 []


Overfull \hbox (4.49997pt too wide) detected at line 45903
 []\T1/ppl/m/n/10 5582
 []


Overfull \hbox (4.49997pt too wide) detected at line 45905
 []\T1/ppl/m/n/10 5582
 []


Overfull \hbox (4.49997pt too wide) detected at line 45908
 []\T1/ppl/m/n/10 5584
 []


Overfull \hbox (4.49997pt too wide) detected at line 45913
 []\T1/ppl/m/n/10 5584
 []


Overfull \hbox (4.49997pt too wide) detected at line 45914
 []\T1/ppl/m/n/10 5584
 []

[13]
Overfull \hbox (4.49997pt too wide) detected at line 45917
 []\T1/ppl/m/n/10 5586
 []


Overfull \hbox (4.49997pt too wide) detected at line 45919
 []\T1/ppl/m/n/10 5586
 []


Overfull \hbox (4.49997pt too wide) detected at line 45920
 []\T1/ppl/m/n/10 5586
 []


Overfull \hbox (4.49997pt too wide) detected at line 45922
 []\T1/ppl/m/n/10 5586
 []


Overfull \hbox (4.49997pt too wide) detected at line 45925
 []\T1/ppl/m/n/10 5587
 []


Overfull \hbox (4.49997pt too wide) detected at line 45928
 []\T1/ppl/m/n/10 5587
 []


Overfull \hbox (4.49997pt too wide) detected at line 45931
 []\T1/ppl/m/n/10 5588
 []


Overfull \hbox (4.49997pt too wide) detected at line 45932
 []\T1/ppl/m/n/10 5588
 []


Overfull \hbox (4.49997pt too wide) detected at line 45934
 []\T1/ppl/m/n/10 5589
 []


Overfull \hbox (4.49997pt too wide) detected at line 45935
 []\T1/ppl/m/n/10 5589
 []


Overfull \hbox (4.49997pt too wide) detected at line 45936
 []\T1/ppl/m/n/10 5589
 []


Overfull \hbox (4.49997pt too wide) detected at line 45943
 []\T1/ppl/m/n/10 5591
 []


Overfull \hbox (4.49997pt too wide) detected at line 45948
 []\T1/ppl/m/n/10 5593
 []


Overfull \hbox (4.49997pt too wide) detected at line 45951
 []\T1/ppl/m/n/10 5594
 []


Overfull \hbox (4.49997pt too wide) detected at line 45955
 []\T1/ppl/m/n/10 5595
 []


Overfull \hbox (4.49997pt too wide) detected at line 45956
 []\T1/ppl/m/n/10 5595
 []


Overfull \hbox (4.49997pt too wide) detected at line 45959
 []\T1/ppl/m/n/10 5596
 []


Overfull \hbox (4.49997pt too wide) detected at line 45960
 []\T1/ppl/m/n/10 5596
 []


Overfull \hbox (4.49997pt too wide) detected at line 45963
 []\T1/ppl/m/n/10 5596
 []


Overfull \hbox (4.49997pt too wide) detected at line 45965
 []\T1/ppl/m/n/10 5596
 []


Overfull \hbox (4.49997pt too wide) detected at line 45969
 []\T1/ppl/m/n/10 5597
 []


Overfull \hbox (4.49997pt too wide) detected at line 45970
 []\T1/ppl/m/n/10 5597
 []


Overfull \hbox (4.49997pt too wide) detected at line 45978
 []\T1/ppl/m/n/10 5598
 []


Overfull \hbox (4.49997pt too wide) detected at line 45980
 []\T1/ppl/m/n/10 5599
 []


Overfull \hbox (4.49997pt too wide) detected at line 45981
 []\T1/ppl/m/n/10 5599
 []


Overfull \hbox (4.49997pt too wide) detected at line 45984
 []\T1/ppl/m/n/10 5599
 []


Overfull \hbox (4.49997pt too wide) detected at line 45985
 []\T1/ppl/m/n/10 5600
 []


Overfull \hbox (4.49997pt too wide) detected at line 45996
 []\T1/ppl/m/n/10 5602
 []


Overfull \hbox (4.49997pt too wide) detected at line 45998
 []\T1/ppl/m/n/10 5603
 []


Overfull \hbox (4.49997pt too wide) detected at line 46002
 []\T1/ppl/m/n/10 5603
 []


Overfull \hbox (4.49997pt too wide) detected at line 46005
 []\T1/ppl/m/n/10 5604
 []


Overfull \hbox (4.49997pt too wide) detected at line 46006
 []\T1/ppl/m/n/10 5604
 []


Overfull \hbox (4.49997pt too wide) detected at line 46011
 []\T1/ppl/m/n/10 5604
 []


Overfull \hbox (4.49997pt too wide) detected at line 46020
 []\T1/ppl/m/n/10 5606
 []


Overfull \hbox (4.49997pt too wide) detected at line 46021
 []\T1/ppl/m/n/10 5606
 []


Overfull \hbox (4.49997pt too wide) detected at line 46024
 []\T1/ppl/m/n/10 5607
 []


Overfull \hbox (4.49997pt too wide) detected at line 46025
 []\T1/ppl/m/n/10 5607
 []


Overfull \hbox (4.49997pt too wide) detected at line 46031
 []\T1/ppl/m/n/10 5609
 []


Overfull \hbox (4.49997pt too wide) detected at line 46033
 []\T1/ppl/m/n/10 5610
 []

[14]
Overfull \hbox (4.49997pt too wide) detected at line 46040
 []\T1/ppl/m/n/10 5611
 []


Overfull \hbox (4.49997pt too wide) detected at line 46041
 []\T1/ppl/m/n/10 5611
 []


Overfull \hbox (4.49997pt too wide) detected at line 46043
 []\T1/ppl/m/n/10 5612
 []


Overfull \hbox (4.49997pt too wide) detected at line 46044
 []\T1/ppl/m/n/10 5612
 []


Overfull \hbox (4.49997pt too wide) detected at line 46045
 []\T1/ppl/m/n/10 5612
 []


Overfull \hbox (4.49997pt too wide) detected at line 46052
 []\T1/ppl/m/n/10 5614
 []


Overfull \hbox (4.49997pt too wide) detected at line 46053
 []\T1/ppl/m/n/10 5614
 []


Overfull \hbox (4.49997pt too wide) detected at line 46054
 []\T1/ppl/m/n/10 5614
 []


Overfull \hbox (4.49997pt too wide) detected at line 46056
 []\T1/ppl/m/n/10 5615
 []


Overfull \hbox (4.49997pt too wide) detected at line 46058
 []\T1/ppl/m/n/10 5616
 []


Overfull \hbox (4.49997pt too wide) detected at line 46059
 []\T1/ppl/m/n/10 5616
 []


Overfull \hbox (4.49997pt too wide) detected at line 46065
 []\T1/ppl/m/n/10 5618
 []


Overfull \hbox (4.49997pt too wide) detected at line 46069
 []\T1/ppl/m/n/10 5619
 []


Overfull \hbox (4.49997pt too wide) detected at line 46070
 []\T1/ppl/m/n/10 5619
 []


Overfull \hbox (4.49997pt too wide) detected at line 46071
 []\T1/ppl/m/n/10 5619
 []


Overfull \hbox (4.49997pt too wide) detected at line 46072
 []\T1/ppl/m/n/10 5619
 []


Overfull \hbox (4.49997pt too wide) detected at line 46086
 []\T1/ppl/m/n/10 5621
 []


Overfull \hbox (4.49997pt too wide) detected at line 46089
 []\T1/ppl/m/n/10 5622
 []


Overfull \hbox (4.49997pt too wide) detected at line 46092
 []\T1/ppl/m/n/10 5623
 []


Overfull \hbox (4.49997pt too wide) detected at line 46095
 []\T1/ppl/m/n/10 5624
 []


Overfull \hbox (4.49997pt too wide) detected at line 46098
 []\T1/ppl/m/n/10 5625
 []


Overfull \hbox (4.49997pt too wide) detected at line 46106
 []\T1/ppl/m/n/10 5626
 []


Overfull \hbox (4.49997pt too wide) detected at line 46110
 []\T1/ppl/m/n/10 5627
 []


Overfull \hbox (4.49997pt too wide) detected at line 46113
 []\T1/ppl/m/n/10 5627
 []


Overfull \hbox (4.49997pt too wide) detected at line 46123
 []\T1/ppl/m/n/10 5629
 []


Overfull \hbox (4.49997pt too wide) detected at line 46124
 []\T1/ppl/m/n/10 5629
 []


Overfull \hbox (4.49997pt too wide) detected at line 46125
 []\T1/ppl/m/n/10 5629
 []


Overfull \hbox (4.49997pt too wide) detected at line 46129
 []\T1/ppl/m/n/10 5630
 []


Overfull \hbox (4.49997pt too wide) detected at line 46132
 []\T1/ppl/m/n/10 5631
 []


Overfull \hbox (4.49997pt too wide) detected at line 46134
 []\T1/ppl/m/n/10 5631
 []


Overfull \hbox (4.49997pt too wide) detected at line 46137
 []\T1/ppl/m/n/10 5632
 []


Overfull \hbox (4.49997pt too wide) detected at line 46138
 []\T1/ppl/m/n/10 5632
 []


Overfull \hbox (4.49997pt too wide) detected at line 46139
 []\T1/ppl/m/n/10 5632
 []


Overfull \hbox (4.49997pt too wide) detected at line 46144
 []\T1/ppl/m/n/10 5634
 []


Overfull \hbox (4.49997pt too wide) detected at line 46145
 []\T1/ppl/m/n/10 5634
 []


Overfull \hbox (4.49997pt too wide) detected at line 46148
 []\T1/ppl/m/n/10 5635
 []


Overfull \hbox (4.49997pt too wide) detected at line 46151
 []\T1/ppl/m/n/10 5636
 []

[15]
Overfull \hbox (4.49997pt too wide) detected at line 46158
 []\T1/ppl/m/n/10 5637
 []


Overfull \hbox (4.49997pt too wide) detected at line 46159
 []\T1/ppl/m/n/10 5638
 []


Overfull \hbox (4.49997pt too wide) detected at line 46161
 []\T1/ppl/m/n/10 5638
 []


Overfull \hbox (4.49997pt too wide) detected at line 46164
 []\T1/ppl/m/n/10 5640
 []


Overfull \hbox (4.49997pt too wide) detected at line 46166
 []\T1/ppl/m/n/10 5641
 []


Overfull \hbox (4.49997pt too wide) detected at line 46174
 []\T1/ppl/m/n/10 5643
 []


Overfull \hbox (4.49997pt too wide) detected at line 46180
 []\T1/ppl/m/n/10 5643
 []


Overfull \hbox (4.49997pt too wide) detected at line 46181
 []\T1/ppl/m/n/10 5644
 []


Overfull \hbox (4.49997pt too wide) detected at line 46184
 []\T1/ppl/m/n/10 5645
 []


Overfull \hbox (4.49997pt too wide) detected at line 46185
 []\T1/ppl/m/n/10 5645
 []


Overfull \hbox (4.49997pt too wide) detected at line 46186
 []\T1/ppl/m/n/10 5645
 []


Overfull \hbox (4.49997pt too wide) detected at line 46189
 []\T1/ppl/m/n/10 5646
 []


Overfull \hbox (4.49997pt too wide) detected at line 46191
 []\T1/ppl/m/n/10 5646
 []


Overfull \hbox (4.49997pt too wide) detected at line 46195
 []\T1/ppl/m/n/10 5647
 []


Overfull \hbox (4.49997pt too wide) detected at line 46198
 []\T1/ppl/m/n/10 5648
 []


Overfull \hbox (4.49997pt too wide) detected at line 46202
 []\T1/ppl/m/n/10 5649
 []


Overfull \hbox (4.49997pt too wide) detected at line 46203
 []\T1/ppl/m/n/10 5649
 []


Overfull \hbox (4.49997pt too wide) detected at line 46206
 []\T1/ppl/m/n/10 5649
 []


Overfull \hbox (4.49997pt too wide) detected at line 46208
 []\T1/ppl/m/n/10 5650
 []


Overfull \hbox (4.49997pt too wide) detected at line 46214
 []\T1/ppl/m/n/10 5651
 []


Overfull \hbox (4.49997pt too wide) detected at line 46223
 []\T1/ppl/m/n/10 5653
 []


Overfull \hbox (4.49997pt too wide) detected at line 46226
 []\T1/ppl/m/n/10 5653
 []


Overfull \hbox (4.49997pt too wide) detected at line 46228
 []\T1/ppl/m/n/10 5653
 []


Overfull \hbox (4.49997pt too wide) detected at line 46229
 []\T1/ppl/m/n/10 5653
 []


Overfull \hbox (4.49997pt too wide) detected at line 46233
 []\T1/ppl/m/n/10 5654
 []


Overfull \hbox (4.49997pt too wide) detected at line 46234
 []\T1/ppl/m/n/10 5654
 []


Overfull \hbox (4.49997pt too wide) detected at line 46237
 []\T1/ppl/m/n/10 5654
 []


Overfull \hbox (4.49997pt too wide) detected at line 46239
 []\T1/ppl/m/n/10 5655
 []


Overfull \hbox (4.49997pt too wide) detected at line 46244
 []\T1/ppl/m/n/10 5655
 []


Overfull \hbox (4.49997pt too wide) detected at line 46247
 []\T1/ppl/m/n/10 5657
 []


Overfull \hbox (4.49997pt too wide) detected at line 46250
 []\T1/ppl/m/n/10 5658
 []


Overfull \hbox (4.49997pt too wide) detected at line 46255
 []\T1/ppl/m/n/10 5660
 []


Overfull \hbox (4.49997pt too wide) detected at line 46257
 []\T1/ppl/m/n/10 5661
 []


Overfull \hbox (4.49997pt too wide) detected at line 46260
 []\T1/ppl/m/n/10 5661
 []


Overfull \hbox (4.49997pt too wide) detected at line 46263
 []\T1/ppl/m/n/10 5662
 []


Overfull \hbox (4.49997pt too wide) detected at line 46275
 []\T1/ppl/m/n/10 5663
 []


Overfull \hbox (4.49997pt too wide) detected at line 46276
 []\T1/ppl/m/n/10 5663
 []

[16]
Overfull \hbox (4.49997pt too wide) detected at line 46278
 []\T1/ppl/m/n/10 5663
 []


Overfull \hbox (4.49997pt too wide) detected at line 46282
 []\T1/ppl/m/n/10 5665
 []


Overfull \hbox (4.49997pt too wide) detected at line 46283
 []\T1/ppl/m/n/10 5665
 []


Overfull \hbox (4.49997pt too wide) detected at line 46289
 []\T1/ppl/m/n/10 5666
 []


Overfull \hbox (4.49997pt too wide) detected at line 46293
 []\T1/ppl/m/n/10 5667
 []


Overfull \hbox (4.49997pt too wide) detected at line 46295
 []\T1/ppl/m/n/10 5668
 []


Overfull \hbox (4.49997pt too wide) detected at line 46298
 []\T1/ppl/m/n/10 5669
 []


Overfull \hbox (4.49997pt too wide) detected at line 46304
 []\T1/ppl/m/n/10 5671
 []


Overfull \hbox (4.49997pt too wide) detected at line 46306
 []\T1/ppl/m/n/10 5672
 []


Overfull \hbox (4.49997pt too wide) detected at line 46309
 []\T1/ppl/m/n/10 5672
 []


Overfull \hbox (4.49997pt too wide) detected at line 46312
 []\T1/ppl/m/n/10 5673
 []


Overfull \hbox (4.49997pt too wide) detected at line 46313
 []\T1/ppl/m/n/10 5673
 []


Overfull \hbox (4.49997pt too wide) detected at line 46318
 []\T1/ppl/m/n/10 5674
 []


Overfull \hbox (4.49997pt too wide) detected at line 46319
 []\T1/ppl/m/n/10 5674
 []


Overfull \hbox (4.49997pt too wide) detected at line 46322
 []\T1/ppl/m/n/10 5675
 []


Overfull \hbox (4.49997pt too wide) detected at line 46327
 []\T1/ppl/m/n/10 5676
 []


Overfull \hbox (4.49997pt too wide) detected at line 46334
 []\T1/ppl/m/n/10 5679
 []


Overfull \hbox (4.49997pt too wide) detected at line 46348
 []\T1/ppl/m/n/10 5682
 []


Overfull \hbox (4.49997pt too wide) detected at line 46350
 []\T1/ppl/m/n/10 5682
 []


Overfull \hbox (4.49997pt too wide) detected at line 46358
 []\T1/ppl/m/n/10 5683
 []


Overfull \hbox (4.49997pt too wide) detected at line 46359
 []\T1/ppl/m/n/10 5683
 []


Overfull \hbox (4.49997pt too wide) detected at line 46362
 []\T1/ppl/m/n/10 5684
 []


Overfull \hbox (4.49997pt too wide) detected at line 46364
 []\T1/ppl/m/n/10 5685
 []


Overfull \hbox (4.49997pt too wide) detected at line 46368
 []\T1/ppl/m/n/10 5686
 []


Overfull \hbox (4.49997pt too wide) detected at line 46370
 []\T1/ppl/m/n/10 5686
 []


Overfull \hbox (4.49997pt too wide) detected at line 46373
 []\T1/ppl/m/n/10 5687
 []


Overfull \hbox (4.49997pt too wide) detected at line 46375
 []\T1/ppl/m/n/10 5687
 []


Overfull \hbox (4.49997pt too wide) detected at line 46380
 []\T1/ppl/m/n/10 5689
 []


Overfull \hbox (4.49997pt too wide) detected at line 46382
 []\T1/ppl/m/n/10 5690
 []


Overfull \hbox (4.49997pt too wide) detected at line 46383
 []\T1/ppl/m/n/10 5690
 []


Overfull \hbox (4.49997pt too wide) detected at line 46384
 []\T1/ppl/m/n/10 5690
 []


Overfull \hbox (4.49997pt too wide) detected at line 46387
 []\T1/ppl/m/n/10 5691
 []


Overfull \hbox (4.49997pt too wide) detected at line 46388
 []\T1/ppl/m/n/10 5691
 []


Overfull \hbox (4.49997pt too wide) detected at line 46395
 []\T1/ppl/m/n/10 5692
 []


Overfull \hbox (4.49997pt too wide) detected at line 46397
 []\T1/ppl/m/n/10 5693
 []


Overfull \hbox (4.49997pt too wide) detected at line 46403
 []\T1/ppl/m/n/10 5694
 []

[17]
Overfull \hbox (4.49997pt too wide) detected at line 46404
 []\T1/ppl/m/n/10 5694
 []


Overfull \hbox (4.49997pt too wide) detected at line 46408
 []\T1/ppl/m/n/10 5695
 []


Overfull \hbox (4.49997pt too wide) detected at line 46409
 []\T1/ppl/m/n/10 5695
 []


Overfull \hbox (4.49997pt too wide) detected at line 46411
 []\T1/ppl/m/n/10 5696
 []


Overfull \hbox (4.49997pt too wide) detected at line 46414
 []\T1/ppl/m/n/10 5696
 []


Overfull \hbox (4.49997pt too wide) detected at line 46423
 []\T1/ppl/m/n/10 5699
 []


Overfull \hbox (4.49997pt too wide) detected at line 46427
 []\T1/ppl/m/n/10 5700
 []


Overfull \hbox (4.49997pt too wide) detected at line 46431
 []\T1/ppl/m/n/10 5701
 []


Overfull \hbox (4.49997pt too wide) detected at line 46435
 []\T1/ppl/m/n/10 5702
 []


Overfull \hbox (4.49997pt too wide) detected at line 46436
 []\T1/ppl/m/n/10 5702
 []


Overfull \hbox (4.49997pt too wide) detected at line 46441
 []\T1/ppl/m/n/10 5703
 []


Overfull \hbox (4.49997pt too wide) detected at line 46443
 []\T1/ppl/m/n/10 5704
 []


Overfull \hbox (4.49997pt too wide) detected at line 46445
 []\T1/ppl/m/n/10 5704
 []


Overfull \hbox (4.49997pt too wide) detected at line 46448
 []\T1/ppl/m/n/10 5705
 []


Overfull \hbox (4.49997pt too wide) detected at line 46453
 []\T1/ppl/m/n/10 5705
 []


Overfull \hbox (4.49997pt too wide) detected at line 46457
 []\T1/ppl/m/n/10 5706
 []


Overfull \hbox (4.49997pt too wide) detected at line 46460
 []\T1/ppl/m/n/10 5708
 []


Overfull \hbox (4.49997pt too wide) detected at line 46461
 []\T1/ppl/m/n/10 5708
 []


Overfull \hbox (4.49997pt too wide) detected at line 46466
 []\T1/ppl/m/n/10 5714
 []


Overfull \hbox (4.49997pt too wide) detected at line 46467
 []\T1/ppl/m/n/10 5714
 []


Overfull \hbox (4.49997pt too wide) detected at line 46470
 []\T1/ppl/m/n/10 5716
 []


Overfull \hbox (4.49997pt too wide) detected at line 46478
 []\T1/ppl/m/n/10 5717
 []


Overfull \hbox (4.49997pt too wide) detected at line 46479
 []\T1/ppl/m/n/10 5717
 []


Overfull \hbox (4.49997pt too wide) detected at line 46481
 []\T1/ppl/m/n/10 5718
 []


Overfull \hbox (4.49997pt too wide) detected at line 46482
 []\T1/ppl/m/n/10 5718
 []


Overfull \hbox (4.49997pt too wide) detected at line 46494
 []\T1/ppl/m/n/10 5719
 []


Overfull \hbox (4.49997pt too wide) detected at line 46496
 []\T1/ppl/m/n/10 5720
 []


Overfull \hbox (4.49997pt too wide) detected at line 46500
 []\T1/ppl/m/n/10 5721
 []


Overfull \hbox (4.49997pt too wide) detected at line 46501
 []\T1/ppl/m/n/10 5721
 []


Overfull \hbox (4.49997pt too wide) detected at line 46504
 []\T1/ppl/m/n/10 5722
 []


Overfull \hbox (4.49997pt too wide) detected at line 46507
 []\T1/ppl/m/n/10 5722
 []


Overfull \hbox (4.49997pt too wide) detected at line 46510
 []\T1/ppl/m/n/10 5723
 []


Overfull \hbox (4.49997pt too wide) detected at line 46514
 []\T1/ppl/m/n/10 5724
 []


Overfull \hbox (4.49997pt too wide) detected at line 46518
 []\T1/ppl/m/n/10 5724
 []


Overfull \hbox (4.49997pt too wide) detected at line 46524
 []\T1/ppl/m/n/10 5725
 []

[18]
Overfull \hbox (4.49997pt too wide) detected at line 46527
 []\T1/ppl/m/n/10 5726
 []


Overfull \hbox (4.49997pt too wide) detected at line 46531
 []\T1/ppl/m/n/10 5727
 []


Overfull \hbox (4.49997pt too wide) detected at line 46541
 []\T1/ppl/m/n/10 5729
 []


Overfull \hbox (4.49997pt too wide) detected at line 46542
 []\T1/ppl/m/n/10 5729
 []


Overfull \hbox (4.49997pt too wide) detected at line 46545
 []\T1/ppl/m/n/10 5729
 []


Overfull \hbox (4.49997pt too wide) detected at line 46553
 []\T1/ppl/m/n/10 5731
 []


Overfull \hbox (4.49997pt too wide) detected at line 46561
 []\T1/ppl/m/n/10 5733
 []


Overfull \hbox (4.49997pt too wide) detected at line 46564
 []\T1/ppl/m/n/10 5733
 []


Overfull \hbox (4.49997pt too wide) detected at line 46574
 []\T1/ppl/m/n/10 5736
 []


Overfull \hbox (4.49997pt too wide) detected at line 46584
 []\T1/ppl/m/n/10 5741
 []


Overfull \hbox (4.49997pt too wide) detected at line 46586
 []\T1/ppl/m/n/10 5741
 []


Overfull \hbox (4.49997pt too wide) detected at line 46587
 []\T1/ppl/m/n/10 5741
 []


Overfull \hbox (4.49997pt too wide) detected at line 46590
 []\T1/ppl/m/n/10 5742
 []


Overfull \hbox (4.49997pt too wide) detected at line 46595
 []\T1/ppl/m/n/10 5742
 []


Overfull \hbox (4.49997pt too wide) detected at line 46596
 []\T1/ppl/m/n/10 5742
 []


Overfull \hbox (4.49997pt too wide) detected at line 46599
 []\T1/ppl/m/n/10 5743
 []


Overfull \hbox (4.49997pt too wide) detected at line 46600
 []\T1/ppl/m/n/10 5743
 []


Overfull \hbox (4.49997pt too wide) detected at line 46605
 []\T1/ppl/m/n/10 5744
 []


Overfull \hbox (4.49997pt too wide) detected at line 46608
 []\T1/ppl/m/n/10 5744
 []


Overfull \hbox (4.49997pt too wide) detected at line 46614
 []\T1/ppl/m/n/10 5747
 []


Overfull \hbox (4.49997pt too wide) detected at line 46615
 []\T1/ppl/m/n/10 5747
 []


Overfull \hbox (4.49997pt too wide) detected at line 46617
 []\T1/ppl/m/n/10 5747
 []


Overfull \hbox (4.49997pt too wide) detected at line 46627
 []\T1/ppl/m/n/10 5749
 []


Overfull \hbox (4.49997pt too wide) detected at line 46628
 []\T1/ppl/m/n/10 5749
 []


Overfull \hbox (4.49997pt too wide) detected at line 46631
 []\T1/ppl/m/n/10 5751
 []


Overfull \hbox (4.49997pt too wide) detected at line 46633
 []\T1/ppl/m/n/10 5752
 []


Overfull \hbox (4.49997pt too wide) detected at line 46635
 []\T1/ppl/m/n/10 5752
 []


Overfull \hbox (4.49997pt too wide) detected at line 46637
 []\T1/ppl/m/n/10 5754
 []


Overfull \hbox (4.49997pt too wide) detected at line 46639
 []\T1/ppl/m/n/10 5756
 []


Overfull \hbox (4.49997pt too wide) detected at line 46642
 []\T1/ppl/m/n/10 5756
 []


Overfull \hbox (4.49997pt too wide) detected at line 46645
 []\T1/ppl/m/n/10 5757
 []


Overfull \hbox (4.49997pt too wide) detected at line 46649
 []\T1/ppl/m/n/10 5758
 []


Overfull \hbox (4.49997pt too wide) detected at line 46650
 []\T1/ppl/m/n/10 5758
 []


Overfull \hbox (4.49997pt too wide) detected at line 46651
 []\T1/ppl/m/n/10 5758
 []


Overfull \hbox (4.49997pt too wide) detected at line 46653
 []\T1/ppl/m/n/10 5758
 []


Overfull \hbox (4.49997pt too wide) detected at line 46656
 []\T1/ppl/m/n/10 5759
 []


Overfull \hbox (4.49997pt too wide) detected at line 46659
 []\T1/ppl/m/n/10 5759
 []


Overfull \hbox (4.49997pt too wide) detected at line 46668
 []\T1/ppl/m/n/10 5760
 []

[19]
Overfull \hbox (4.49997pt too wide) detected at line 46671
 []\T1/ppl/m/n/10 5761
 []


Overfull \hbox (4.49997pt too wide) detected at line 46678
 []\T1/ppl/m/n/10 5761
 []


Overfull \hbox (4.49997pt too wide) detected at line 46681
 []\T1/ppl/m/n/10 5763
 []


Overfull \hbox (4.49997pt too wide) detected at line 46684
 []\T1/ppl/m/n/10 5764
 []


Overfull \hbox (4.49997pt too wide) detected at line 46685
 []\T1/ppl/m/n/10 5765
 []


Overfull \hbox (4.49997pt too wide) detected at line 46693
 []\T1/ppl/m/n/10 5767
 []


Overfull \hbox (4.49997pt too wide) detected at line 46697
 []\T1/ppl/m/n/10 5767
 []


Overfull \hbox (4.49997pt too wide) detected at line 46702
 []\T1/ppl/m/n/10 5769
 []


Overfull \hbox (4.49997pt too wide) detected at line 46703
 []\T1/ppl/m/n/10 5769
 []


Overfull \hbox (4.49997pt too wide) detected at line 46706
 []\T1/ppl/m/n/10 5770
 []


Overfull \hbox (4.49997pt too wide) detected at line 46707
 []\T1/ppl/m/n/10 5770
 []


Overfull \hbox (4.49997pt too wide) detected at line 46709
 []\T1/ppl/m/n/10 5771
 []


Overfull \hbox (4.49997pt too wide) detected at line 46710
 []\T1/ppl/m/n/10 5771
 []


Overfull \hbox (4.49997pt too wide) detected at line 46712
 []\T1/ppl/m/n/10 5772
 []


Overfull \hbox (4.49997pt too wide) detected at line 46713
 []\T1/ppl/m/n/10 5772
 []


Overfull \hbox (4.49997pt too wide) detected at line 46715
 []\T1/ppl/m/n/10 5773
 []


Overfull \hbox (4.49997pt too wide) detected at line 46716
 []\T1/ppl/m/n/10 5773
 []


Overfull \hbox (4.49997pt too wide) detected at line 46719
 []\T1/ppl/m/n/10 5774
 []


Overfull \hbox (4.49997pt too wide) detected at line 46721
 []\T1/ppl/m/n/10 5775
 []


Overfull \hbox (4.49997pt too wide) detected at line 46722
 []\T1/ppl/m/n/10 5775
 []


Overfull \hbox (4.49997pt too wide) detected at line 46730
 []\T1/ppl/m/n/10 5776
 []


Overfull \hbox (4.49997pt too wide) detected at line 46731
 []\T1/ppl/m/n/10 5776
 []


Overfull \hbox (4.49997pt too wide) detected at line 46734
 []\T1/ppl/m/n/10 5778
 []


Overfull \hbox (4.49997pt too wide) detected at line 46739
 []\T1/ppl/m/n/10 5779
 []


Overfull \hbox (4.49997pt too wide) detected at line 46741
 []\T1/ppl/m/n/10 5779
 []


Overfull \hbox (4.49997pt too wide) detected at line 46743
 []\T1/ppl/m/n/10 5780
 []


Overfull \hbox (4.49997pt too wide) detected at line 46744
 []\T1/ppl/m/n/10 5780
 []


Overfull \hbox (4.49997pt too wide) detected at line 46753
 []\T1/ppl/m/n/10 5783
 []


Overfull \hbox (4.49997pt too wide) detected at line 46754
 []\T1/ppl/m/n/10 5783
 []


Overfull \hbox (4.49997pt too wide) detected at line 46764
 []\T1/ppl/m/n/10 5788
 []


Overfull \hbox (4.49997pt too wide) detected at line 46765
 []\T1/ppl/m/n/10 5788
 []


Overfull \hbox (4.49997pt too wide) detected at line 46779
 []\T1/ppl/m/n/10 5790
 []


Overfull \hbox (4.49997pt too wide) detected at line 46782
 []\T1/ppl/m/n/10 5791
 []


Overfull \hbox (4.49997pt too wide) detected at line 46784
 []\T1/ppl/m/n/10 5791
 []


Overfull \hbox (4.49997pt too wide) detected at line 46791
 []\T1/ppl/m/n/10 5792
 []


Overfull \hbox (4.49997pt too wide) detected at line 46794
 []\T1/ppl/m/n/10 5793
 []


Overfull \hbox (4.49997pt too wide) detected at line 46795
 []\T1/ppl/m/n/10 5793
 []

[20]
Overfull \hbox (4.49997pt too wide) detected at line 46798
 []\T1/ppl/m/n/10 5794
 []


Overfull \hbox (4.49997pt too wide) detected at line 46799
 []\T1/ppl/m/n/10 5794
 []


Overfull \hbox (4.49997pt too wide) detected at line 46802
 []\T1/ppl/m/n/10 5795
 []


Overfull \hbox (4.49997pt too wide) detected at line 46803
 []\T1/ppl/m/n/10 5795
 []


Overfull \hbox (4.49997pt too wide) detected at line 46807
 []\T1/ppl/m/n/10 5796
 []


Overfull \hbox (4.49997pt too wide) detected at line 46808
 []\T1/ppl/m/n/10 5796
 []


Overfull \hbox (4.49997pt too wide) detected at line 46813
 []\T1/ppl/m/n/10 5798
 []


Overfull \hbox (4.49997pt too wide) detected at line 46817
 []\T1/ppl/m/n/10 5798
 []


Overfull \hbox (4.49997pt too wide) detected at line 46820
 []\T1/ppl/m/n/10 5800
 []


Overfull \hbox (4.49997pt too wide) detected at line 46826
 []\T1/ppl/m/n/10 5801
 []


Overfull \hbox (4.49997pt too wide) detected at line 46833
 []\T1/ppl/m/n/10 5802
 []


Overfull \hbox (4.49997pt too wide) detected at line 46834
 []\T1/ppl/m/n/10 5802
 []


Overfull \hbox (4.49997pt too wide) detected at line 46841
 []\T1/ppl/m/n/10 5804
 []


Overfull \hbox (4.49997pt too wide) detected at line 46842
 []\T1/ppl/m/n/10 5804
 []


Overfull \hbox (4.49997pt too wide) detected at line 46849
 []\T1/ppl/m/n/10 5806
 []


Overfull \hbox (4.49997pt too wide) detected at line 46854
 []\T1/ppl/m/n/10 5807
 []


Overfull \hbox (4.49997pt too wide) detected at line 46855
 []\T1/ppl/m/n/10 5807
 []


Overfull \hbox (4.49997pt too wide) detected at line 46856
 []\T1/ppl/m/n/10 5807
 []


Overfull \hbox (4.49997pt too wide) detected at line 46859
 []\T1/ppl/m/n/10 5808
 []


Overfull \hbox (4.49997pt too wide) detected at line 46866
 []\T1/ppl/m/n/10 5809
 []


Overfull \hbox (4.49997pt too wide) detected at line 46867
 []\T1/ppl/m/n/10 5809
 []


Overfull \hbox (4.49997pt too wide) detected at line 46870
 []\T1/ppl/m/n/10 5810
 []


Overfull \hbox (4.49997pt too wide) detected at line 46872
 []\T1/ppl/m/n/10 5811
 []


Overfull \hbox (4.49997pt too wide) detected at line 46873
 []\T1/ppl/m/n/10 5811
 []


Overfull \hbox (4.49997pt too wide) detected at line 46875
 []\T1/ppl/m/n/10 5811
 []


Overfull \hbox (4.49997pt too wide) detected at line 46884
 []\T1/ppl/m/n/10 5812
 []


Overfull \hbox (4.49997pt too wide) detected at line 46888
 []\T1/ppl/m/n/10 5813
 []


Overfull \hbox (4.49997pt too wide) detected at line 46889
 []\T1/ppl/m/n/10 5813
 []


Overfull \hbox (4.49997pt too wide) detected at line 46890
 []\T1/ppl/m/n/10 5813
 []


Overfull \hbox (4.49997pt too wide) detected at line 46893
 []\T1/ppl/m/n/10 5814
 []


Overfull \hbox (4.49997pt too wide) detected at line 46895
 []\T1/ppl/m/n/10 5815
 []


Overfull \hbox (4.49997pt too wide) detected at line 46898
 []\T1/ppl/m/n/10 5815
 []


Overfull \hbox (4.49997pt too wide) detected at line 46902
 []\T1/ppl/m/n/10 5816
 []


Overfull \hbox (4.49997pt too wide) detected at line 46904
 []\T1/ppl/m/n/10 5817
 []


Overfull \hbox (4.49997pt too wide) detected at line 46907
 []\T1/ppl/m/n/10 5817
 []

[21]
Overfull \hbox (4.49997pt too wide) detected at line 46912
 []\T1/ppl/m/n/10 5818
 []


Overfull \hbox (4.49997pt too wide) detected at line 46913
 []\T1/ppl/m/n/10 5818
 []


Overfull \hbox (4.49997pt too wide) detected at line 46920
 []\T1/ppl/m/n/10 5819
 []


Overfull \hbox (4.49997pt too wide) detected at line 46921
 []\T1/ppl/m/n/10 5819
 []


Overfull \hbox (4.49997pt too wide) detected at line 46924
 []\T1/ppl/m/n/10 5819
 []


Overfull \hbox (4.49997pt too wide) detected at line 46928
 []\T1/ppl/m/n/10 5820
 []


Overfull \hbox (4.49997pt too wide) detected at line 46931
 []\T1/ppl/m/n/10 5821
 []


Overfull \hbox (4.49997pt too wide) detected at line 46936
 []\T1/ppl/m/n/10 5823
 []


Overfull \hbox (4.49997pt too wide) detected at line 46939
 []\T1/ppl/m/n/10 5824
 []


Overfull \hbox (4.49997pt too wide) detected at line 46942
 []\T1/ppl/m/n/10 5825
 []


Overfull \hbox (4.49997pt too wide) detected at line 46946
 []\T1/ppl/m/n/10 5826
 []


Overfull \hbox (4.49997pt too wide) detected at line 46947
 []\T1/ppl/m/n/10 5826
 []


Overfull \hbox (4.49997pt too wide) detected at line 46951
 []\T1/ppl/m/n/10 5827
 []


Overfull \hbox (4.49997pt too wide) detected at line 46952
 []\T1/ppl/m/n/10 5827
 []


Overfull \hbox (4.49997pt too wide) detected at line 46960
 []\T1/ppl/m/n/10 5828
 []


Overfull \hbox (4.49997pt too wide) detected at line 46961
 []\T1/ppl/m/n/10 5828
 []


Overfull \hbox (4.49997pt too wide) detected at line 46964
 []\T1/ppl/m/n/10 5829
 []


Overfull \hbox (4.49997pt too wide) detected at line 46966
 []\T1/ppl/m/n/10 5829
 []


Overfull \hbox (4.49997pt too wide) detected at line 46969
 []\T1/ppl/m/n/10 5830
 []


Overfull \hbox (4.49997pt too wide) detected at line 46974
 []\T1/ppl/m/n/10 5831
 []


Overfull \hbox (4.49997pt too wide) detected at line 46978
 []\T1/ppl/m/n/10 5832
 []


Overfull \hbox (4.49997pt too wide) detected at line 46981
 []\T1/ppl/m/n/10 5833
 []


Overfull \hbox (4.49997pt too wide) detected at line 46984
 []\T1/ppl/m/n/10 5834
 []


Overfull \hbox (4.49997pt too wide) detected at line 46990
 []\T1/ppl/m/n/10 5835
 []


Overfull \hbox (4.49997pt too wide) detected at line 46993
 []\T1/ppl/m/n/10 5836
 []


Overfull \hbox (4.49997pt too wide) detected at line 46995
 []\T1/ppl/m/n/10 5837
 []


Overfull \hbox (4.49997pt too wide) detected at line 46996
 []\T1/ppl/m/n/10 5837
 []


Overfull \hbox (4.49997pt too wide) detected at line 47000
 []\T1/ppl/m/n/10 5837
 []


Overfull \hbox (4.49997pt too wide) detected at line 47002
 []\T1/ppl/m/n/10 5838
 []


Overfull \hbox (4.49997pt too wide) detected at line 47004
 []\T1/ppl/m/n/10 5839
 []


Overfull \hbox (4.49997pt too wide) detected at line 47007
 []\T1/ppl/m/n/10 5840
 []


Overfull \hbox (4.49997pt too wide) detected at line 47008
 []\T1/ppl/m/n/10 5840
 []


Overfull \hbox (4.49997pt too wide) detected at line 47010
 []\T1/ppl/m/n/10 5840
 []


Overfull \hbox (4.49997pt too wide) detected at line 47012
 []\T1/ppl/m/n/10 5841
 []


Overfull \hbox (4.49997pt too wide) detected at line 47015
 []\T1/ppl/m/n/10 5841
 []


Overfull \hbox (4.49997pt too wide) detected at line 47016
 []\T1/ppl/m/n/10 5842
 []


Overfull \hbox (4.49997pt too wide) detected at line 47024
 []\T1/ppl/m/n/10 5842
 []

[22]
Overfull \hbox (4.49997pt too wide) detected at line 47027
 []\T1/ppl/m/n/10 5844
 []


Overfull \hbox (4.49997pt too wide) detected at line 47031
 []\T1/ppl/m/n/10 5845
 []


Overfull \hbox (4.49997pt too wide) detected at line 47033
 []\T1/ppl/m/n/10 5846
 []


Overfull \hbox (4.49997pt too wide) detected at line 47039
 []\T1/ppl/m/n/10 5847
 []


Overfull \hbox (4.49997pt too wide) detected at line 47040
 []\T1/ppl/m/n/10 5847
 []


Overfull \hbox (4.49997pt too wide) detected at line 47043
 []\T1/ppl/m/n/10 5848
 []


Overfull \hbox (4.49997pt too wide) detected at line 47044
 []\T1/ppl/m/n/10 5848
 []


Overfull \hbox (4.49997pt too wide) detected at line 47047
 []\T1/ppl/m/n/10 5849
 []


Overfull \hbox (4.49997pt too wide) detected at line 47049
 []\T1/ppl/m/n/10 5849
 []


Overfull \hbox (4.49997pt too wide) detected at line 47053
 []\T1/ppl/m/n/10 5849
 []


Overfull \hbox (4.49997pt too wide) detected at line 47055
 []\T1/ppl/m/n/10 5849
 []


Overfull \hbox (4.49997pt too wide) detected at line 47057
 []\T1/ppl/m/n/10 5850
 []


Overfull \hbox (4.49997pt too wide) detected at line 47059
 []\T1/ppl/m/n/10 5850
 []


Overfull \hbox (4.49997pt too wide) detected at line 47061
 []\T1/ppl/m/n/10 5850
 []


Overfull \hbox (4.49997pt too wide) detected at line 47064
 []\T1/ppl/m/n/10 5850
 []


Overfull \hbox (4.49997pt too wide) detected at line 47067
 []\T1/ppl/m/n/10 5851
 []


Overfull \hbox (4.49997pt too wide) detected at line 47069
 []\T1/ppl/m/n/10 5851
 []


Overfull \hbox (4.49997pt too wide) detected at line 47070
 []\T1/ppl/m/n/10 5851
 []


Overfull \hbox (4.49997pt too wide) detected at line 47073
 []\T1/ppl/m/n/10 5852
 []


Overfull \hbox (4.49997pt too wide) detected at line 47076
 []\T1/ppl/m/n/10 5852
 []


Overfull \hbox (4.49997pt too wide) detected at line 47078
 []\T1/ppl/m/n/10 5852
 []


Overfull \hbox (4.49997pt too wide) detected at line 47081
 []\T1/ppl/m/n/10 5853
 []


Overfull \hbox (4.49997pt too wide) detected at line 47086
 []\T1/ppl/m/n/10 5853
 []


Overfull \hbox (4.49997pt too wide) detected at line 47088
 []\T1/ppl/m/n/10 5853
 []


Overfull \hbox (4.49997pt too wide) detected at line 47091
 []\T1/ppl/m/n/10 5854
 []


Overfull \hbox (4.49997pt too wide) detected at line 47094
 []\T1/ppl/m/n/10 5854
 []


Overfull \hbox (4.49997pt too wide) detected at line 47096
 []\T1/ppl/m/n/10 5855
 []


Overfull \hbox (4.49997pt too wide) detected at line 47098
 []\T1/ppl/m/n/10 5855
 []


Overfull \hbox (4.49997pt too wide) detected at line 47103
 []\T1/ppl/m/n/10 5856
 []


Overfull \hbox (4.49997pt too wide) detected at line 47106
 []\T1/ppl/m/n/10 5856
 []


Overfull \hbox (4.49997pt too wide) detected at line 47108
 []\T1/ppl/m/n/10 5856
 []


Overfull \hbox (4.49997pt too wide) detected at line 47110
 []\T1/ppl/m/n/10 5857
 []


Overfull \hbox (4.49997pt too wide) detected at line 47112
 []\T1/ppl/m/n/10 5857
 []


Overfull \hbox (4.49997pt too wide) detected at line 47114
 []\T1/ppl/m/n/10 5857
 []


Overfull \hbox (4.49997pt too wide) detected at line 47118
 []\T1/ppl/m/n/10 5858
 []


Overfull \hbox (4.49997pt too wide) detected at line 47121
 []\T1/ppl/m/n/10 5858
 []


Overfull \hbox (4.49997pt too wide) detected at line 47123
 []\T1/ppl/m/n/10 5858
 []


Overfull \hbox (4.49997pt too wide) detected at line 47126
 []\T1/ppl/m/n/10 5859
 []


Overfull \hbox (4.49997pt too wide) detected at line 47129
 []\T1/ppl/m/n/10 5859
 []


Overfull \hbox (4.49997pt too wide) detected at line 47131
 []\T1/ppl/m/n/10 5859
 []


Overfull \hbox (4.49997pt too wide) detected at line 47133
 []\T1/ppl/m/n/10 5860
 []


Overfull \hbox (4.49997pt too wide) detected at line 47136
 []\T1/ppl/m/n/10 5860
 []


Overfull \hbox (4.49997pt too wide) detected at line 47138
 []\T1/ppl/m/n/10 5860
 []


Overfull \hbox (4.49997pt too wide) detected at line 47142
 []\T1/ppl/m/n/10 5861
 []


Overfull \hbox (4.49997pt too wide) detected at line 47143
 []\T1/ppl/m/n/10 5861
 []


Overfull \hbox (4.49997pt too wide) detected at line 47144
 []\T1/ppl/m/n/10 5861
 []


Overfull \hbox (4.49997pt too wide) detected at line 47145
 []\T1/ppl/m/n/10 5861
 []


Overfull \hbox (4.49997pt too wide) detected at line 47147
 []\T1/ppl/m/n/10 5861
 []


Overfull \hbox (4.49997pt too wide) detected at line 47149
 []\T1/ppl/m/n/10 5862
 []


Overfull \hbox (4.49997pt too wide) detected at line 47151
 []\T1/ppl/m/n/10 5862
 []


Overfull \hbox (4.49997pt too wide) detected at line 47153
 []\T1/ppl/m/n/10 5862
 []


Overfull \hbox (4.49997pt too wide) detected at line 47155
 []\T1/ppl/m/n/10 5863
 []

[23]
Overfull \hbox (4.49997pt too wide) detected at line 47156
 []\T1/ppl/m/n/10 5863
 []


Overfull \hbox (4.49997pt too wide) detected at line 47158
 []\T1/ppl/m/n/10 5863
 []


Overfull \hbox (4.49997pt too wide) detected at line 47160
 []\T1/ppl/m/n/10 5863
 []


Overfull \hbox (4.49997pt too wide) detected at line 47162
 []\T1/ppl/m/n/10 5864
 []


Overfull \hbox (4.49997pt too wide) detected at line 47164
 []\T1/ppl/m/n/10 5864
 []


Overfull \hbox (4.49997pt too wide) detected at line 47167
 []\T1/ppl/m/n/10 5864
 []


Overfull \hbox (4.49997pt too wide) detected at line 47171
 []\T1/ppl/m/n/10 5864
 []


Overfull \hbox (4.49997pt too wide) detected at line 47173
 []\T1/ppl/m/n/10 5865
 []


Overfull \hbox (4.49997pt too wide) detected at line 47175
 []\T1/ppl/m/n/10 5865
 []


Overfull \hbox (4.49997pt too wide) detected at line 47177
 []\T1/ppl/m/n/10 5866
 []


Overfull \hbox (4.49997pt too wide) detected at line 47179
 []\T1/ppl/m/n/10 5866
 []


Overfull \hbox (4.49997pt too wide) detected at line 47181
 []\T1/ppl/m/n/10 5866
 []


Overfull \hbox (4.49997pt too wide) detected at line 47182
 []\T1/ppl/m/n/10 5866
 []


Overfull \hbox (4.49997pt too wide) detected at line 47184
 []\T1/ppl/m/n/10 5867
 []


Overfull \hbox (4.49997pt too wide) detected at line 47188
 []\T1/ppl/m/n/10 5867
 []


Overfull \hbox (4.49997pt too wide) detected at line 47190
 []\T1/ppl/m/n/10 5867
 []


Overfull \hbox (4.49997pt too wide) detected at line 47192
 []\T1/ppl/m/n/10 5867
 []


Overfull \hbox (4.49997pt too wide) detected at line 47194
 []\T1/ppl/m/n/10 5868
 []


Overfull \hbox (4.49997pt too wide) detected at line 47196
 []\T1/ppl/m/n/10 5868
 []


Overfull \hbox (4.49997pt too wide) detected at line 47199
 []\T1/ppl/m/n/10 5868
 []


Overfull \hbox (4.49997pt too wide) detected at line 47201
 []\T1/ppl/m/n/10 5868
 []


Overfull \hbox (4.49997pt too wide) detected at line 47205
 []\T1/ppl/m/n/10 5871
 []


Overfull \hbox (4.49997pt too wide) detected at line 47206
 []\T1/ppl/m/n/10 5871
 []


Overfull \hbox (4.49997pt too wide) detected at line 47212
 []\T1/ppl/m/n/10 5874
 []


Overfull \hbox (4.49997pt too wide) detected at line 47213
 []\T1/ppl/m/n/10 5874
 []


Overfull \hbox (4.49997pt too wide) detected at line 47243
 []\T1/ppl/m/n/10 5895
 []


Overfull \hbox (4.49997pt too wide) detected at line 47244
 []\T1/ppl/m/n/10 5895
 []


Overfull \hbox (4.49997pt too wide) detected at line 47245
 []\T1/ppl/m/n/10 5895
 []


Overfull \hbox (4.49997pt too wide) detected at line 47248
 []\T1/ppl/m/n/10 5897
 []


Overfull \hbox (4.49997pt too wide) detected at line 47249
 []\T1/ppl/m/n/10 5897
 []


Overfull \hbox (4.49997pt too wide) detected at line 47251
 []\T1/ppl/m/n/10 5899
 []


Overfull \hbox (4.49997pt too wide) detected at line 47258
 []\T1/ppl/m/n/10 5904
 []

[24]
Overfull \hbox (4.49997pt too wide) detected at line 47282
 []\T1/ppl/m/n/10 5922
 []


Overfull \hbox (4.49997pt too wide) detected at line 47285
 []\T1/ppl/m/n/10 5923
 []


Overfull \hbox (4.49997pt too wide) detected at line 47288
 []\T1/ppl/m/n/10 5926
 []


Overfull \hbox (4.49997pt too wide) detected at line 47295
 []\T1/ppl/m/n/10 5928
 []


Overfull \hbox (4.49997pt too wide) detected at line 47297
 []\T1/ppl/m/n/10 5929
 []


Overfull \hbox (4.49997pt too wide) detected at line 47304
 []\T1/ppl/m/n/10 5931
 []


Overfull \hbox (4.49997pt too wide) detected at line 47309
 []\T1/ppl/m/n/10 5933
 []


Overfull \hbox (4.49997pt too wide) detected at line 47312
 []\T1/ppl/m/n/10 5933
 []


Overfull \hbox (4.49997pt too wide) detected at line 47315
 []\T1/ppl/m/n/10 5934
 []


Overfull \hbox (4.49997pt too wide) detected at line 47317
 []\T1/ppl/m/n/10 5934
 []


Overfull \hbox (4.49997pt too wide) detected at line 47322
 []\T1/ppl/m/n/10 5942
 []


Overfull \hbox (4.49997pt too wide) detected at line 47324
 []\T1/ppl/m/n/10 5942
 []


Overfull \hbox (4.49997pt too wide) detected at line 47326
 []\T1/ppl/m/n/10 5942
 []


Overfull \hbox (4.49997pt too wide) detected at line 47330
 []\T1/ppl/m/n/10 5945
 []


Overfull \hbox (4.49997pt too wide) detected at line 47333
 []\T1/ppl/m/n/10 5946
 []


Overfull \hbox (4.49997pt too wide) detected at line 47336
 []\T1/ppl/m/n/10 5947
 []


Overfull \hbox (4.49997pt too wide) detected at line 47340
 []\T1/ppl/m/n/10 5949
 []


Overfull \hbox (4.49997pt too wide) detected at line 47341
 []\T1/ppl/m/n/10 5949
 []


Overfull \hbox (4.49997pt too wide) detected at line 47343
 []\T1/ppl/m/n/10 5951
 []


Overfull \hbox (4.49997pt too wide) detected at line 47348
 []\T1/ppl/m/n/10 5952
 []


Overfull \hbox (4.49997pt too wide) detected at line 47349
 []\T1/ppl/m/n/10 5952
 []


Overfull \hbox (4.49997pt too wide) detected at line 47357
 []\T1/ppl/m/n/10 5966
 []


Overfull \hbox (4.49997pt too wide) detected at line 47358
 []\T1/ppl/m/n/10 5966
 []


Overfull \hbox (4.49997pt too wide) detected at line 47359
 []\T1/ppl/m/n/10 5969
 []


Overfull \hbox (4.49997pt too wide) detected at line 47360
 []\T1/ppl/m/n/10 5973
 []


Overfull \hbox (4.49997pt too wide) detected at line 47361
 []\T1/ppl/m/n/10 5975
 []


Overfull \hbox (4.49997pt too wide) detected at line 47362
 []\T1/ppl/m/n/10 5979
 []


Overfull \hbox (4.49997pt too wide) detected at line 47363
 []\T1/ppl/m/n/10 5982
 []


Overfull \hbox (4.49997pt too wide) detected at line 47364
 []\T1/ppl/m/n/10 5985
 []


Overfull \hbox (4.49997pt too wide) detected at line 47365
 []\T1/ppl/m/n/10 5989
 []


Overfull \hbox (4.49997pt too wide) detected at line 47366
 []\T1/ppl/m/n/10 5990
 []


Overfull \hbox (4.49997pt too wide) detected at line 47367
 []\T1/ppl/m/n/10 5991
 []

[25]
Overfull \hbox (4.49997pt too wide) detected at line 47368
 []\T1/ppl/m/n/10 6004
 []


Overfull \hbox (4.49997pt too wide) detected at line 47369
 []\T1/ppl/m/n/10 6006
 []


Overfull \hbox (4.49997pt too wide) detected at line 47370
 []\T1/ppl/m/n/10 6007
 []


Overfull \hbox (4.49997pt too wide) detected at line 47376
 []\T1/ppl/m/n/10 6028
 []


Overfull \hbox (4.49997pt too wide) detected at line 47377
 []\T1/ppl/m/n/10 6028
 []

)
\tf@toc=\write5
\openout5 = `gospel.toc'.

 [26] (./gospel_scriptures.tex [27] (./gospel_scriptures_OT_genesis.tex
LaTeX Font Info:    Trying to load font information for LGR+ppl on input line 2
2.
LaTeX Font Info:    No file LGRppl.fd. on input line 22.


LaTeX Font Warning: Font shape `LGR/ppl/m/n' undefined
(Font)              using `LGR/cmr/m/n' instead on input line 22.

(c:/texlive/2026/texmf-dist/tex/latex/microtype/mt-cmr.cfg
File: mt-cmr.cfg 2013/05/19 v2.2 microtype config. file: Computer Modern Roman 
(RS)
)
LaTeX Font Info:    Font shape `U/msa/m/n' will be
(Font)              scaled to size 8.33606pt on input line 46.
LaTeX Font Info:    Font shape `U/msa/m/n' will be
(Font)              scaled to size 5.21004pt on input line 46.
LaTeX Font Info:    Font shape `U/msb/m/n' will be
(Font)              scaled to size 8.33606pt on input line 46.
LaTeX Font Info:    Font shape `U/msb/m/n' will be
(Font)              scaled to size 5.21004pt on input line 46.
 [28


{c:/texlive/2026/texmf-dist/fonts/enc/dvips/cjhebrew/cjhebltx.enc}] [29] [30] [
31] [32]
[33] [34] [35] [36] [37] [38] [39] [40] [41] [42] [43] [44] [45] [46] [47]
[48] [49] [50] [51] [52] [53] [54] [55] [56] [57] [58] [59]

LaTeX Warning: Hyper reference `1MACCABEES-2-52' on page 60 undefined on input 
line 9999.

[60] [61] [62] [63] [64] [65] [66] [67] [68] [69] [70] [71] [72] [73] [74]
[75] [76] [77] [78] [79] [80] [81] [82] [83] [84] [85] [86] [87] [88] [89]
[90] [91] [92] [93] [94] [95] [96] [97] [98] [99] [100] [101] [102] [103]
[104] [105] [106] [107] [108] [109] [110] [111] [112] [113] [114] [115]
[116] [117] [118] [119] [120] [121] [122] [123] [124] [125] [126] [127]
[128] [129] [130] [131] [132] [133] [134] [135] [136] [137] [138] [139]
[140] [141] [142] [143] [144] [145] [146] [147] [148] [149] [150] [151]
[152] [153] [154] [155] [156] [157] [158] [159] [160] [161] [162] [163]
[164]) (./gospel_scriptures_OT_exodus.tex [165] [166] [167] [168] [169]
[170] [171] [172] [173] [174] [175] [176] [177] [178] [179] [180] [181]
[182] [183] [184] [185] [186] [187] [188] [189] [190] [191] [192] [193]
[194] [195] [196] [197] [198] [199] [200] [201] [202] [203] [204] [205]
[206] [207] [208] [209] [210] [211] [212] [213] [214] [215] [216] [217]
[218] [219] [220] [221] [222] [223] [224] [225] [226] [227] [228] [229]
[230] [231] [232] [233] [234] [235] [236] [237] [238] [239] [240] [241]
[242] [243] [244] [245] [246] [247] [248] [249] [250] [251] [252] [253]
[254] [255] [256] [257] [258] [259] [260] [261] [262] [263] [264] [265]
[266] [267] [268] [269] [270] [271] [272] [273] [274])
(./gospel_scriptures_OT_leviticus.tex [275] [276] [277] [278] [279] [280]
[281] [282] [283] [284] [285] [286] [287] [288] [289] [290] [291] [292]
[293] [294] [295] [296] [297] [298] [299] [300] [301] [302] [303] [304]
[305] [306] [307] [308] [309] [310] [311] [312] [313] [314] [315] [316]
[317] [318] [319] [320] [321] [322] [323] [324] [325] [326] [327] [328]
[329] [330] [331] [332] [333] [334] [335] [336] [337] [338] [339] [340]
[341] [342] [343] [344] [345] [346] [347] [348] [349] [350] [351] [352]
[353] [354]) (./gospel_scriptures_OT_numbers.tex [355] [356] [357] [358]
[359] [360] [361] [362] [363] [364] [365] [366] [367] [368] [369] [370]
[371] [372] [373] [374] [375] [376] [377] [378] [379] [380] [381] [382]
[383] [384] [385] [386] [387] [388] [389] [390] [391] [392] [393] [394]
[395] [396] [397] [398] [399] [400] [401] [402] [403] [404] [405] [406]
[407] [408] [409] [410] [411] [412] [413] [414] [415] [416] [417] [418]
[419] [420] [421] [422] [423] [424] [425] [426] [427] [428] [429] [430]
[431] [432] [433] [434] [435] [436] [437] [438] [439] [440] [441] [442]
[443] [444] [445] [446] [447] [448] [449] [450] [451] [452] [453] [454]
[455] [456] [457] [458] [459] [460] [461] [462] [463] [464] [465] [466]
[467] [468] [469]) (./gospel_scriptures_OT_deuteronomy.tex [470] [471] [472]
[473] [474] [475] [476] [477] [478] [479] [480] [481] [482] [483] [484]
[485] [486] [487] [488] [489] [490] [491] [492] [493] [494] [495] [496]
[497] [498] [499] [500] [501] [502] [503] [504] [505] [506] [507] [508]
[509] [510] [511] [512] [513] [514] [515] [516] [517] [518] [519] [520]
[521] [522] [523] [524] [525] [526] [527] [528] [529] [530] [531] [532]
[533] [534] [535] [536] [537] [538] [539] [540] [541] [542] [543] [544]
[545] [546] [547] [548] [549] [550] [551] [552] [553] [554] [555] [556]
[557] [558] [559]) (./gospel_scriptures_OT_joshua.tex [560] [561] [562]
[563] [564] [565] [566] [567] [568] [569] [570] [571] [572] [573] [574]
[575] [576] [577] [578] [579] [580] [581] [582] [583] [584] [585] [586]
[587] [588] [589] [590] [591] [592] [593] [594] [595] [596] [597] [598]
[599] [600] [601] [602] [603] [604] [605] [606] [607] [608] [609] [610]
[611] [612] [613] [614] [615] [616] [617] [618] [619] [620] [621])
(./gospel_scriptures_OT_judges.tex [622] [623] [624] [625] [626] [627] [628]
[629] [630] [631] [632] [633] [634] [635] [636] [637] [638] [639] [640]
[641] [642] [643] [644] [645] [646] [647] [648] [649] [650] [651] [652]
[653] [654] [655] [656] [657] [658] [659] [660] [661] [662] [663] [664]
[665] [666] [667] [668] [669] [670] [671] [672] [673] [674] [675] [676]
[677] [678]) (./gospel_scriptures_OT_ruth.tex [679] [680] [681] [682] [683]
[684] [685] [686] [687]) (./gospel_scriptures_OT_1samuel.tex [688] [689]
[690] [691] [692] [693] [694] [695] [696] [697] [698] [699] [700] [701]
[702] [703] [704] [705] [706] [707] [708] [709] [710] [711] [712] [713]
[714] [715] [716] [717] [718] [719] [720] [721] [722] [723] [724] [725]
[726] [727] [728] [729] [730] [731] [732] [733] [734] [735] [736] [737]
[738] [739] [740] [741] [742] [743] [744] [745] [746] [747] [748] [749]
[750] [751] [752] [753] [754] [755] [756] [757] [758] [759] [760] [761]
[762] [763]) (./gospel_scriptures_OT_2samuel.tex [764] [765] [766] [767]
[768] [769] [770] [771] [772] [773] [774] [775] [776] [777] [778] [779]
[780] [781] [782] [783] [784] [785] [786] [787] [788] [789] [790] [791]
[792] [793] [794] [795] [796] [797] [798] [799] [800] [801] [802] [803]
[804] [805] [806] [807] [808] [809] [810] [811] [812] [813] [814] [815]
[816] [817] [818] [819] [820] [821] [822] [823] [824] [825] [826] [827])
(./gospel_scriptures_OT_1kings.tex [828] [829] [830] [831] [832] [833] [834]
[835] [836] [837] [838] [839] [840] [841] [842] [843] [844] [845] [846]
[847] [848] [849] [850] [851] [852] [853] [854] [855] [856] [857] [858]
[859] [860] [861] [862] [863] [864] [865] [866] [867] [868] [869] [870]
[871] [872] [873] [874] [875] [876] [877] [878] [879] [880] [881] [882]
[883] [884] [885] [886] [887] [888] [889] [890] [891] [892] [893] [894]
[895] [896] [897] [898] [899] [900] [901] [902] [903])
(./gospel_scriptures_OT_2kings.tex [904] [905] [906] [907] [908] [909] [910]
[911] [912] [913] [914] [915] [916] [917] [918] [919] [920] [921] [922]
[923] [924] [925] [926] [927] [928] [929] [930] [931] [932] [933] [934]
[935] [936] [937] [938] [939] [940] [941] [942] [943] [944] [945] [946]
[947] [948] [949] [950] [951] [952] [953] [954] [955] [956] [957] [958]
[959] [960] [961] [962] [963] [964] [965] [966] [967] [968] [969] [970]
[971]) (./gospel_scriptures_OT_1chronicles.tex [972] [973] [974] [975] [976]
[977] [978] [979] [980] [981] [982] [983] [984] [985] [986] [987] [988]
[989] [990] [991] [992] [993] [994] [995] [996] [997] [998] [999] [1000]
[1001] [1002] [1003] [1004] [1005] [1006] [1007] [1008] [1009] [1010] [1011]
[1012] [1013] [1014] [1015] [1016] [1017] [1018] [1019] [1020] [1021] [1022]
[1023] [1024] [1025] [1026] [1027] [1028] [1029] [1030] [1031] [1032] [1033]
[1034] [1035] [1036] [1037] [1038] [1039] [1040] [1041] [1042] [1043] [1044]
[1045] [1046] [1047] [1048] [1049] [1050] [1051] [1052] [1053])
(./gospel_scriptures_OT_2chronicles.tex [1054] [1055] [1056] [1057] [1058]
[1059] [1060] [1061] [1062] [1063] [1064] [1065] [1066] [1067] [1068] [1069]
[1070] [1071] [1072] [1073] [1074] [1075] [1076] [1077] [1078] [1079] [1080]
[1081] [1082] [1083] [1084] [1085] [1086] [1087] [1088] [1089] [1090] [1091]
[1092] [1093] [1094] [1095] [1096] [1097] [1098] [1099] [1100] [1101] [1102]
[1103] [1104] [1105] [1106] [1107] [1108] [1109] [1110] [1111] [1112] [1113]
[1114] [1115] [1116] [1117] [1118] [1119] [1120] [1121] [1122] [1123] [1124]
[1125] [1126] [1127] [1128] [1129] [1130] [1131])
(./gospel_scriptures_OT_ezra.tex [1132] [1133] [1134] [1135] [1136] [1137]
[1138] [1139] [1140] [1141] [1142] [1143] [1144] [1145] [1146] [1147] [1148]
[1149] [1150] [1151] [1152] [1153] [1154] [1155] [1156] [1157])
(./gospel_scriptures_OT_nehemiah.tex [1158] [1159] [1160] [1161] [1162]
[1163] [1164] [1165] [1166] [1167] [1168] [1169] [1170] [1171] [1172] [1173]
[1174] [1175] [1176] [1177] [1178] [1179] [1180] [1181] [1182] [1183] [1184]
[1185] [1186] [1187] [1188] [1189] [1190] [1191] [1192] [1193] [1194])
(./gospel_scriptures_OT_esther.tex [1195] [1196] [1197] [1198] [1199] [1200]
[1201] [1202] [1203] [1204] [1205] [1206] [1207] [1208] [1209] [1210])
(./gospel_scriptures_OT_job.tex [1211] [1212] [1213] [1214] [1215] [1216]
[1217] [1218] [1219] [1220] [1221] [1222] [1223] [1224] [1225] [1226] [1227]
[1228] [1229] [1230] [1231] [1232] [1233] [1234] [1235] [1236] [1237] [1238]
[1239] [1240] [1241] [1242] [1243] [1244] [1245] [1246] [1247] [1248] [1249]
[1250] [1251] [1252] [1253] [1254] [1255] [1256] [1257] [1258] [1259] [1260]
[1261] [1262] [1263] [1264] [1265] [1266] [1267] [1268] [1269] [1270] [1271]
[1272] [1273] [1274] [1275] [1276] [1277] [1278] [1279] [1280] [1281] [1282]
[1283] [1284] [1285] [1286] [1287] [1288] [1289] [1290] [1291] [1292] [1293]
[1294] [1295] [1296] [1297]) (./gospel_scriptures_OT_psalms.tex [1298] [1299]
[1300] [1301] [1302] [1303] [1304] [1305] [1306] [1307] [1308] [1309] [1310]
[1311] [1312] [1313] [1314] [1315] [1316] [1317] [1318] [1319] [1320] [1321]
[1322] [1323] [1324] [1325] [1326] [1327] [1328] [1329] [1330] [1331] [1332]
[1333] [1334] [1335] [1336] [1337] [1338] [1339] [1340] [1341] [1342] [1343]
[1344] [1345] [1346] [1347] [1348] [1349] [1350] [1351] [1352] [1353] [1354]
[1355] [1356] [1357] [1358] [1359] [1360] [1361] [1362] [1363] [1364] [1365]
[1366] [1367] [1368] [1369] [1370] [1371] [1372] [1373] [1374] [1375] [1376]
[1377] [1378] [1379] [1380] [1381] [1382] [1383] [1384] [1385] [1386] [1387]
[1388] [1389] [1390] [1391] [1392] [1393] [1394] [1395] [1396] [1397] [1398]
[1399] [1400] [1401] [1402] [1403] [1404] [1405] [1406] [1407] [1408] [1409]
[1410] [1411] [1412] [1413] [1414] [1415] [1416] [1417] [1418] [1419] [1420]
[1421] [1422] [1423] [1424] [1425] [1426] [1427] [1428] [1429] [1430] [1431]
[1432] [1433] [1434] [1435] [1436] [1437] [1438] [1439] [1440] [1441] [1442]
[1443] [1444] [1445] [1446] [1447] [1448] [1449] [1450] [1451] [1452] [1453]
[1454] [1455] [1456] [1457] [1458] [1459] [1460] [1461] [1462] [1463] [1464]
[1465] [1466] [1467] [1468] [1469] [1470] [1471] [1472] [1473] [1474] [1475]
[1476] [1477] [1478] [1479] [1480] [1481] [1482] [1483] [1484] [1485] [1486]
[1487] [1488] [1489] [1490] [1491] [1492] [1493] [1494] [1495] [1496] [1497]
[1498] [1499] [1500] [1501]) (./gospel_scriptures_OT_proverbs.tex [1502]
[1503] [1504] [1505] [1506] [1507] [1508] [1509] [1510] [1511] [1512] [1513]
[1514] [1515] [1516] [1517] [1518] [1519] [1520] [1521] [1522] [1523] [1524]
[1525] [1526] [1527] [1528] [1529] [1530] [1531] [1532] [1533] [1534] [1535]
[1536] [1537] [1538] [1539] [1540] [1541] [1542] [1543] [1544] [1545] [1546]
[1547] [1548] [1549] [1550] [1551] [1552] [1553] [1554] [1555] [1556] [1557]
[1558] [1559] [1560] [1561] [1562] [1563] [1564] [1565] [1566] [1567] [1568]
[1569] [1570] [1571] [1572] [1573] [1574])
(./gospel_scriptures_OT_ecclesiastes.tex [1575] [1576] [1577] [1578] [1579]
[1580] [1581] [1582] [1583] [1584] [1585] [1586] [1587] [1588] [1589] [1590]
[1591] [1592] [1593]) (./gospel_scriptures_OT_songofsolomon.tex [1594] [1595]
[1596] [1597] [1598] [1599] [1600] [1601] [1602] [1603] [1604])
(./gospel_scriptures_OT_isaiah.tex [1605] [1606] [1607] [1608] [1609] [1610]
[1611] [1612] [1613] [1614] [1615] [1616] [1617] [1618] [1619] [1620] [1621]
[1622] [1623] [1624] [1625] [1626] [1627] [1628] [1629] [1630] [1631] [1632]
[1633] [1634] [1635] [1636] [1637] [1638] [1639] [1640] [1641] [1642] [1643]
[1644] [1645] [1646] [1647] [1648] [1649] [1650] [1651] [1652] [1653] [1654]
[1655] [1656] [1657] [1658] [1659] [1660] [1661] [1662] [1663] [1664] [1665]
[1666] [1667] [1668] [1669] [1670] [1671] [1672] [1673] [1674] [1675] [1676]
[1677] [1678] [1679] [1680] [1681] [1682] [1683] [1684] [1685] [1686] [1687]
[1688] [1689] [1690] [1691] [1692] [1693] [1694] [1695] [1696] [1697] [1698]
[1699] [1700] [1701] [1702] [1703] [1704] [1705] [1706] [1707] [1708] [1709]
[1710] [1711] [1712] [1713] [1714] [1715] [1716] [1717] [1718] [1719] [1720]
[1721] [1722] [1723] [1724] [1725] [1726] [1727])
(./gospel_scriptures_OT_jeremiah.tex [1728] [1729] [1730] [1731] [1732]
[1733] [1734] [1735] [1736] [1737] [1738] [1739] [1740] [1741] [1742] [1743]
[1744] [1745] [1746] [1747] [1748] [1749] [1750] [1751] [1752] [1753] [1754]
[1755] [1756] [1757] [1758] [1759] [1760] [1761] [1762] [1763] [1764] [1765]
[1766] [1767] [1768] [1769] [1770] [1771] [1772] [1773] [1774] [1775] [1776]
[1777] [1778] [1779] [1780] [1781] [1782] [1783] [1784] [1785] [1786] [1787]
[1788] [1789] [1790] [1791] [1792] [1793] [1794] [1795] [1796] [1797] [1798]
[1799] [1800] [1801] [1802] [1803] [1804] [1805] [1806] [1807] [1808] [1809]
[1810] [1811] [1812] [1813] [1814] [1815] [1816] [1817] [1818] [1819] [1820]
[1821] [1822] [1823] [1824] [1825] [1826] [1827] [1828] [1829] [1830] [1831]
[1832] [1833] [1834] [1835] [1836] [1837] [1838] [1839] [1840] [1841] [1842]
[1843] [1844] [1845] [1846] [1847] [1848] [1849] [1850] [1851] [1852] [1853]
[1854] [1855] [1856]) (./gospel_scriptures_OT_lamentations.tex [1857] [1858]
[1859] [1860] [1861] [1862] [1863] [1864] [1865] [1866] [1867] [1868] [1869])
(./gospel_scriptures_OT_ezekiel.tex [1870] [1871] [1872] [1873] [1874] [1875]
[1876] [1877] [1878] [1879] [1880] [1881] [1882] [1883] [1884] [1885] [1886]
[1887] [1888] [1889] [1890] [1891] [1892] [1893] [1894] [1895] [1896] [1897]
[1898] [1899] [1900] [1901] [1902] [1903] [1904] [1905] [1906] [1907] [1908]
[1909] [1910] [1911] [1912] [1913] [1914] [1915] [1916] [1917] [1918] [1919]
[1920] [1921] [1922] [1923] [1924] [1925] [1926] [1927] [1928] [1929] [1930]
[1931] [1932] [1933] [1934] [1935] [1936] [1937] [1938] [1939] [1940] [1941]
[1942] [1943] [1944] [1945] [1946] [1947] [1948] [1949] [1950] [1951] [1952]
[1953] [1954] [1955] [1956] [1957] [1958] [1959] [1960] [1961] [1962] [1963]
[1964] [1965] [1966] [1967] [1968] [1969] [1970] [1971] [1972] [1973] [1974]
[1975] [1976] [1977] [1978] [1979] [1980] [1981] [1982] [1983] [1984] [1985]
[1986] [1987] [1988] [1989]) (./gospel_scriptures_OT_daniel.tex [1990] [1991]
[1992] [1993] [1994] [1995] [1996] [1997] [1998] [1999] [2000] [2001] [2002]
[2003] [2004] [2005] [2006] [2007] [2008] [2009] [2010]
Missing character: There is no Y in font cjhblsm!
[2011] [2012] [2013] [2014] [2015] [2016] [2017] [2018] [2019] [2020] [2021]
[2022] [2023] [2024]) (./gospel_scriptures_OT_hosea.tex [2025] [2026] [2027]
[2028] [2029] [2030] [2031] [2032] [2033] [2034] [2035] [2036] [2037] [2038]
[2039] [2040] [2041] [2042]) (./gospel_scriptures_OT_joel.tex [2043] [2044]
[2045] [2046] [2047] [2048] [2049]) (./gospel_scriptures_OT_amos.tex [2050]
[2051] [2052] [2053] [2054] [2055] [2056] [2057] [2058] [2059] [2060] [2061]
[2062] [2063]) (./gospel_scriptures_OT_obadiah.tex [2064] [2065])
(./gospel_scriptures_OT_jonah.tex [2066] [2067] [2068] [2069] [2070])
(./gospel_scriptures_OT_micah.tex [2071] [2072] [2073] [2074] [2075] [2076]
[2077] [2078] [2079] [2080]) (./gospel_scriptures_OT_nahum.tex [2081] [2082]
[2083] [2084]) (./gospel_scriptures_OT_habakkuk.tex [2085] [2086] [2087]
[2088] [2089]) (./gospel_scriptures_OT_zephaniah.tex [2090] [2091] [2092]
[2093] [2094]) (./gospel_scriptures_OT_haggai.tex [2095] [2096] [2097] [2098])
(./gospel_scriptures_OT_zechariah.tex [2099] [2100] [2101] [2102] [2103]
[2104] [2105] [2106] [2107] [2108] [2109] [2110] [2111] [2112] [2113] [2114]
[2115] [2116] [2117] [2118]) (./gospel_scriptures_OT_malachi.tex [2119]
[2120] [2121] [2122] [2123] [2124]) [2125] (./gospel_scriptures_NT_matthew.tex
[2126

] [2127] [2128] [2129] [2130] [2131] [2132] [2133] [2134] [2135] [2136]
[2137] [2138] [2139] [2140] [2141] [2142] [2143] [2144] [2145] [2146] [2147]
[2148] [2149] [2150] [2151] [2152] [2153] [2154] [2155] [2156] [2157] [2158]
[2159] [2160] [2161] [2162] [2163] [2164] [2165] [2166] [2167] [2168] [2169]
[2170] [2171] [2172] [2173] [2174] [2175] [2176] [2177] [2178] [2179] [2180]
[2181] [2182] [2183] [2184] [2185] [2186] [2187] [2188] [2189] [2190] [2191]
[2192] [2193] [2194] [2195] [2196] [2197] [2198] [2199] [2200] [2201] [2202]
[2203] [2204] [2205] [2206] [2207] [2208] [2209] [2210] [2211] [2212] [2213]
[2214] [2215] [2216] [2217] [2218] [2219] [2220] [2221] [2222] [2223] [2224]
[2225] [2226] [2227] [2228] [2229] [2230] [2231] [2232] [2233] [2234] [2235]
[2236] [2237] [2238] [2239] [2240] [2241] [2242] [2243] [2244] [2245] [2246]
[2247] [2248] [2249] [2250] [2251] [2252] [2253] [2254] [2255] [2256] [2257]
[2258] [2259] [2260]
LaTeX Font Info:    Trying to load font information for TS1+ppl on input line 2
4771.
 (c:/texlive/2026/texmf-dist/tex/latex/psnfss/ts1ppl.fd
File: ts1ppl.fd 2001/06/04 font definitions for TS1/ppl.
)
[2261] [2262] [2263] [2264] [2265] [2266] [2267] [2268] [2269] [2270] [2271]
[2272] [2273] [2274] [2275] [2276] [2277] [2278] [2279] [2280] [2281] [2282]
[2283] [2284] [2285] [2286] [2287] [2288] [2289])
(./gospel_scriptures_NT_mark.tex [2290] [2291] [2292] [2293] [2294] [2295]
[2296] [2297] [2298] [2299] [2300] [2301] [2302] [2303] [2304] [2305] [2306]
[2307] [2308] [2309] [2310] [2311] [2312] [2313] [2314] [2315] [2316] [2317]
[2318] [2319] [2320] [2321] [2322] [2323] [2324] [2325] [2326] [2327] [2328]
[2329] [2330] [2331] [2332] [2333] [2334] [2335] [2336] [2337] [2338] [2339]
[2340] [2341] [2342] [2343] [2344] [2345] [2346] [2347] [2348] [2349] [2350]
[2351] [2352] [2353] [2354] [2355] [2356] [2357] [2358] [2359] [2360] [2361]
[2362] [2363] [2364] [2365] [2366] [2367] [2368] [2369] [2370] [2371] [2372]
[2373] [2374] [2375] [2376] [2377] [2378] [2379] [2380] [2381] [2382] [2383]
[2384] [2385] [2386] [2387] [2388] [2389] [2390])
(./gospel_scriptures_NT_luke.tex [2391] [2392] [2393] [2394] [2395] [2396]
[2397] [2398] [2399] [2400] [2401] [2402] [2403] [2404] [2405] [2406] [2407]
[2408] [2409] [2410] [2411] [2412] [2413] [2414] [2415] [2416] [2417] [2418]
[2419] [2420] [2421] [2422] [2423] [2424] [2425] [2426] [2427] [2428] [2429]
[2430] [2431] [2432] [2433] [2434] [2435] [2436] [2437] [2438] [2439] [2440]
[2441] [2442] [2443] [2444] [2445] [2446] [2447] [2448] [2449] [2450] [2451]
[2452] [2453] [2454] [2455] [2456] [2457] [2458] [2459] [2460] [2461] [2462]
[2463] [2464] [2465] [2466] [2467] [2468] [2469] [2470] [2471] [2472] [2473]
[2474] [2475] [2476] [2477] [2478] [2479] [2480] [2481] [2482] [2483] [2484]
[2485] [2486] [2487] [2488] [2489] [2490] [2491] [2492] [2493] [2494] [2495]
[2496] [2497] [2498] [2499] [2500] [2501] [2502] [2503] [2504] [2505] [2506]
[2507] [2508] [2509] [2510] [2511] [2512] [2513] [2514] [2515] [2516] [2517]
[2518] [2519] [2520] [2521] [2522] [2523] [2524] [2525] [2526] [2527] [2528]
[2529] [2530] [2531] [2532] [2533] [2534] [2535] [2536] [2537] [2538] [2539]
[2540] [2541] [2542] [2543] [2544] [2545] [2546] [2547] [2548] [2549] [2550]
[2551] [2552] [2553] [2554] [2555] [2556] [2557] [2558] [2559] [2560] [2561])
(./gospel_scriptures_NT_john.tex [2562] [2563] [2564] [2565] [2566] [2567]
[2568] [2569] [2570]

LaTeX Font Warning: Font shape `LGR/ppl/b/n' undefined
(Font)              using `LGR/ppl/m/n' instead on input line 1634.

[2571] [2572] [2573] [2574] [2575] [2576] [2577] [2578] [2579] [2580] [2581]

LaTeX Warning: Hyper reference `TTW-LIFE-ENERGY-0001' on page 2582 undefined on
 input line 3478.

[2582] [2583] [2584] [2585] [2586] [2587] [2588] [2589] [2590] [2591] [2592]
[2593] [2594] [2595] [2596] [2597] [2598] [2599] [2600] [2601] [2602] [2603]
[2604] [2605] [2606] [2607] [2608] [2609] [2610] [2611] [2612] [2613] [2614]
[2615] [2616] [2617] [2618] [2619] [2620] [2621] [2622] [2623] [2624] [2625]
[2626] [2627] [2628] [2629] [2630] [2631] [2632] [2633] [2634] [2635] [2636]
[2637] [2638] [2639] [2640] [2641] [2642] [2643] [2644] [2645] [2646] [2647]
[2648] [2649] [2650] [2651] [2652] [2653] [2654] [2655] [2656] [2657] [2658]
[2659] [2660] [2661] [2662] [2663] [2664] [2665] [2666] [2667] [2668] [2669]
[2670] [2671] [2672] [2673] [2674] [2675] [2676] [2677] [2678] [2679] [2680]
[2681] [2682] [2683] [2684] [2685] [2686] [2687] [2688] [2689] [2690] [2691]
[2692] [2693]) (./gospel_scriptures_NT_acts.tex [2694] [2695] [2696] [2697]
[2698] [2699] [2700] [2701] [2702] [2703] [2704] [2705] [2706] [2707] [2708]
[2709] [2710] [2711] [2712] [2713] [2714] [2715] [2716] [2717] [2718] [2719]
[2720] [2721] [2722] [2723] [2724] [2725] [2726] [2727] [2728] [2729] [2730]
[2731] [2732] [2733] [2734] [2735] [2736] [2737] [2738] [2739] [2740] [2741]
[2742] [2743] [2744] [2745] [2746] [2747] [2748] [2749] [2750] [2751] [2752]
[2753] [2754] [2755] [2756] [2757] [2758] [2759] [2760] [2761] [2762] [2763]
[2764] [2765] [2766] [2767] [2768] [2769] [2770] [2771] [2772] [2773] [2774]
[2775] [2776] [2777] [2778] [2779] [2780] [2781] [2782] [2783] [2784] [2785]
[2786] [2787] [2788] [2789] [2790] [2791] [2792] [2793] [2794] [2795] [2796]
[2797] [2798] [2799] [2800] [2801] [2802] [2803] [2804] [2805] [2806] [2807]
[2808] [2809] [2810] [2811] [2812] [2813] [2814] [2815] [2816] [2817] [2818]
[2819] [2820] [2821] [2822] [2823] [2824] [2825] [2826] [2827] [2828] [2829]
[2830] [2831] [2832] [2833] [2834] [2835] [2836] [2837] [2838] [2839] [2840]
[2841] [2842] [2843]) (./gospel_scriptures_NT_romans.tex [2844] [2845] [2846]
[2847] [2848] [2849] [2850] [2851] [2852] [2853] [2854] [2855] [2856] [2857]
[2858] [2859] [2860] [2861] [2862] [2863] [2864] [2865] [2866] [2867] [2868]
[2869] [2870] [2871] [2872] [2873] [2874] [2875] [2876] [2877] [2878] [2879]
[2880] [2881] [2882] [2883] [2884] [2885] [2886] [2887] [2888] [2889] [2890]
[2891] [2892] [2893] [2894] [2895] [2896] [2897] [2898] [2899] [2900] [2901]
[2902] [2903] [2904] [2905] [2906] [2907] [2908])
(./gospel_scriptures_NT_1corinthians.tex [2909] [2910] [2911] [2912] [2913]

LaTeX Warning: Hyper reference `HOWBEIT-1828' on page 2914 undefined on input l
ine 900.

[2914] [2915] [2916] [2917] [2918] [2919] [2920] [2921] [2922] [2923] [2924]
[2925] [2926] [2927] [2928] [2929] [2930] [2931] [2932] [2933] [2934] [2935]
[2936] [2937] [2938] [2939] [2940] [2941] [2942] [2943] [2944] [2945] [2946]
[2947] [2948] [2949] [2950] [2951] [2952] [2953] [2954]

LaTeX Warning: Hyper reference `LCHRIST-055' on page 2955 undefined on input li
ne 8494.


LaTeX Warning: Hyper reference `LCHRIST-055-MT' on page 2955 undefined on input
 line 8494.

[2955] [2956] [2957] [2958] [2959] [2960] [2961] [2962] [2963] [2964] [2965]
[2966] [2967] [2968] [2969] [2970] [2971] [2972])
(./gospel_scriptures_NT_2corinthians.tex [2973] [2974] [2975] [2976] [2977]
[2978] [2979] [2980] [2981] [2982] [2983] [2984] [2985] [2986] [2987] [2988]
[2989] [2990] [2991] [2992] [2993] [2994] [2995] [2996] [2997] [2998] [2999]
[3000] [3001] [3002] [3003] [3004] [3005] [3006] [3007] [3008] [3009] [3010]
[3011]) (./gospel_scriptures_NT_galatians.tex [3012] [3013] [3014] [3015]
[3016] [3017] [3018] [3019] [3020] [3021] [3022] [3023] [3024] [3025] [3026]
[3027] [3028] [3029] [3030] [3031] [3032] [3033])
(./gospel_scriptures_NT_ephesians.tex [3034] [3035] [3036] [3037] [3038]
[3039] [3040] [3041] [3042] [3043] [3044] [3045] [3046] [3047] [3048] [3049]
[3050] [3051] [3052] [3053] [3054] [3055])
(./gospel_scriptures_NT_philippians.tex [3056] [3057] [3058] [3059] [3060]
[3061] [3062] [3063] [3064] [3065] [3066] [3067] [3068] [3069] [3070] [3071])
(./gospel_scriptures_NT_colossians.tex [3072] [3073] [3074] [3075] [3076]
[3077] [3078] [3079] [3080] [3081] [3082] [3083] [3084])
(./gospel_scriptures_NT_1thessalonians.tex [3085] [3086] [3087] [3088] [3089]
[3090] [3091] [3092] [3093] [3094] [3095] [3096] [3097] [3098])
(./gospel_scriptures_NT_2thessalonians.tex [3099] [3100] [3101] [3102] [3103]
[3104] [3105]) (./gospel_scriptures_NT_1timothy.tex [3106] [3107] [3108]
[3109] [3110] [3111] [3112] [3113] [3114] [3115] [3116] [3117] [3118] [3119]
[3120] [3121]) (./gospel_scriptures_NT_2timothy.tex [3122] [3123] [3124]
[3125] [3126] [3127] [3128] [3129] [3130] [3131] [3132] [3133] [3134])
(./gospel_scriptures_NT_titus.tex [3135] [3136] [3137] [3138] [3139] [3140])
(./gospel_scriptures_NT_philemon.tex [3141] [3142] [3143] [3144])
(./gospel_scriptures_NT_hebrews.tex [3145] [3146] [3147] [3148] [3149] [3150]
[3151] [3152] [3153] [3154] [3155] [3156] [3157] [3158] [3159] [3160] [3161]
[3162] [3163] [3164] [3165] [3166] [3167] [3168] [3169] [3170] [3171] [3172]
[3173] [3174] [3175] [3176] [3177] [3178] [3179] [3180] [3181] [3182] [3183]
[3184] [3185] [3186] [3187] [3188] [3189]) (./gospel_scriptures_NT_james.tex
[3190] [3191] [3192] [3193] [3194] [3195] [3196] [3197] [3198] [3199] [3200]
[3201] [3202] [3203] [3204] [3205] [3206]) (./gospel_scriptures_NT_1peter.tex
[3207] [3208] [3209] [3210] [3211] [3212] [3213] [3214] [3215] [3216] [3217]
[3218] [3219] [3220] [3221]) (./gospel_scriptures_NT_2peter.tex [3222] [3223]
[3224] [3225] [3226] [3227] [3228] [3229] [3230] [3231])
(./gospel_scriptures_NT_1john.tex [3232] [3233] [3234] [3235] [3236] [3237]
[3238] [3239] [3240] [3241] [3242] [3243] [3244] [3245] [3246] [3247])
(./gospel_scriptures_NT_2john.tex [3248] [3249])
(./gospel_scriptures_NT_3john.tex [3250] [3251])
(./gospel_scriptures_NT_jude.tex [3252] [3253] [3254] [3255])
(./gospel_scriptures_NT_revelation.tex [3256] [3257] [3258] [3259] [3260]
[3261] [3262] [3263] [3264] [3265] [3266] [3267] [3268] [3269] [3270] [3271]
[3272] [3273] [3274] [3275] [3276] [3277] [3278] [3279] [3280] [3281] [3282]
[3283] [3284] [3285] [3286] [3287] [3288] [3289] [3290] [3291] [3292] [3293]
[3294] [3295] [3296] [3297] [3298] [3299] [3300] [3301] [3302] [3303] [3304]
[3305] [3306] [3307] [3308] [3309] [3310] [3311] [3312] [3313] [3314] [3315]
[3316] [3317] [3318] [3319] [3320]) [3321] (./gospel_scriptures_BOM_title.tex
[3322

]) (./gospel_scriptures_BOM_1nephi.tex [3323]

LaTeX Warning: Hyper reference `1NEPHI-22-23' on page 3324 undefined on input l
ine 145.

[3324] [3325] [3326] [3327] [3328]

LaTeX Warning: Hyper reference ` JACOB-7-23' on page 3329 undefined on input li
ne 556.

[3329] [3330] [3331] [3332] [3333] [3334] [3335] [3336] [3337] [3338] [3339]
[3340] [3341] [3342] [3343] [3344] [3345] [3346] [3347] [3348] [3349] [3350]
[3351] [3352] [3353] [3354] [3355] [3356] [3357] [3358] [3359] [3360] [3361]
[3362] [3363] [3364] [3365] [3366] [3367] [3368] [3369] [3370] [3371] [3372]
[3373] [3374] [3375] [3376] [3377] [3378] [3379] [3380] [3381] [3382] [3383]
[3384] [3385] [3386] [3387] [3388] [3389] [3390] [3391])
(./gospel_scriptures_BOM_2nephi.tex [3392]

LaTeX Warning: Hyper reference `WHEREFORE-1828' on page 3393 undefined on input
 line 73.

[3393] [3394] [3395] [3396]

LaTeX Warning: Hyper reference `WHEREFORE-1828' on page 3397 undefined on input
 line 513.


LaTeX Warning: Hyper reference `WHEREFORE-1828' on page 3397 undefined on input
 line 533.

[3397] [3398] [3399]

LaTeX Warning: Hyper reference `EXPEDIENT-1828' on page 3400 undefined on input
 line 827.

[3400] [3401] [3402] [3403] [3404] [3405] [3406] [3407] [3408] [3409] [3410]
[3411] [3412] [3413] [3414] [3415] [3416] [3417] [3418] [3419] [3420] [3421]
[3422] [3423] [3424] [3425] [3426] [3427] [3428] [3429] [3430] [3431] [3432]
[3433] [3434] [3435] [3436] [3437] [3438] [3439] [3440] [3441] [3442] [3443]
[3444] [3445] [3446] [3447] [3448] [3449] [3450] [3451] [3452] [3453] [3454]
[3455] [3456] [3457] [3458] [3459] [3460] [3461] [3462] [3463] [3464] [3465]
[3466] [3467] [3468] [3469] [3470] [3471] [3472]

LaTeX Warning: Hyper reference `2NEPHI32-3' on page 3473 undefined on input lin
e 8414.

[3473] [3474]) (./gospel_scriptures_BOM_jacob.tex [3475] [3476] [3477] [3478]
[3479] [3480]

LaTeX Warning: Hyper reference `ALMA-446-39' on page 3481 undefined on input li
ne 599.

[3481] [3482] [3483] [3484] [3485] [3486] [3487] [3488] [3489] [3490] [3491]
[3492] [3493] [3494] [3495] [3496]) (./gospel_scriptures_BOM_enos.tex [3497]
[3498] [3499]) (./gospel_scriptures_BOM_jarom.tex [3500] [3501])
(./gospel_scriptures_BOM_omni.tex [3502] [3503] [3504])
(./gospel_scriptures_BOM_words_of_mormon.tex [3505] [3506])
(./gospel_scriptures_BOM_mosiah.tex [3507] [3508] [3509] [3510] [3511] [3512]
[3513] [3514] [3515] [3516] [3517] [3518]

LaTeX Warning: Hyper reference `CONSIGNATION-1828' on page 3519 undefined on in
put line 1200.

[3519] [3520] [3521] [3522] [3523] [3524] [3525] [3526] [3527] [3528] [3529]
[3530] [3531] [3532] [3533] [3534] [3535] [3536] [3537] [3538] [3539] [3540]
[3541] [3542] [3543] [3544] [3545] [3546] [3547] [3548] [3549] [3550] [3551]
[3552] [3553] [3554] [3555] [3556] [3557] [3558] [3559] [3560] [3561] [3562]
[3563] [3564] [3565] [3566] [3567] [3568] [3569] [3570] [3571] [3572] [3573]
[3574] [3575] [3576] [3577] [3578] [3579] [3580] [3581] [3582] [3583] [3584]
[3585] [3586] [3587] [3588] [3589] [3590] [3591])
(./gospel_scriptures_BOM_alma.tex [3592] [3593] [3594] [3595] [3596] [3597]
[3598] [3599] [3600] [3601] [3602] [3603] [3604] [3605] [3606] [3607] [3608]
[3609] [3610] [3611] [3612] [3613] [3614] [3615] [3616] [3617] [3618] [3619]
[3620] [3621] [3622] [3623] [3624] [3625] [3626] [3627] [3628] [3629] [3630]
[3631] [3632] [3633] [3634] [3635] [3636] [3637] [3638] [3639] [3640] [3641]
[3642] [3643] [3644] [3645] [3646] [3647] [3648] [3649] [3650] [3651] [3652]
[3653] [3654] [3655] [3656] [3657] [3658] [3659] [3660] [3661] [3662] [3663]
[3664] [3665] [3666] [3667] [3668] [3669] [3670] [3671] [3672] [3673] [3674]
[3675] [3676] [3677] [3678] [3679] [3680] [3681] [3682] [3683] [3684] [3685]
[3686] [3687] [3688] [3689] [3690] [3691] [3692] [3693] [3694] [3695] [3696]
[3697] [3698] [3699] [3700] [3701] [3702] [3703] [3704]

LaTeX Warning: Hyper reference `IMMEDIATELY' on page 3705 undefined on input li
ne 11856.

[3705] [3706] [3707] [3708] [3709] [3710] [3711] [3712] [3713] [3714] [3715]
[3716] [3717] [3718] [3719] [3720] [3721] [3722] [3723] [3724] [3725] [3726]
[3727] [3728] [3729] [3730] [3731] [3732] [3733] [3734] [3735] [3736] [3737]
[3738] [3739] [3740] [3741] [3742] [3743] [3744] [3745] [3746] [3747] [3748]
[3749] [3750] [3751] [3752] [3753] [3754] [3755] [3756] [3757] [3758] [3759]
[3760] [3761] [3762] [3763] [3764] [3765] [3766] [3767] [3768] [3769] [3770]
[3771] [3772] [3773] [3774] [3775] [3776] [3777] [3778] [3779] [3780] [3781]
[3782] [3783] [3784] [3785] [3786] [3787] [3788] [3789] [3790] [3791] [3792]
[3793] [3794] [3795] [3796] [3797] [3798] [3799] [3800])
(./gospel_scriptures_BOM_helaman.tex [3801] [3802] [3803] [3804] [3805]
[3806] [3807] [3808] [3809] [3810] [3811] [3812] [3813] [3814] [3815] [3816]
[3817] [3818] [3819] [3820] [3821] [3822] [3823] [3824] [3825] [3826] [3827]
[3828] [3829] [3830] [3831] [3832] [3833] [3834] [3835] [3836] [3837] [3838]
[3839] [3840] [3841] [3842] [3843] [3844] [3845] [3846] [3847] [3848] [3849]
[3850] [3851] [3852]) (./gospel_scriptures_BOM_3nephi.tex [3853] [3854]
[3855] [3856] [3857] [3858] [3859] [3860] [3861] [3862] [3863] [3864] [3865]
[3866] [3867] [3868] [3869] [3870] [3871] [3872] [3873] [3874] [3875] [3876]
[3877] [3878] [3879] [3880] [3881] [3882] [3883] [3884] [3885] [3886] [3887]
[3888] [3889] [3890] [3891] [3892] [3893] [3894] [3895] [3896] [3897] [3898]
[3899] [3900] [3901] [3902] [3903] [3904] [3905] [3906] [3907] [3908] [3909]
[3910] [3911] [3912] [3913] [3914] [3915] [3916] [3917] [3918] [3919] [3920]
[3921] [3922] [3923] [3924] [3925] [3926] [3927] [3928] [3929] [3930] [3931])
(./gospel_scriptures_BOM_4nephi.tex [3932] [3933] [3934] [3935] [3936])
(./gospel_scriptures_BOM_mormon.tex [3937] [3938] [3939] [3940] [3941] [3942]
[3943] [3944] [3945] [3946] [3947] [3948] [3949] [3950] [3951] [3952] [3953]
[3954] [3955] [3956] [3957] [3958] [3959] [3960])
(./gospel_scriptures_BOM_ether.tex [3961] [3962] [3963] [3964] [3965] [3966]
[3967] [3968] [3969] [3970] [3971] [3972] [3973] [3974] [3975] [3976] [3977]
[3978] [3979] [3980] [3981] [3982] [3983] [3984] [3985] [3986] [3987] [3988]
[3989] [3990] [3991] [3992] [3993] [3994] [3995] [3996] [3997] [3998] [3999]
[4000] [4001] [4002] [4003] [4004]) (./gospel_scriptures_BOM_moroni.tex
[4005] [4006] [4007] [4008] [4009] [4010] [4011] [4012] [4013]

LaTeX Warning: Hyper reference `LCHRIST-048-L' on page 4014 undefined on input 
line 975.


LaTeX Warning: Hyper reference `LCHRIST-048-participles' on page 4014 undefined
 on input line 975.

[4014] [4015] [4016] [4017] [4018] [4019] [4020] [4021] [4022]) [4023]
(./gospel_scriptures_DC_section1.tex [4024

] [4025] [4026] [4027] [4028]

LaTeX Warning: Hyper reference `2SAMUEL-14-14-' on page 4029 undefined on input
 line 694.

) (./gospel_scriptures_DC_section2.tex [4029] [4030])
(./gospel_scriptures_DC_section3.tex [4031] [4032] [4033] [4034] [4035]
[4036]) (./gospel_scriptures_DC_section4.tex [4037] [4038])
(./gospel_scriptures_DC_section5.tex [4039] [4040] [4041] [4042] [4043]
[4044] [4045] [4046] [4047] [4048]) (./gospel_scriptures_DC_section6.tex
[4049] [4050] [4051] [4052] [4053] [4054] [4055] [4056])
(./gospel_scriptures_DC_section7.tex [4057] [4058] [4059])
(./gospel_scriptures_DC_section8.tex [4060] [4061] [4062] [4063] [4064])
(./gospel_scriptures_DC_section9.tex [4065] [4066] [4067] [4068])
(./gospel_scriptures_DC_section10.tex [4069] [4070] [4071] [4072] [4073]
[4074] [4075] [4076] [4077] [4078] [4079] [4080] [4081] [4082] [4083] [4084]
[4085]) (./gospel_scriptures_DC_section11.tex [4086] [4087] [4088] [4089]
[4090] [4091] [4092] [4093]) (./gospel_scriptures_DC_section12.tex [4094]
[4095] [4096]) (./gospel_scriptures_DC_section13.tex [4097] [4098])
(./gospel_scriptures_DC_section14.tex [4099] [4100] [4101])
(./gospel_scriptures_DC_section15.tex [4102] [4103])
(./gospel_scriptures_DC_section16.tex [4104] [4105])
(./gospel_scriptures_DC_section17.tex [4106] [4107] [4108] [4109])
(./gospel_scriptures_DC_section18.tex [4110] [4111] [4112] [4113] [4114]
[4115] [4116] [4117] [4118] [4119]) (./gospel_scriptures_DC_section19.tex
[4120] [4121] [4122] [4123] [4124]

LaTeX Warning: Hyper reference `JSHISTORY-1-31' on page 4125 undefined on input
 line 471.

[4125] [4126] [4127] [4128]

LaTeX Warning: Hyper reference `JSHISTORY-1-9' on page 4129 undefined on input 
line 826.

[4129] [4130]) (./gospel_scriptures_DC_section20.tex [4131] [4132] [4133]
[4134] [4135] [4136] [4137] [4138] [4139] [4140] [4141] [4142] [4143] [4144]
[4145] [4146] [4147] [4148] [4149]) (./gospel_scriptures_DC_section21.tex
[4150] [4151] [4152]) (./gospel_scriptures_DC_section22.tex [4153] [4154])
(./gospel_scriptures_DC_section23.tex [4155] [4156])
(./gospel_scriptures_DC_section24.tex [4157] [4158] [4159])
(./gospel_scriptures_DC_section25.tex [4160] [4161] [4162])
(./gospel_scriptures_DC_section26.tex [4163])
(./gospel_scriptures_DC_section27.tex [4164] [4165] [4166] [4167] [4168]
[4169]) (./gospel_scriptures_DC_section28.tex [4170] [4171] [4172])
(./gospel_scriptures_DC_section29.tex [4173] [4174] [4175] [4176] [4177]
[4178] [4179] [4180] [4181] [4182]) (./gospel_scriptures_DC_section30.tex
[4183] [4184] [4185]) (./gospel_scriptures_DC_section31.tex [4186] [4187])
(./gospel_scriptures_DC_section32.tex [4188] [4189])
(./gospel_scriptures_DC_section33.tex [4190] [4191] [4192])
(./gospel_scriptures_DC_section34.tex [4193] [4194])
(./gospel_scriptures_DC_section35.tex [4195] [4196] [4197] [4198])
(./gospel_scriptures_DC_section36.tex [4199] [4200])
(./gospel_scriptures_DC_section37.tex [4201])
(./gospel_scriptures_DC_section38.tex [4202] [4203] [4204] [4205] [4206]
[4207]) (./gospel_scriptures_DC_section39.tex [4208] [4209] [4210])
(./gospel_scriptures_DC_section40.tex [4211])
(./gospel_scriptures_DC_section41.tex [4212] [4213])
(./gospel_scriptures_DC_section42.tex [4214] [4215] [4216] [4217] [4218]
[4219] [4220] [4221] [4222] [4223] [4224] [4225])
(./gospel_scriptures_DC_section43.tex [4226] [4227] [4228] [4229] [4230]
[4231]) (./gospel_scriptures_DC_section44.tex [4232])
(./gospel_scriptures_DC_section45.tex [4233] [4234] [4235] [4236] [4237]
[4238] [4239] [4240] [4241] [4242]) (./gospel_scriptures_DC_section46.tex
[4243] [4244] [4245] [4246]) (./gospel_scriptures_DC_section47.tex [4247]
[4248]) (./gospel_scriptures_DC_section48.tex [4249])
(./gospel_scriptures_DC_section49.tex [4250] [4251] [4252] [4253])
(./gospel_scriptures_DC_section50.tex [4254] [4255] [4256] [4257] [4258]
[4259] [4260] [4261] [4262]) (./gospel_scriptures_DC_section51.tex [4263]
[4264] [4265] [4266]) (./gospel_scriptures_DC_section52.tex [4267] [4268]
[4269] [4270] [4271]) (./gospel_scriptures_DC_section53.tex [4272])
(./gospel_scriptures_DC_section54.tex [4273] [4274])
(./gospel_scriptures_DC_section55.tex [4275])
(./gospel_scriptures_DC_section56.tex [4276] [4277] [4278] [4279])
(./gospel_scriptures_DC_section57.tex [4280] [4281])
(./gospel_scriptures_DC_section58.tex [4282] [4283] [4284] [4285] [4286]
[4287] [4288] [4289] [4290]) (./gospel_scriptures_DC_section59.tex [4291]
[4292] [4293]) (./gospel_scriptures_DC_section60.tex [4294] [4295])
(./gospel_scriptures_DC_section61.tex [4296] [4297] [4298] [4299] [4300])
(./gospel_scriptures_DC_section62.tex [4301] [4302])
(./gospel_scriptures_DC_section63.tex [4303] [4304] [4305] [4306] [4307]
[4308] [4309] [4310]) (./gospel_scriptures_DC_section64.tex [4311] [4312]
[4313] [4314] [4315] [4316]) (./gospel_scriptures_DC_section65.tex [4317]
[4318]) (./gospel_scriptures_DC_section66.tex [4319] [4320])
(./gospel_scriptures_DC_section67.tex [4321] [4322] [4323] [4324])
(./gospel_scriptures_DC_section68.tex [4325] [4326] [4327] [4328] [4329]
[4330]) (./gospel_scriptures_DC_section69.tex [4331] [4332])
(./gospel_scriptures_DC_section70.tex [4333] [4334])
(./gospel_scriptures_DC_section71.tex [4335] [4336] [4337])
(./gospel_scriptures_DC_section72.tex [4338] [4339] [4340] [4341])
(./gospel_scriptures_DC_section73.tex [4342])
(./gospel_scriptures_DC_section74.tex [4343] [4344])
(./gospel_scriptures_DC_section75.tex [4345] [4346] [4347] [4348] [4349])
(./gospel_scriptures_DC_section76.tex [4350] [4351] [4352] [4353] [4354]
[4355] [4356]

LaTeX Warning: Hyper reference `DC76-33-' on page 4357 undefined on input line 
693.

[4357]

LaTeX Warning: Hyper reference `EMS-1844-JS-7-APR-1844' on page 4358 undefined 
on input line 812.

[4358] [4359] [4360] [4361] [4362] [4363]

LaTeX Warning: Hyper reference `TTW-DEVELOPMENT-PHILOSOPHICAL-001' on page 4364
 undefined on input line 1624.

[4364] [4365] [4366]

LaTeX Warning: Hyper reference `1NEPHI-22-24' on page 4367 undefined on input l
ine 2087.

[4367] [4368] [4369]) (./gospel_scriptures_DC_section77.tex [4370] [4371]
[4372] [4373]) (./gospel_scriptures_DC_section78.tex [4374] [4375] [4376]
[4377] [4378]) (./gospel_scriptures_DC_section79.tex [4379])
(./gospel_scriptures_DC_section80.tex [4380])
(./gospel_scriptures_DC_section81.tex [4381])
(./gospel_scriptures_DC_section82.tex [4382] [4383] [4384] [4385])
(./gospel_scriptures_DC_section83.tex [4386] [4387])
(./gospel_scriptures_DC_section84.tex [4388] [4389] [4390] [4391]

LaTeX Warning: Hyper reference `ROMAN-1-16' on page 4392 undefined on input lin
e 442.

[4392] [4393]

LaTeX Warning: Hyper reference `EPHESIANS4-23' on page 4394 undefined on input 
line 714.

[4394] [4395] [4396] [4397] [4398] [4399] [4400] [4401] [4402]
Underfull \hbox (badness 10000) in paragraph at lines 1867--1877

 []


Underfull \hbox (badness 10000) in paragraph at lines 1892--1897

 []


Underfull \hbox (badness 10000) in paragraph at lines 1912--1917

 []


Underfull \hbox (badness 10000) in paragraph at lines 1932--1936

 []

[4403] [4404] [4405]) (./gospel_scriptures_DC_section85.tex [4406] [4407])
(./gospel_scriptures_DC_section86.tex [4408] [4409] [4410] [4411])
(./gospel_scriptures_DC_section87.tex [4412])
(./gospel_scriptures_DC_section88.tex [4413] [4414] [4415] [4416] [4417]
[4418] [4419]

LaTeX Warning: Hyper reference `notwithstanding' on page 4420 undefined on inpu
t line 649.


LaTeX Warning: Hyper reference `notwithstanding' on page 4420 undefined on inpu
t line 665.

[4420]

LaTeX Warning: Hyper reference `LCHRIST-061' on page 4421 undefined on input li
ne 819.

[4421] [4422] [4423] [4424] [4425] [4426] [4427] [4428] [4429] [4430] [4431]
[4432] [4433]) (./gospel_scriptures_DC_section89.tex [4434] [4435] [4436]
[4437] [4438]) (./gospel_scriptures_DC_section90.tex [4439] [4440] [4441]
[4442] [4443]) (./gospel_scriptures_DC_section91.tex [4444] [4445])
(./gospel_scriptures_DC_section92.tex [4446] [4447])
(./gospel_scriptures_DC_section93.tex [4448] [4449] [4450] [4451] [4452]
[4453] [4454] [4455] [4456] [4457] [4458] [4459] [4460])
(./gospel_scriptures_DC_section94.tex [4461] [4462] [4463])
(./gospel_scriptures_DC_section95.tex [4464] [4465] [4466])
(./gospel_scriptures_DC_section96.tex [4467])
(./gospel_scriptures_DC_section97.tex [4468] [4469] [4470] [4471])
(./gospel_scriptures_DC_section98.tex [4472] [4473] [4474] [4475] [4476]
[4477]) (./gospel_scriptures_DC_section99.tex [4478] [4479])
(./gospel_scriptures_DC_section100.tex [4480] [4481] [4482])
(./gospel_scriptures_DC_section101.tex [4483] [4484] [4485] [4486] [4487]
[4488] [4489] [4490] [4491] [4492] [4493])
(./gospel_scriptures_DC_section102.tex [4494] [4495] [4496] [4497] [4498])
(./gospel_scriptures_DC_section103.tex [4499] [4500] [4501] [4502] [4503])
(./gospel_scriptures_DC_section104.tex [4504] [4505] [4506] [4507] [4508]
[4509] [4510] [4511] [4512] [4513]) (./gospel_scriptures_DC_section105.tex
[4514] [4515] [4516] [4517] [4518]) (./gospel_scriptures_DC_section106.tex
[4519] [4520]) (./gospel_scriptures_DC_section107.tex [4521] [4522] [4523]
[4524] [4525] [4526] [4527] [4528] [4529] [4530] [4531] [4532] [4533])
(./gospel_scriptures_DC_section108.tex [4534])
(./gospel_scriptures_DC_section109.tex [4535] [4536] [4537] [4538] [4539]
[4540] [4541] [4542] [4543] [4544]) (./gospel_scriptures_DC_section110.tex
[4545] [4546] [4547]) (./gospel_scriptures_DC_section111.tex [4548] [4549]
[4550]) (./gospel_scriptures_DC_section112.tex [4551] [4552] [4553] [4554]
[4555]) (./gospel_scriptures_DC_section113.tex [4556] [4557] [4558])
(./gospel_scriptures_DC_section114.tex) (./gospel_scriptures_DC_section115.tex
[4559] [4560] [4561] [4562]) (./gospel_scriptures_DC_section116.tex [4563])
(./gospel_scriptures_DC_section117.tex [4564] [4565] [4566])
(./gospel_scriptures_DC_section118.tex [4567] [4568])
(./gospel_scriptures_DC_section119.tex [4569] [4570])
(./gospel_scriptures_DC_section120.tex [4571])
(./gospel_scriptures_DC_section121.tex [4572] [4573] [4574] [4575] [4576]
[4577] [4578] [4579]) (./gospel_scriptures_DC_section122.tex [4580] [4581]
[4582]) (./gospel_scriptures_DC_section123.tex [4583] [4584] [4585])
(./gospel_scriptures_DC_section124.tex [4586] [4587] [4588] [4589] [4590]
[4591] [4592] [4593] [4594] [4595] [4596] [4597] [4598] [4599] [4600] [4601])
(./gospel_scriptures_DC_section125.tex [4602] [4603])
(./gospel_scriptures_DC_section126.tex [4604])
(./gospel_scriptures_DC_section127.tex [4605] [4606] [4607])
(./gospel_scriptures_DC_section128.tex [4608] [4609] [4610] [4611] [4612])
(./gospel_scriptures_DC_section129.tex [4613] [4614])
(./gospel_scriptures_DC_section130.tex [4615] [4616] [4617])
(./gospel_scriptures_DC_section131.tex [4618] [4619] [4620])
(./gospel_scriptures_DC_section132.tex [4621] [4622] [4623] [4624] [4625]

LaTeX Warning: Hyper reference `TTW-LIFE-DREAMS-001' on page 4626 undefined on 
input line 333.

[4626] [4627] [4628] [4629] [4630] [4631])
(./gospel_scriptures_DC_section133.tex [4632] [4633] [4634] [4635] [4636]
[4637] [4638] [4639]) (./gospel_scriptures_DC_section134.tex [4640] [4641]
[4642]) (./gospel_scriptures_DC_section135.tex [4643] [4644])
(./gospel_scriptures_DC_section136.tex [4645] [4646] [4647] [4648] [4649])
(./gospel_scriptures_DC_section137.tex [4650])
(./gospel_scriptures_DC_section138.tex [4651] [4652] [4653] [4654] [4655]
[4656] [4657]) (./gospel_scriptures_DC_official_declaration1.tex [4658]
[4659] [4660]) (./gospel_scriptures_DC_official_declaration2.tex [4661]
[4662]) [4663] (./gospel_scriptures_PGP_moses.tex [4664

] [4665] [4666] [4667]
[4668] [4669] [4670] [4671] [4672] [4673] [4674] [4675] [4676] [4677] [4678]
[4679] [4680] [4681] [4682] [4683] [4684] [4685] [4686] [4687] [4688] [4689]
[4690] [4691] [4692] [4693] [4694] [4695] [4696] [4697])
(./gospel_scriptures_PGP_abraham.tex [4698] [4699] [4700] [4701] [4702]
[4703] [4704] [4705] [4706] [4707] [4708] [4709] [4710] [4711] [4712])
(./gospel_scriptures_PGP_joseph_smith_matthew.tex)
(./gospel_scriptures_PGP_joseph_smith_history.tex)
(./gospel_scriptures_PGP_articles_of_faith.tex [4713]) [4714]
(./gospel_scriptures_JST.tex [4715

]
Underfull \hbox (badness 1509) in paragraph at lines 25--25
[]|\T1/ppl/m/n/7 (+20) Fayette, N.Y. or
 []


Underfull \hbox (badness 1014) in paragraph at lines 28--28
[]|\T1/ppl/m/n/7 (+20) Between June and 21
 []


Underfull \hbox (badness 10000) in paragraph at lines 28--28
[]|\T1/ppl/m/n/7 (+20) Harmony, Pa.
 []


Underfull \hbox (badness 10000) in paragraph at lines 49--49
[]|\T1/ppl/m/n/7 (+20) Moses 1--8; Gen-e-sis 1:1--24:41;
 []


Underfull \hbox (badness 10000) in paragraph at lines 61--61
[]|\T1/ppl/m/n/7 (+20) Matthew 26:1--Mark 9:1; \T1/ppl/m/it/7 (+20) I.V.
 []


Underfull \hbox (badness 2418) in paragraph at lines 67--67
[]|\T1/ppl/m/n/7 (+20) Between 16 Febru-ary
 []


Underfull \hbox (badness 10000) in paragraph at lines 67--67
[]|\T1/ppl/m/n/7 (+20) Sidney Rig-don and
 []


Underfull \hbox (badness 10000) in paragraph at lines 73--73
[]|\T1/ppl/m/n/7 (+20) Between 20--31 July
 []


Underfull \hbox (badness 2277) in paragraph at lines 73--73
\T1/ppl/m/n/7 (+20) 1832 and 2 Febru-ary
 []


Underfull \hbox (badness 10000) in paragraph at lines 73--73
[]|\T1/ppl/m/n/7 (+20) Sidney Rig-don and
 []

[4716

] (./gospel_scriptures_JST_OTR1.tex [4717


] [4718]
Package marginnote Info: Margin note 4719.1 is on absolute page 4719 on input l
ine 57.
Package marginnote Info: right page because not two side mode on input line 57.

Package marginnote Info: xpos seems to be 57.7705pt on input line 57.
Package marginnote Info: Margin note 4719.2 is on absolute page 4719 on input l
ine 59.
Package marginnote Info: right page because not two side mode on input line 59.

Package marginnote Info: xpos seems to be 80.3466pt on input line 59.
Package marginnote Info: Margin note 4719.3 is on absolute page 4720 on input l
ine 63.
Package marginnote Info: right page because not two side mode on input line 63.

Package marginnote Info: xpos seems to be 36.135pt on input line 63.
Package marginnote Info: Margin note 4719.4 is on absolute page 4720 on input l
ine 67.
Package marginnote Info: right page because not two side mode on input line 67.

Package marginnote Info: xpos seems to be 474.65646pt on input line 67.
Package marginnote Info: Margin note 4719.5 is on absolute page 4720 on input l
ine 96.
Package marginnote Info: right page because not two side mode on input line 96.

Package marginnote Info: xpos seems to be 105.83127pt on input line 96.
) [4719]
(./gospel_scriptures_JST_OTRJW.tex) (./gospel_scriptures_JST_OTR2.tex)
(./gospel_scriptures_JST_NTR1.tex) (./gospel_scriptures_JST_NTR2.tex)) [4720]
(./gospel_scriptures_non-canonical.tex) [4721

])
(./gospel_extended_scripture_studies.tex [4722]
(./gospel_extended_scripture_studies_OT.tex [4723


]
Underfull \hbox (badness 7777) in paragraph at lines 85--85
[]|[][]\T1/ppl/m/n/10 (+20) DC 2:1[][] (1838/21
 []


Underfull \hbox (badness 10000) in paragraph at lines 100--100
[]|[][]\T1/ppl/m/n/10 (+20) DC 138:47--48[][]
 []

[4724]) (./gospel_extended_scripture_studies_NT.tex [4725] [4726

] [4727])
(./gospel_extended_scripture_studies_BOM.tex [4728]
Overfull \hbox (2.5617pt too wide) in paragraph at lines 24--24
[]|\T1/ppl/b/sc/7 (-20) Prays?| 
 []


Underfull \hbox (badness 2970) in paragraph at lines 28--28
[]|\T1/ppl/m/n/7 (+20) 1 Nephi
 []


Underfull \hbox (badness 6364) in paragraph at lines 32--32
[]|\T1/ppl/m/n/7 (+20) It's pos-si-ble he lis-tened to the
 []


Underfull \hbox (badness 2970) in paragraph at lines 37--37
[]|\T1/ppl/m/n/7 (+20) 1 Nephi
 []

[4729

]
Overfull \hbox (2.5617pt too wide) in paragraph at lines 70--70
[]|\T1/ppl/b/sc/7 (-20) Prays?| 
 []


Underfull \hbox (badness 2970) in paragraph at lines 74--74
[]|\T1/ppl/m/n/7 (+20) 1 Nephi
 []


Underfull \hbox (badness 2970) in paragraph at lines 83--83
[]|\T1/ppl/m/n/7 (+20) 1 Nephi
 []


Underfull \hbox (badness 6658) in paragraph at lines 85--85
\T1/ppl/m/n/7 (+20) mys-ter-ies of
 []


Underfull \hbox (badness 3019) in paragraph at lines 88--88
[]|\T1/ppl/m/n/7 (+20) It isn't clear whether Nephi
 []


Underfull \hbox (badness 2368) in paragraph at lines 88--88
\T1/ppl/m/n/7 (+20) ac-tu-ally comes to know any
 []


Underfull \hbox (badness 1609) in paragraph at lines 88--88
\T1/ppl/m/n/7 (+20) telling Sam about his ex-pe-ri-
 []


Underfull \hbox (badness 2970) in paragraph at lines 92--92
[]|\T1/ppl/m/n/7 (+20) 1 Nephi
 []


Underfull \hbox (badness 4001) in paragraph at lines 94--94
[]|\T1/ppl/m/n/7 (+20) His broth-ers
 []


Underfull \hbox (badness 10000) in paragraph at lines 94--94
\T1/ppl/m/n/7 (+20) Laman and
 []


Underfull \hbox (badness 10000) in paragraph at lines 94--94
\T1/ppl/m/n/7 (+20) won't lis-ten
 []


Underfull \hbox (badness 2970) in paragraph at lines 101--101
[]|\T1/ppl/m/n/7 (+20) 1 Nephi
 []


Underfull \hbox (badness 10000) in paragraph at lines 109--109
[]|\T1/ppl/m/n/7 (+20) Nephi,
 []


Underfull \hbox (badness 10000) in paragraph at lines 109--109
\T1/ppl/m/n/7 (+20) Laman,
 []


Underfull \hbox (badness 10000) in paragraph at lines 109--109
\T1/ppl/m/n/7 (+20) Lemuel,
 []


Underfull \hbox (badness 2970) in paragraph at lines 110--110
[]|\T1/ppl/m/n/7 (+20) 1 Nephi
 []

[4730

]

LaTeX Warning: Hyper reference `ALMA30-13' on page 4731 undefined on input line
 145.


LaTeX Warning: Hyper reference `ALMA30-14' on page 4731 undefined on input line
 145.


LaTeX Warning: Hyper reference `ALMA30-15' on page 4731 undefined on input line
 145.


LaTeX Warning: Hyper reference `ALMA30-16' on page 4731 undefined on input line
 145.

[4731

]) (./gospel_extended_scripture_studies_DC.tex [4732] [4733

] [4734]
[4735] [4736] [4737] [4738] [4739] [4740] [4741] [4742] [4743] [4744]

LaTeX Warning: Hyper reference `REVELATION-7-2' on page 4745 undefined on input
 line 443.


LaTeX Warning: Hyper reference `REVELATION-10' on page 4745 undefined on input 
line 443.

[4745] [4746] [4747] [4748] [4749] [4750] [4751] [4752] [4753] [4754] [4755]
[4756] [4757] [4758] [4759] [4760] [4761] [4762]

LaTeX Warning: Hyper reference `DC118:5' on page 4763 undefined on input line 1
184.

[4763] [4764]

LaTeX Warning: Hyper reference `https://drive.google.com/file/d/164ar-CWcGvHq5O
yM6KGREM2c50yZNaCo/view?usp=share_link' on page 4765 undefined on input line 12
71.

) (./gospel_extended_scripture_studies_PGP.tex [4765])
(./gospel_extended_scripture_studies_other.tex [4766

] [4767

]))
(./gospel_life_of_christ.tex [4768] [4769] [4770

] [4771] [4772] [4773] [4774]
[4775] [4776] [4777]

LaTeX Warning: Hyper reference `LUKE-14-43' on page 4778 undefined on input lin
e 2399.

[4778]

LaTeX Warning: Hyper reference `JOHN-20:1' on page 4779 undefined on input line
 2576.


Overfull \hbox (1421.53319pt too wide) in paragraph at lines 2692--2693
[][] 
 []

[4779]) (./gospel_early_mormon_sources.tex [4780]
(./gospel_early_mormon_sources_1828-1829.tex [4781


] [4782] [4783] [4784]
[4785] [4786] [4787] [4788] [4789] [4790] [4791] [4792] [4793] [4794] [4795]
Package marginnote Info: Margin note 4796.1 is on absolute page 4796 on input l
ine 903.
Package marginnote Info: right page because not two side mode on input line 903
.
Package marginnote Info: xpos seems to be 331.9623pt on input line 903.
Package marginnote Info: Margin note 4796.2 is on absolute page 4796 on input l
ine 911.
Package marginnote Info: right page because not two side mode on input line 911
.
Package marginnote Info: xpos seems to be 321.1058pt on input line 911.
Package marginnote Info: Margin note 4796.3 is on absolute page 4797 on input l
ine 915.
Package marginnote Info: right page because not two side mode on input line 915
.
Package marginnote Info: xpos seems to be 539.17361pt on input line 915.
Package marginnote Info: Margin note 4796.4 is on absolute page 4797 on input l
ine 919.
Package marginnote Info: right page because not two side mode on input line 919
.
Package marginnote Info: xpos seems to be 271.18173pt on input line 919.

[4796]
Package marginnote Info: Margin note 4797.1 is on absolute page 4797 on input l
ine 959.
Package marginnote Info: right page because not two side mode on input line 959
.
Package marginnote Info: xpos seems to be 99.47116pt on input line 959.
Package marginnote Info: Margin note 4797.2 is on absolute page 4797 on input l
ine 963.
Package marginnote Info: right page because not two side mode on input line 963
.
Package marginnote Info: xpos seems to be 290.24118pt on input line 963.
Package marginnote Info: Margin note 4797.3 is on absolute page 4797 on input l
ine 967.
Package marginnote Info: right page because not two side mode on input line 967
.
Package marginnote Info: xpos seems to be 127.59184pt on input line 967.
 [4797]
Package marginnote Info: Margin note 4798.1 is on absolute page 4798 on input l
ine 997.
Package marginnote Info: right page because not two side mode on input line 997
.
Package marginnote Info: xpos seems to be 61.41489pt on input line 997.
Package marginnote Info: Margin note 4798.2 is on absolute page 4798 on input l
ine 1003.
Package marginnote Info: right page because not two side mode on input line 100
3.
Package marginnote Info: xpos seems to be 232.66783pt on input line 1003.
Package marginnote Info: Margin note 4798.3 is on absolute page 4798 on input l
ine 1008.
Package marginnote Info: right page because not two side mode on input line 100
8.
Package marginnote Info: xpos seems to be 73.16139pt on input line 1008.
Package marginnote Info: Margin note 4798.4 is on absolute page 4798 on input l
ine 1012.
Package marginnote Info: right page because not two side mode on input line 101
2.
Package marginnote Info: xpos seems to be 525.18478pt on input line 1012.
Package marginnote Info: Margin note 4798.5 is on absolute page 4798 on input l
ine 1017.
Package marginnote Info: right page because not two side mode on input line 101
7.
Package marginnote Info: xpos seems to be 73.14554pt on input line 1017.
Package marginnote Info: Margin note 4798.6 is on absolute page 4798 on input l
ine 1022.
Package marginnote Info: right page because not two side mode on input line 102
2.
Package marginnote Info: xpos seems to be 73.66733pt on input line 1022.
Package marginnote Info: Margin note 4798.7 is on absolute page 4798 on input l
ine 1026.
Package marginnote Info: right page because not two side mode on input line 102
6.
Package marginnote Info: xpos seems to be 36.135pt on input line 1026.
Package marginnote Info: Margin note 4798.8 is on absolute page 4798 on input l
ine 1031.
Package marginnote Info: right page because not two side mode on input line 103
1.
Package marginnote Info: xpos seems to be 73.27742pt on input line 1031.
Package marginnote Info: Margin note 4798.9 is on absolute page 4798 on input l
ine 1036.
Package marginnote Info: right page because not two side mode on input line 103
6.
Package marginnote Info: xpos seems to be 72.60272pt on input line 1036.
Package marginnote Info: Margin note 4798.10 is on absolute page 4799 on input 
line 1041.
Package marginnote Info: right page because not two side mode on input line 104
1.
Package marginnote Info: xpos seems to be 73.5285pt on input line 1041.
Package marginnote Info: Margin note 4798.11 is on absolute page 4799 on input 
line 1045.
Package marginnote Info: right page because not two side mode on input line 104
5.
Package marginnote Info: xpos seems to be 309.8874pt on input line 1045.
Package marginnote Info: Margin note 4798.12 is on absolute page 4799 on input 
line 1049.
Package marginnote Info: right page because not two side mode on input line 104
9.
Package marginnote Info: xpos seems to be 285.47046pt on input line 1049.
 [4798]
Package marginnote Info: Margin note 4799.1 is on absolute page 4799 on input l
ine 1097.
Package marginnote Info: right page because not two side mode on input line 109
7.
Package marginnote Info: xpos seems to be 56.135pt on input line 1097.
Package marginnote Info: Margin note 4799.2 is on absolute page 4799 on input l
ine 1107.
Package marginnote Info: right page because not two side mode on input line 110
7.
Package marginnote Info: xpos seems to be 407.33424pt on input line 1107.
Package marginnote Info: Margin note 4799.3 is on absolute page 4799 on input l
ine 1111.
Package marginnote Info: right page because not two side mode on input line 111
1.
Package marginnote Info: xpos seems to be 108.95616pt on input line 1111.
) (./gospel_early_mormon_sources_1830.tex [4799] [4800

]
Package marginnote Info: Margin note 4801.1 is on absolute page 4801 on input l
ine 73.
Package marginnote Info: right page because not two side mode on input line 73.

Package marginnote Info: xpos seems to be 258.21783pt on input line 73.
Package marginnote Info: Margin note 4801.2 is on absolute page 4801 on input l
ine 82.
Package marginnote Info: right page because not two side mode on input line 82.

Package marginnote Info: xpos seems to be 319.03793pt on input line 82.
Package marginnote Info: Margin note 4801.3 is on absolute page 4801 on input l
ine 86.
Package marginnote Info: right page because not two side mode on input line 86.

Package marginnote Info: xpos seems to be 360.41689pt on input line 86.
Package marginnote Info: Margin note 4801.4 is on absolute page 4801 on input l
ine 90.
Package marginnote Info: right page because not two side mode on input line 90.

Package marginnote Info: xpos seems to be 161.73091pt on input line 90.
Package marginnote Info: Margin note 4801.5 is on absolute page 4801 on input l
ine 94.
Package marginnote Info: right page because not two side mode on input line 94.

Package marginnote Info: xpos seems to be 497.62993pt on input line 94.
Package marginnote Info: Margin note 4801.6 is on absolute page 4801 on input l
ine 98.
Package marginnote Info: right page because not two side mode on input line 98.

Package marginnote Info: xpos seems to be 234.40915pt on input line 98.

[4801
pdfTeX warning (ext4): destination with the same identifier (name{EMS-1830-JS-C
IR-EARLY-1830-b}) has been already used, duplicate ignored
<argument> ...shipout:D \box_use:N \l_shipout_box 
                                                  \__shipout_drop_firstpage_...
l.122 				
          ] [4802] [4803] [4804] [4805] [4806] [4807] [4808] [4809]
Package marginnote Info: Margin note 4810.1 is on absolute page 4810 on input l
ine 760.
Package marginnote Info: right page because not two side mode on input line 760
.
Package marginnote Info: xpos seems to be 83.58467pt on input line 760.
Package marginnote Info: Margin note 4810.2 is on absolute page 4810 on input l
ine 766.
Package marginnote Info: right page because not two side mode on input line 766
.
Package marginnote Info: xpos seems to be 500.51535pt on input line 766.
Package marginnote Info: Margin note 4810.3 is on absolute page 4810 on input l
ine 771.
Package marginnote Info: right page because not two side mode on input line 771
.
Package marginnote Info: xpos seems to be 84.14084pt on input line 771.
Package marginnote Info: Margin note 4810.4 is on absolute page 4810 on input l
ine 775.
Package marginnote Info: right page because not two side mode on input line 775
.
Package marginnote Info: xpos seems to be 456.52739pt on input line 775.
Package marginnote Info: Margin note 4810.5 is on absolute page 4810 on input l
ine 779.
Package marginnote Info: right page because not two side mode on input line 779
.
Package marginnote Info: xpos seems to be 512.01033pt on input line 779.
 [4810]
[4811] [4812] [4813] [4814] [4815]
Package marginnote Info: Margin note 4816.1 is on absolute page 4816 on input l
ine 1254.
Package marginnote Info: right page because not two side mode on input line 125
4.
Package marginnote Info: xpos seems to be 83.58467pt on input line 1254.
Package marginnote Info: Margin note 4816.2 is on absolute page 4816 on input l
ine 1261.
Package marginnote Info: right page because not two side mode on input line 126
1.
Package marginnote Info: xpos seems to be 64.30489pt on input line 1261.
Package marginnote Info: Margin note 4816.3 is on absolute page 4816 on input l
ine 1267.
Package marginnote Info: right page because not two side mode on input line 126
7.
Package marginnote Info: xpos seems to be 331.45456pt on input line 1267.
Package marginnote Info: Margin note 4816.4 is on absolute page 4817 on input l
ine 1271.
Package marginnote Info: right page because not two side mode on input line 127
1.
Package marginnote Info: xpos seems to be 221.50725pt on input line 1271.
Package marginnote Info: Margin note 4816.5 is on absolute page 4817 on input l
ine 1275.
Package marginnote Info: right page because not two side mode on input line 127
5.
Package marginnote Info: xpos seems to be 502.93022pt on input line 1275.
Package marginnote Info: Margin note 4816.6 is on absolute page 4817 on input l
ine 1279.
Package marginnote Info: right page because not two side mode on input line 127
9.
Package marginnote Info: xpos seems to be 323.79272pt on input line 1279.
Package marginnote Info: Margin note 4816.7 is on absolute page 4817 on input l
ine 1283.
Package marginnote Info: right page because not two side mode on input line 128
3.
Package marginnote Info: xpos seems to be 228.94737pt on input line 1283.
Package marginnote Info: Margin note 4816.8 is on absolute page 4817 on input l
ine 1287.
Package marginnote Info: right page because not two side mode on input line 128
7.
Package marginnote Info: xpos seems to be 288.57613pt on input line 1287.
 [4816] [4817] [4818] [4819])
(./gospel_early_mormon_sources_1831.tex [4820

] [4821] [4822] [4823] [4824]
[4825] [4826]
Package marginnote Info: Margin note 4827.1 is on absolute page 4827 on input l
ine 482.
Package marginnote Info: right page because not two side mode on input line 482
.
Package marginnote Info: xpos seems to be 86.79462pt on input line 482.
Package marginnote Info: Margin note 4827.2 is on absolute page 4827 on input l
ine 489.
Package marginnote Info: right page because not two side mode on input line 489
.
Package marginnote Info: xpos seems to be 56.72296pt on input line 489.
Package marginnote Info: Margin note 4827.3 is on absolute page 4827 on input l
ine 494.
Package marginnote Info: right page because not two side mode on input line 494
.
Package marginnote Info: xpos seems to be 81.40402pt on input line 494.
 [4827] [4828] [4829] [4830] [4831] [4832] [4833]
Package marginnote Info: Margin note 4834.1 is on absolute page 4834 on input l
ine 830.
Package marginnote Info: right page because not two side mode on input line 830
.
Package marginnote Info: xpos seems to be 245.41489pt on input line 830.
Package marginnote Info: Margin note 4834.2 is on absolute page 4834 on input l
ine 839.
Package marginnote Info: right page because not two side mode on input line 839
.
Package marginnote Info: xpos seems to be 350.81483pt on input line 839.
Package marginnote Info: Margin note 4834.3 is on absolute page 4834 on input l
ine 843.
Package marginnote Info: right page because not two side mode on input line 843
.
Package marginnote Info: xpos seems to be 276.8468pt on input line 843.
Package marginnote Info: Margin note 4834.4 is on absolute page 4834 on input l
ine 848.
Package marginnote Info: right page because not two side mode on input line 848
.
Package marginnote Info: xpos seems to be 77.71483pt on input line 848.
 [4834]
Package marginnote Info: Margin note 4835.1 is on absolute page 4835 on input l
ine 945.
Package marginnote Info: right page because not two side mode on input line 945
.
Package marginnote Info: xpos seems to be 111.75897pt on input line 945.
Package marginnote Info: Margin note 4835.2 is on absolute page 4835 on input l
ine 954.
Package marginnote Info: right page because not two side mode on input line 954
.
Package marginnote Info: xpos seems to be 71.1162pt on input line 954.
 [4835]
[4836] [4837] [4838] [4839] [4840] [4841] [4842] [4843] [4844] [4845] [4846]
[4847] [4848]
Package marginnote Info: Margin note 4849.1 is on absolute page 4849 on input l
ine 1808.
Package marginnote Info: right page because not two side mode on input line 180
8.
Package marginnote Info: xpos seems to be 90.5995pt on input line 1808.
Package marginnote Info: Margin note 4849.2 is on absolute page 4849 on input l
ine 1813.
Package marginnote Info: right page because not two side mode on input line 181
3.
Package marginnote Info: xpos seems to be 63.40514pt on input line 1813.
Package marginnote Info: Margin note 4849.3 is on absolute page 4849 on input l
ine 1817.
Package marginnote Info: right page because not two side mode on input line 181
7.
Package marginnote Info: xpos seems to be 133.06271pt on input line 1817.
Package marginnote Info: Margin note 4849.4 is on absolute page 4849 on input l
ine 1822.
Package marginnote Info: right page because not two side mode on input line 182
2.
Package marginnote Info: xpos seems to be 73.18568pt on input line 1822.
Package marginnote Info: Margin note 4849.5 is on absolute page 4849 on input l
ine 1827.
Package marginnote Info: right page because not two side mode on input line 182
7.
Package marginnote Info: xpos seems to be 73.53062pt on input line 1827.
Package marginnote Info: Margin note 4849.6 is on absolute page 4849 on input l
ine 1832.
Package marginnote Info: right page because not two side mode on input line 183
2.
Package marginnote Info: xpos seems to be 73.1275pt on input line 1832.
Package marginnote Info: Margin note 4849.7 is on absolute page 4849 on input l
ine 1839.
Package marginnote Info: right page because not two side mode on input line 183
9.
Package marginnote Info: xpos seems to be 70.83072pt on input line 1839.
Package marginnote Info: Margin note 4849.8 is on absolute page 4849 on input l
ine 1843.
Package marginnote Info: right page because not two side mode on input line 184
3.
Package marginnote Info: xpos seems to be 423.14058pt on input line 1843.
Package marginnote Info: Margin note 4849.9 is on absolute page 4849 on input l
ine 1850.
Package marginnote Info: right page because not two side mode on input line 185
0.
Package marginnote Info: xpos seems to be 70.90636pt on input line 1850.
Package marginnote Info: Margin note 4849.10 is on absolute page 4849 on input 
line 1855.
Package marginnote Info: right page because not two side mode on input line 185
5.
Package marginnote Info: xpos seems to be 71.44963pt on input line 1855.
 [4849] [4850]
Package marginnote Info: Margin note 4851.1 is on absolute page 4851 on input l
ine 1996.
Package marginnote Info: right page because not two side mode on input line 199
6.
Package marginnote Info: xpos seems to be 73.85397pt on input line 1996.
Package marginnote Info: Margin note 4851.2 is on absolute page 4851 on input l
ine 2001.
Package marginnote Info: right page because not two side mode on input line 200
1.
Package marginnote Info: xpos seems to be 100.9042pt on input line 2001.
 [4851] [4852] [4853]
Package marginnote Info: Margin note 4854.1 is on absolute page 4854 on input l
ine 2197.
Package marginnote Info: right page because not two side mode on input line 219
7.
Package marginnote Info: xpos seems to be 290.3679pt on input line 2197.
Package marginnote Info: Margin note 4854.2 is on absolute page 4854 on input l
ine 2205.
Package marginnote Info: right page because not two side mode on input line 220
5.
Package marginnote Info: xpos seems to be 68.15349pt on input line 2205.
Package marginnote Info: Margin note 4854.3 is on absolute page 4854 on input l
ine 2211.
Package marginnote Info: right page because not two side mode on input line 221
1.
Package marginnote Info: xpos seems to be 83.51471pt on input line 2211.
 [4854] [4855]
Package marginnote Info: Margin note 4856.1 is on absolute page 4856 on input l
ine 2341.
Package marginnote Info: right page because not two side mode on input line 234
1.
Package marginnote Info: xpos seems to be 73.55489pt on input line 2341.
Package marginnote Info: Margin note 4856.2 is on absolute page 4856 on input l
ine 2348.
Package marginnote Info: right page because not two side mode on input line 234
8.
Package marginnote Info: xpos seems to be 95.9573pt on input line 2348.
 [4856] [4857]
Package marginnote Info: Margin note 4858.1 is on absolute page 4858 on input l
ine 2486.
Package marginnote Info: right page because not two side mode on input line 248
6.
Package marginnote Info: xpos seems to be 73.14047pt on input line 2486.
Package marginnote Info: Margin note 4858.2 is on absolute page 4858 on input l
ine 2493.
Package marginnote Info: right page because not two side mode on input line 249
3.
Package marginnote Info: xpos seems to be 77.09453pt on input line 2493.
Package marginnote Info: Margin note 4858.3 is on absolute page 4858 on input l
ine 2498.
Package marginnote Info: right page because not two side mode on input line 249
8.
Package marginnote Info: xpos seems to be 80.04607pt on input line 2498.

[4858] [4859] [4860]) (./gospel_early_mormon_sources_1832.tex [4861] [4862

]
[4863] [4864] [4865] [4866]
Package marginnote Info: Margin note 4867.1 is on absolute page 4867 on input l
ine 302.
Package marginnote Info: right page because not two side mode on input line 302
.
Package marginnote Info: xpos seems to be 90.26468pt on input line 302.
Package marginnote Info: Margin note 4867.2 is on absolute page 4867 on input l
ine 306.
Package marginnote Info: right page because not two side mode on input line 306
.
Package marginnote Info: xpos seems to be 139.73654pt on input line 306.
 [4867] [4868] [4869] [4870]
Package marginnote Info: Margin note 4871.1 is on absolute page 4871 on input l
ine 658.
Package marginnote Info: right page because not two side mode on input line 658
.
Package marginnote Info: xpos seems to be 255.51302pt on input line 658.
Package marginnote Info: Margin note 4871.2 is on absolute page 4871 on input l
ine 682.
Package marginnote Info: right page because not two side mode on input line 682
.
Package marginnote Info: xpos seems to be 90.57481pt on input line 682.
Package marginnote Info: Margin note 4871.3 is on absolute page 4871 on input l
ine 693.
Package marginnote Info: right page because not two side mode on input line 693
.
Package marginnote Info: xpos seems to be 90.57481pt on input line 693.
Package marginnote Info: Margin note 4871.4 is on absolute page 4871 on input l
ine 704.
Package marginnote Info: right page because not two side mode on input line 704
.
Package marginnote Info: xpos seems to be 90.57481pt on input line 704.
Package marginnote Info: Margin note 4871.5 is on absolute page 4872 on input l
ine 751.
Package marginnote Info: right page because not two side mode on input line 751
.
Package marginnote Info: xpos seems to be 248.65974pt on input line 751.
Package marginnote Info: Margin note 4871.6 is on absolute page 4872 on input l
ine 758.
Package marginnote Info: right page because not two side mode on input line 758
.
Package marginnote Info: xpos seems to be 218.35307pt on input line 758.
 [4871]
Package marginnote Info: Margin note 4872.1 is on absolute page 4872 on input l
ine 805.
Package marginnote Info: right page because not two side mode on input line 805
.
Package marginnote Info: xpos seems to be 80.84001pt on input line 805.
Package marginnote Info: Margin note 4872.2 is on absolute page 4872 on input l
ine 809.
Package marginnote Info: right page because not two side mode on input line 809
.
Package marginnote Info: xpos seems to be 546.57828pt on input line 809.
Package marginnote Info: Margin note 4872.3 is on absolute page 4872 on input l
ine 813.
Package marginnote Info: right page because not two side mode on input line 813
.
Package marginnote Info: xpos seems to be 298.6425pt on input line 813.
 [4872] [4873]
Package marginnote Info: Margin note 4874.1 is on absolute page 4874 on input l
ine 948.
Package marginnote Info: right page because not two side mode on input line 948
.
Package marginnote Info: xpos seems to be 75.84677pt on input line 948.
Package marginnote Info: Margin note 4874.2 is on absolute page 4874 on input l
ine 952.
Package marginnote Info: right page because not two side mode on input line 952
.
Package marginnote Info: xpos seems to be 321.24574pt on input line 952.
Package marginnote Info: Margin note 4874.3 is on absolute page 4874 on input l
ine 956.
Package marginnote Info: right page because not two side mode on input line 956
.
Package marginnote Info: xpos seems to be 393.14958pt on input line 956.
Package marginnote Info: Margin note 4874.4 is on absolute page 4874 on input l
ine 1002.
Package marginnote Info: right page because not two side mode on input line 100
2.
Package marginnote Info: xpos seems to be 249.95284pt on input line 1002.
Package marginnote Info: Margin note 4874.5 is on absolute page 4874 on input l
ine 1009.
Package marginnote Info: right page because not two side mode on input line 100
9.
Package marginnote Info: xpos seems to be 407.93391pt on input line 1009.
Package marginnote Info: Margin note 4874.6 is on absolute page 4875 on input l
ine 1013.
Package marginnote Info: right page because not two side mode on input line 101
3.
Package marginnote Info: xpos seems to be 56.92041pt on input line 1013.
Package marginnote Info: Margin note 4874.7 is on absolute page 4875 on input l
ine 1017.
Package marginnote Info: right page because not two side mode on input line 101
7.
Package marginnote Info: xpos seems to be 540.2181pt on input line 1017.
Package marginnote Info: Margin note 4874.8 is on absolute page 4875 on input l
ine 1021.
Package marginnote Info: right page because not two side mode on input line 102
1.
Package marginnote Info: xpos seems to be 335.19977pt on input line 1021.
Package marginnote Info: Margin note 4874.9 is on absolute page 4875 on input l
ine 1025.
Package marginnote Info: right page because not two side mode on input line 102
5.
Package marginnote Info: xpos seems to be 83.19952pt on input line 1025.
Package marginnote Info: Margin note 4874.10 is on absolute page 4875 on input 
line 1029.
Package marginnote Info: right page because not two side mode on input line 102
9.
Package marginnote Info: xpos seems to be 348.62854pt on input line 1029.
Package marginnote Info: Margin note 4874.11 is on absolute page 4875 on input 
line 1033.
Package marginnote Info: right page because not two side mode on input line 103
3.
Package marginnote Info: xpos seems to be 361.16287pt on input line 1033.
Package marginnote Info: Margin note 4874.12 is on absolute page 4875 on input 
line 1037.
Package marginnote Info: right page because not two side mode on input line 103
7.
Package marginnote Info: xpos seems to be 36.135pt on input line 1037.
Package marginnote Info: Margin note 4874.13 is on absolute page 4875 on input 
line 1041.
Package marginnote Info: right page because not two side mode on input line 104
1.
Package marginnote Info: xpos seems to be 299.01782pt on input line 1041.
Package marginnote Info: Margin note 4874.14 is on absolute page 4875 on input 
line 1045.
Package marginnote Info: right page because not two side mode on input line 104
5.
Package marginnote Info: xpos seems to be 257.32942pt on input line 1045.
Package marginnote Info: Margin note 4874.15 is on absolute page 4875 on input 
line 1049.
Package marginnote Info: right page because not two side mode on input line 104
9.
Package marginnote Info: xpos seems to be 218.55302pt on input line 1049.
Package marginnote Info: Margin note 4874.16 is on absolute page 4875 on input 
line 1053.
Package marginnote Info: right page because not two side mode on input line 105
3.
Package marginnote Info: xpos seems to be 413.86464pt on input line 1053.
Package marginnote Info: Margin note 4874.17 is on absolute page 4875 on input 
line 1057.
Package marginnote Info: right page because not two side mode on input line 105
7.
Package marginnote Info: xpos seems to be 321.26396pt on input line 1057.
Package marginnote Info: Margin note 4874.18 is on absolute page 4876 on input 
line 1061.
Package marginnote Info: right page because not two side mode on input line 106
1.
Package marginnote Info: xpos seems to be 241.27547pt on input line 1061.
Package marginnote Info: Margin note 4874.19 is on absolute page 4876 on input 
line 1065.
Package marginnote Info: right page because not two side mode on input line 106
5.
Package marginnote Info: xpos seems to be 295.2095pt on input line 1065.
Package marginnote Info: Margin note 4874.20 is on absolute page 4876 on input 
line 1069.
Package marginnote Info: right page because not two side mode on input line 106
9.
Package marginnote Info: xpos seems to be 288.98611pt on input line 1069.
Package marginnote Info: Margin note 4874.21 is on absolute page 4876 on input 
line 1073.
Package marginnote Info: right page because not two side mode on input line 107
3.
Package marginnote Info: xpos seems to be 381.09613pt on input line 1073.
Package marginnote Info: Margin note 4874.22 is on absolute page 4876 on input 
line 1077.
Package marginnote Info: right page because not two side mode on input line 107
7.
Package marginnote Info: xpos seems to be 150.36789pt on input line 1077.
Package marginnote Info: Margin note 4874.23 is on absolute page 4876 on input 
line 1081.
Package marginnote Info: right page because not two side mode on input line 108
1.
Package marginnote Info: xpos seems to be 365.07632pt on input line 1081.
Package marginnote Info: Margin note 4874.24 is on absolute page 4876 on input 
line 1085.
Package marginnote Info: right page because not two side mode on input line 108
5.
Package marginnote Info: xpos seems to be 367.10435pt on input line 1085.
Package marginnote Info: Margin note 4874.25 is on absolute page 4876 on input 
line 1089.
Package marginnote Info: right page because not two side mode on input line 108
9.
Package marginnote Info: xpos seems to be 305.1759pt on input line 1089.
Package marginnote Info: Margin note 4874.26 is on absolute page 4876 on input 
line 1093.
Package marginnote Info: right page because not two side mode on input line 109
3.
Package marginnote Info: xpos seems to be 450.8626pt on input line 1093.

[4874] [4875] [4876]
Package marginnote Info: Margin note 4877.1 is on absolute page 4877 on input l
ine 1193.
Package marginnote Info: right page because not two side mode on input line 119
3.
Package marginnote Info: xpos seems to be 61.32465pt on input line 1193.
Package marginnote Info: Margin note 4877.2 is on absolute page 4877 on input l
ine 1197.
Package marginnote Info: right page because not two side mode on input line 119
7.
Package marginnote Info: xpos seems to be 179.43158pt on input line 1197.
Package marginnote Info: Margin note 4877.3 is on absolute page 4877 on input l
ine 1202.
Package marginnote Info: right page because not two side mode on input line 120
2.
Package marginnote Info: xpos seems to be 56.89395pt on input line 1202.
Package marginnote Info: Margin note 4877.4 is on absolute page 4878 on input l
ine 1211.
Package marginnote Info: right page because not two side mode on input line 121
1.
Package marginnote Info: xpos seems to be 287.41826pt on input line 1211.
Package marginnote Info: Margin note 4877.5 is on absolute page 4878 on input l
ine 1215.
Package marginnote Info: right page because not two side mode on input line 121
5.
Package marginnote Info: xpos seems to be 316.15417pt on input line 1215.
Package marginnote Info: Margin note 4877.6 is on absolute page 4878 on input l
ine 1219.
Package marginnote Info: right page because not two side mode on input line 121
9.
Package marginnote Info: xpos seems to be 574.79001pt on input line 1219.
Package marginnote Info: Margin note 4877.7 is on absolute page 4878 on input l
ine 1223.
Package marginnote Info: right page because not two side mode on input line 122
3.
Package marginnote Info: xpos seems to be 310.54585pt on input line 1223.
Package marginnote Info: Margin note 4877.8 is on absolute page 4878 on input l
ine 1227.
Package marginnote Info: right page because not two side mode on input line 122
7.
Package marginnote Info: xpos seems to be 56.12291pt on input line 1227.
Package marginnote Info: Margin note 4877.9 is on absolute page 4878 on input l
ine 1231.
Package marginnote Info: right page because not two side mode on input line 123
1.
Package marginnote Info: xpos seems to be 351.28001pt on input line 1231.
Package marginnote Info: Margin note 4877.10 is on absolute page 4878 on input 
line 1235.
Package marginnote Info: right page because not two side mode on input line 123
5.
Package marginnote Info: xpos seems to be 505.41393pt on input line 1235.
Package marginnote Info: Margin note 4877.11 is on absolute page 4878 on input 
line 1239.
Package marginnote Info: right page because not two side mode on input line 123
9.
Package marginnote Info: xpos seems to be 243.37004pt on input line 1239.
Package marginnote Info: Margin note 4877.12 is on absolute page 4878 on input 
line 1243.
Package marginnote Info: right page because not two side mode on input line 124
3.
Package marginnote Info: xpos seems to be 401.5248pt on input line 1243.
Package marginnote Info: Margin note 4877.13 is on absolute page 4878 on input 
line 1247.
Package marginnote Info: right page because not two side mode on input line 124
7.
Package marginnote Info: xpos seems to be 186.26852pt on input line 1247.
Package marginnote Info: Margin note 4877.14 is on absolute page 4879 on input 
line 1251.
Package marginnote Info: right page because not two side mode on input line 125
1.
Package marginnote Info: xpos seems to be 473.47215pt on input line 1251.
Package marginnote Info: Margin note 4877.15 is on absolute page 4879 on input 
line 1255.
Package marginnote Info: right page because not two side mode on input line 125
5.
Package marginnote Info: xpos seems to be 285.01111pt on input line 1255.
Package marginnote Info: Margin note 4877.16 is on absolute page 4879 on input 
line 1259.
Package marginnote Info: right page because not two side mode on input line 125
9.
Package marginnote Info: xpos seems to be 228.86609pt on input line 1259.
Package marginnote Info: Margin note 4877.17 is on absolute page 4879 on input 
line 1263.
Package marginnote Info: right page because not two side mode on input line 126
3.
Package marginnote Info: xpos seems to be 196.95813pt on input line 1263.
 [4877] [4878
pdfTeX warning (ext4): destination with the same identifier (name{EMS-1832-JS-C
IR-SUM-1832-d}) has been already used, duplicate ignored
<argument> ...shipout:D \box_use:N \l_shipout_box 
                                                  \__shipout_drop_firstpage_...
l.1264 				
           ] [4879] [4880] [4881]
Package marginnote Info: Margin note 4882.1 is on absolute page 4882 on input l
ine 1362.
Package marginnote Info: right page because not two side mode on input line 136
2.
Package marginnote Info: xpos seems to be 80.14685pt on input line 1362.
Package marginnote Info: Margin note 4882.2 is on absolute page 4882 on input l
ine 1366.
Package marginnote Info: right page because not two side mode on input line 136
6.
Package marginnote Info: xpos seems to be 299.20908pt on input line 1366.
Package marginnote Info: Margin note 4882.3 is on absolute page 4882 on input l
ine 1370.
Package marginnote Info: right page because not two side mode on input line 137
0.
Package marginnote Info: xpos seems to be 53.11722pt on input line 1370.
Package marginnote Info: Margin note 4882.4 is on absolute page 4882 on input l
ine 1374.
Package marginnote Info: right page because not two side mode on input line 137
4.
Package marginnote Info: xpos seems to be 152.04036pt on input line 1374.
Package marginnote Info: Margin note 4882.5 is on absolute page 4882 on input l
ine 1378.
Package marginnote Info: right page because not two side mode on input line 137
8.
Package marginnote Info: xpos seems to be 370.9903pt on input line 1378.
Package marginnote Info: Margin note 4882.6 is on absolute page 4882 on input l
ine 1387.
Package marginnote Info: right page because not two side mode on input line 138
7.
Package marginnote Info: xpos seems to be 64.66968pt on input line 1387.
 [4882]
Package marginnote Info: Margin note 4883.1 is on absolute page 4883 on input l
ine 1433.
Package marginnote Info: right page because not two side mode on input line 143
3.
Package marginnote Info: xpos seems to be 275.67769pt on input line 1433.
Package marginnote Info: Margin note 4883.2 is on absolute page 4883 on input l
ine 1440.
Package marginnote Info: right page because not two side mode on input line 144
0.
Package marginnote Info: xpos seems to be 214.32529pt on input line 1440.
Package marginnote Info: Margin note 4883.3 is on absolute page 4883 on input l
ine 1444.
Package marginnote Info: right page because not two side mode on input line 144
4.
Package marginnote Info: xpos seems to be 314.7181pt on input line 1444.
Package marginnote Info: Margin note 4883.4 is on absolute page 4883 on input l
ine 1448.
Package marginnote Info: right page because not two side mode on input line 144
8.
Package marginnote Info: xpos seems to be 571.86682pt on input line 1448.
Package marginnote Info: Margin note 4883.5 is on absolute page 4883 on input l
ine 1452.
Package marginnote Info: right page because not two side mode on input line 145
2.
Package marginnote Info: xpos seems to be 497.29823pt on input line 1452.
Package marginnote Info: Margin note 4883.6 is on absolute page 4883 on input l
ine 1456.
Package marginnote Info: right page because not two side mode on input line 145
6.
Package marginnote Info: xpos seems to be 457.81113pt on input line 1456.
Package marginnote Info: Margin note 4883.7 is on absolute page 4883 on input l
ine 1460.
Package marginnote Info: right page because not two side mode on input line 146
0.
Package marginnote Info: xpos seems to be 233.85477pt on input line 1460.
Package marginnote Info: Margin note 4883.8 is on absolute page 4883 on input l
ine 1464.
Package marginnote Info: right page because not two side mode on input line 146
4.
Package marginnote Info: xpos seems to be 468.13905pt on input line 1464.
Package marginnote Info: Margin note 4883.9 is on absolute page 4884 on input l
ine 1468.
Package marginnote Info: right page because not two side mode on input line 146
8.
Package marginnote Info: xpos seems to be 95.32053pt on input line 1468.
Package marginnote Info: Margin note 4883.10 is on absolute page 4884 on input 
line 1472.
Package marginnote Info: right page because not two side mode on input line 147
2.
Package marginnote Info: xpos seems to be 188.36153pt on input line 1472.
 [4883] [4884]
Package marginnote Info: Margin note 4885.1 is on absolute page 4885 on input l
ine 1629.
Package marginnote Info: right page because not two side mode on input line 162
9.
Package marginnote Info: xpos seems to be 61.41489pt on input line 1629.
Package marginnote Info: Margin note 4885.2 is on absolute page 4885 on input l
ine 1635.
Package marginnote Info: right page because not two side mode on input line 163
5.
Package marginnote Info: xpos seems to be 368.61331pt on input line 1635.
Package marginnote Info: Margin note 4885.3 is on absolute page 4885 on input l
ine 1640.
Package marginnote Info: right page because not two side mode on input line 164
0.
Package marginnote Info: xpos seems to be 72.33035pt on input line 1640.
 [4885] [4886] [4887]
[4888]) (./gospel_early_mormon_sources_1833.tex [4889]
Package marginnote Info: Margin note 4890.1 is on absolute page 4891 on input l
ine 108.
Package marginnote Info: right page because not two side mode on input line 108
.
Package marginnote Info: xpos seems to be 293.30835pt on input line 108.
 [4890

]
Package marginnote Info: Margin note 4891.1 is on absolute page 4891 on input l
ine 118.
Package marginnote Info: right page because not two side mode on input line 118
.
Package marginnote Info: xpos seems to be 69.25937pt on input line 118.
Package marginnote Info: Margin note 4891.2 is on absolute page 4891 on input l
ine 122.
Package marginnote Info: right page because not two side mode on input line 122
.
Package marginnote Info: xpos seems to be 457.99034pt on input line 122.
Package marginnote Info: Margin note 4891.3 is on absolute page 4891 on input l
ine 126.
Package marginnote Info: right page because not two side mode on input line 126
.
Package marginnote Info: xpos seems to be 425.41994pt on input line 126.
Package marginnote Info: Margin note 4891.4 is on absolute page 4891 on input l
ine 130.
Package marginnote Info: right page because not two side mode on input line 130
.
Package marginnote Info: xpos seems to be 413.28955pt on input line 130.
Package marginnote Info: Margin note 4891.5 is on absolute page 4891 on input l
ine 134.
Package marginnote Info: right page because not two side mode on input line 134
.
Package marginnote Info: xpos seems to be 387.11719pt on input line 134.
Package marginnote Info: Margin note 4891.6 is on absolute page 4891 on input l
ine 138.
Package marginnote Info: right page because not two side mode on input line 138
.
Package marginnote Info: xpos seems to be 485.80568pt on input line 138.
Package marginnote Info: Margin note 4891.7 is on absolute page 4891 on input l
ine 142.
Package marginnote Info: right page because not two side mode on input line 142
.
Package marginnote Info: xpos seems to be 158.50752pt on input line 142.
Package marginnote Info: Margin note 4891.8 is on absolute page 4891 on input l
ine 147.
Package marginnote Info: right page because not two side mode on input line 147
.
Package marginnote Info: xpos seems to be 70.91704pt on input line 147.
Package marginnote Info: Margin note 4891.9 is on absolute page 4891 on input l
ine 151.
Package marginnote Info: right page because not two side mode on input line 151
.
Package marginnote Info: xpos seems to be 175.74663pt on input line 151.
Package marginnote Info: Margin note 4891.10 is on absolute page 4891 on input 
line 156.
Package marginnote Info: right page because not two side mode on input line 156
.
Package marginnote Info: xpos seems to be 73.11902pt on input line 156.
Package marginnote Info: Margin note 4891.11 is on absolute page 4892 on input 
line 160.
Package marginnote Info: right page because not two side mode on input line 160
.
Package marginnote Info: xpos seems to be 480.26659pt on input line 160.
 [4891]
Package marginnote Info: Margin note 4892.1 is on absolute page 4892 on input l
ine 165.
Package marginnote Info: right page because not two side mode on input line 165
.
Package marginnote Info: xpos seems to be 71.03973pt on input line 165.
Package marginnote Info: Margin note 4892.2 is on absolute page 4892 on input l
ine 169.
Package marginnote Info: right page because not two side mode on input line 169
.
Package marginnote Info: xpos seems to be 210.14465pt on input line 169.
Package marginnote Info: Margin note 4892.3 is on absolute page 4892 on input l
ine 174.
Package marginnote Info: right page because not two side mode on input line 174
.
Package marginnote Info: xpos seems to be 73.64986pt on input line 174.
Package marginnote Info: Margin note 4892.4 is on absolute page 4892 on input l
ine 178.
Package marginnote Info: right page because not two side mode on input line 178
.
Package marginnote Info: xpos seems to be 541.16386pt on input line 178.
Package marginnote Info: Margin note 4892.5 is on absolute page 4892 on input l
ine 182.
Package marginnote Info: right page because not two side mode on input line 182
.
Package marginnote Info: xpos seems to be 563.18996pt on input line 182.
 [4892]
Package marginnote Info: Margin note 4893.1 is on absolute page 4893 on input l
ine 281.
Package marginnote Info: right page because not two side mode on input line 281
.
Package marginnote Info: xpos seems to be 285.2024pt on input line 281.
Package marginnote Info: Margin note 4893.2 is on absolute page 4893 on input l
ine 294.
Package marginnote Info: right page because not two side mode on input line 294
.
Package marginnote Info: xpos seems to be 523.48076pt on input line 294.
Package marginnote Info: Margin note 4893.3 is on absolute page 4893 on input l
ine 298.
Package marginnote Info: right page because not two side mode on input line 298
.
Package marginnote Info: xpos seems to be 448.01196pt on input line 298.
Package marginnote Info: Margin note 4893.4 is on absolute page 4893 on input l
ine 302.
Package marginnote Info: right page because not two side mode on input line 302
.
Package marginnote Info: xpos seems to be 288.99817pt on input line 302.
Package marginnote Info: Margin note 4893.5 is on absolute page 4893 on input l
ine 306.
Package marginnote Info: right page because not two side mode on input line 306
.
Package marginnote Info: xpos seems to be 36.135pt on input line 306.
Package marginnote Info: Margin note 4893.6 is on absolute page 4893 on input l
ine 310.
Package marginnote Info: right page because not two side mode on input line 310
.
Package marginnote Info: xpos seems to be 530.57938pt on input line 310.
Package marginnote Info: Margin note 4893.7 is on absolute page 4893 on input l
ine 314.
Package marginnote Info: right page because not two side mode on input line 314
.
Package marginnote Info: xpos seems to be 129.39174pt on input line 314.

[4893]
Package marginnote Info: Margin note 4894.1 is on absolute page 4894 on input l
ine 366.
Package marginnote Info: right page because not two side mode on input line 366
.
Package marginnote Info: xpos seems to be 411.32922pt on input line 366.
Package marginnote Info: Margin note 4894.2 is on absolute page 4894 on input l
ine 373.
Package marginnote Info: right page because not two side mode on input line 373
.
Package marginnote Info: xpos seems to be 441.68771pt on input line 373.
Package marginnote Info: Margin note 4894.3 is on absolute page 4894 on input l
ine 377.
Package marginnote Info: right page because not two side mode on input line 377
.
Package marginnote Info: xpos seems to be 312.5368pt on input line 377.
Package marginnote Info: Margin note 4894.4 is on absolute page 4894 on input l
ine 381.
Package marginnote Info: right page because not two side mode on input line 381
.
Package marginnote Info: xpos seems to be 398.54718pt on input line 381.
Package marginnote Info: Margin note 4894.5 is on absolute page 4894 on input l
ine 385.
Package marginnote Info: right page because not two side mode on input line 385
.
Package marginnote Info: xpos seems to be 374.68987pt on input line 385.
Package marginnote Info: Margin note 4894.6 is on absolute page 4894 on input l
ine 389.
Package marginnote Info: right page because not two side mode on input line 389
.
Package marginnote Info: xpos seems to be 129.88666pt on input line 389.
Package marginnote Info: Margin note 4894.7 is on absolute page 4894 on input l
ine 393.
Package marginnote Info: right page because not two side mode on input line 393
.
Package marginnote Info: xpos seems to be 300.7346pt on input line 393.
Package marginnote Info: Margin note 4894.8 is on absolute page 4894 on input l
ine 397.
Package marginnote Info: right page because not two side mode on input line 397
.
Package marginnote Info: xpos seems to be 227.62828pt on input line 397.
Package marginnote Info: Margin note 4894.9 is on absolute page 4894 on input l
ine 401.
Package marginnote Info: right page because not two side mode on input line 401
.
Package marginnote Info: xpos seems to be 54.467pt on input line 401.
Package marginnote Info: Margin note 4894.10 is on absolute page 4894 on input 
line 405.
Package marginnote Info: right page because not two side mode on input line 405
.
Package marginnote Info: xpos seems to be 121.70055pt on input line 405.
Package marginnote Info: Margin note 4894.11 is on absolute page 4894 on input 
line 409.
Package marginnote Info: right page because not two side mode on input line 409
.
Package marginnote Info: xpos seems to be 287.30624pt on input line 409.
Package marginnote Info: Margin note 4894.12 is on absolute page 4895 on input 
line 413.
Package marginnote Info: right page because not two side mode on input line 413
.
Package marginnote Info: xpos seems to be 109.15768pt on input line 413.
Package marginnote Info: Margin note 4894.13 is on absolute page 4895 on input 
line 417.
Package marginnote Info: right page because not two side mode on input line 417
.
Package marginnote Info: xpos seems to be 36.135pt on input line 417.
Package marginnote Info: Margin note 4894.14 is on absolute page 4895 on input 
line 421.
Package marginnote Info: right page because not two side mode on input line 421
.
Package marginnote Info: xpos seems to be 118.49333pt on input line 421.
Package marginnote Info: Margin note 4894.15 is on absolute page 4895 on input 
line 425.
Package marginnote Info: right page because not two side mode on input line 425
.
Package marginnote Info: xpos seems to be 378.70163pt on input line 425.
Package marginnote Info: Margin note 4894.16 is on absolute page 4895 on input 
line 429.
Package marginnote Info: right page because not two side mode on input line 429
.
Package marginnote Info: xpos seems to be 467.93944pt on input line 429.
Package marginnote Info: Margin note 4894.17 is on absolute page 4895 on input 
line 433.
Package marginnote Info: right page because not two side mode on input line 433
.
Package marginnote Info: xpos seems to be 110.40582pt on input line 433.
Package marginnote Info: Margin note 4894.18 is on absolute page 4895 on input 
line 437.
Package marginnote Info: right page because not two side mode on input line 437
.
Package marginnote Info: xpos seems to be 514.27513pt on input line 437.
Package marginnote Info: Margin note 4894.19 is on absolute page 4895 on input 
line 441.
Package marginnote Info: right page because not two side mode on input line 441
.
Package marginnote Info: xpos seems to be 339.50124pt on input line 441.
Package marginnote Info: Margin note 4894.20 is on absolute page 4895 on input 
line 445.
Package marginnote Info: right page because not two side mode on input line 445
.
Package marginnote Info: xpos seems to be 521.46501pt on input line 445.
 [4894]
Package marginnote Info: Margin note 4895.1 is on absolute page 4895 on input l
ine 456.
Package marginnote Info: right page because not two side mode on input line 456
.
Package marginnote Info: xpos seems to be 75.87582pt on input line 456.
 [4895
pdfTeX warning (ext4): destination with the same identifier (name{EMS-1833-JS-1
4-JAN-1833-s}) has been already used, duplicate ignored
<argument> ...shipout:D \box_use:N \l_shipout_box 
                                                  \__shipout_drop_firstpage_...
l.482 			\end{description}
                          ]
Package marginnote Info: Margin note 4896.1 is on absolute page 4896 on input l
ine 502.
Package marginnote Info: right page because not two side mode on input line 502
.
Package marginnote Info: xpos seems to be 483.87756pt on input line 502.
Package marginnote Info: Margin note 4896.2 is on absolute page 4896 on input l
ine 510.
Package marginnote Info: right page because not two side mode on input line 510
.
Package marginnote Info: xpos seems to be 102.53497pt on input line 510.
Package marginnote Info: Margin note 4896.3 is on absolute page 4896 on input l
ine 515.
Package marginnote Info: right page because not two side mode on input line 515
.
Package marginnote Info: xpos seems to be 105.59076pt on input line 515.
Package marginnote Info: Margin note 4896.4 is on absolute page 4896 on input l
ine 520.
Package marginnote Info: right page because not two side mode on input line 520
.
Package marginnote Info: xpos seems to be 61.9858pt on input line 520.
Package marginnote Info: Margin note 4896.5 is on absolute page 4896 on input l
ine 524.
Package marginnote Info: right page because not two side mode on input line 524
.
Package marginnote Info: xpos seems to be 318.0796pt on input line 524.
Package marginnote Info: Margin note 4896.6 is on absolute page 4896 on input l
ine 575.
Package marginnote Info: right page because not two side mode on input line 575
.
Package marginnote Info: xpos seems to be 578.16pt on input line 575.
Package marginnote Info: Margin note 4896.7 is on absolute page 4897 on input l
ine 588.
Package marginnote Info: right page because not two side mode on input line 588
.
Package marginnote Info: xpos seems to be 227.00366pt on input line 588.
 [4896]
Package marginnote Info: Margin note 4897.1 is on absolute page 4897 on input l
ine 593.
Package marginnote Info: right page because not two side mode on input line 593
.
Package marginnote Info: xpos seems to be 222.44525pt on input line 593.
Package marginnote Info: Margin note 4897.2 is on absolute page 4897 on input l
ine 646.
Package marginnote Info: right page because not two side mode on input line 646
.
Package marginnote Info: xpos seems to be 64.30489pt on input line 646.
Package marginnote Info: Margin note 4897.3 is on absolute page 4897 on input l
ine 654.
Package marginnote Info: right page because not two side mode on input line 654
.
Package marginnote Info: xpos seems to be 218.49103pt on input line 654.
 [4897] [4898] [4899]
Package marginnote Info: Margin note 4900.1 is on absolute page 4900 on input l
ine 897.
Package marginnote Info: right page because not two side mode on input line 897
.
Package marginnote Info: xpos seems to be 90.85443pt on input line 897.
Package marginnote Info: Margin note 4900.2 is on absolute page 4900 on input l
ine 903.
Package marginnote Info: right page because not two side mode on input line 903
.
Package marginnote Info: xpos seems to be 339.24709pt on input line 903.
Package marginnote Info: Margin note 4900.3 is on absolute page 4900 on input l
ine 907.
Package marginnote Info: right page because not two side mode on input line 907
.
Package marginnote Info: xpos seems to be 484.77147pt on input line 907.
Package marginnote Info: Margin note 4900.4 is on absolute page 4900 on input l
ine 911.
Package marginnote Info: right page because not two side mode on input line 911
.
Package marginnote Info: xpos seems to be 262.6131pt on input line 911.
 [4900]
Package marginnote Info: Margin note 4901.1 is on absolute page 4901 on input l
ine 1012.
Package marginnote Info: right page because not two side mode on input line 101
2.
Package marginnote Info: xpos seems to be 296.5175pt on input line 1012.
Package marginnote Info: Margin note 4901.2 is on absolute page 4901 on input l
ine 1019.
Package marginnote Info: right page because not two side mode on input line 101
9.
Package marginnote Info: xpos seems to be 508.7314pt on input line 1019.
Package marginnote Info: Margin note 4901.3 is on absolute page 4901 on input l
ine 1023.
Package marginnote Info: right page because not two side mode on input line 102
3.
Package marginnote Info: xpos seems to be 36.135pt on input line 1023.
Package marginnote Info: Margin note 4901.4 is on absolute page 4901 on input l
ine 1027.
Package marginnote Info: right page because not two side mode on input line 102
7.
Package marginnote Info: xpos seems to be 229.95009pt on input line 1027.
Package marginnote Info: Margin note 4901.5 is on absolute page 4902 on input l
ine 1031.
Package marginnote Info: right page because not two side mode on input line 103
1.
Package marginnote Info: xpos seems to be 194.3141pt on input line 1031.
Package marginnote Info: Margin note 4901.6 is on absolute page 4902 on input l
ine 1035.
Package marginnote Info: right page because not two side mode on input line 103
5.
Package marginnote Info: xpos seems to be 112.66571pt on input line 1035.
 [4901]
Package marginnote Info: Margin note 4902.1 is on absolute page 4902 on input l
ine 1040.
Package marginnote Info: right page because not two side mode on input line 104
0.
Package marginnote Info: xpos seems to be 78.3233pt on input line 1040.
Package marginnote Info: Margin note 4902.2 is on absolute page 4902 on input l
ine 1044.
Package marginnote Info: right page because not two side mode on input line 104
4.
Package marginnote Info: xpos seems to be 166.34714pt on input line 1044.
Package marginnote Info: Margin note 4902.3 is on absolute page 4902 on input l
ine 1048.
Package marginnote Info: right page because not two side mode on input line 104
8.
Package marginnote Info: xpos seems to be 134.80153pt on input line 1048.
Package marginnote Info: Margin note 4902.4 is on absolute page 4902 on input l
ine 1059.
Package marginnote Info: right page because not two side mode on input line 105
9.
Package marginnote Info: xpos seems to be 68.1332pt on input line 1059.
 [4902]
Package marginnote Info: Margin note 4903.1 is on absolute page 4903 on input l
ine 1153.
Package marginnote Info: right page because not two side mode on input line 115
3.
Package marginnote Info: xpos seems to be 287.3339pt on input line 1153.
Package marginnote Info: Margin note 4903.2 is on absolute page 4903 on input l
ine 1162.
Package marginnote Info: right page because not two side mode on input line 116
2.
Package marginnote Info: xpos seems to be 178.76236pt on input line 1162.
Package marginnote Info: Margin note 4903.3 is on absolute page 4903 on input l
ine 1166.
Package marginnote Info: right page because not two side mode on input line 116
6.
Package marginnote Info: xpos seems to be 197.28009pt on input line 1166.
Package marginnote Info: Margin note 4903.4 is on absolute page 4903 on input l
ine 1170.
Package marginnote Info: right page because not two side mode on input line 117
0.
Package marginnote Info: xpos seems to be 287.13525pt on input line 1170.
Package marginnote Info: Margin note 4903.5 is on absolute page 4903 on input l
ine 1174.
Package marginnote Info: right page because not two side mode on input line 117
4.
Package marginnote Info: xpos seems to be 36.135pt on input line 1174.
Package marginnote Info: Margin note 4903.6 is on absolute page 4903 on input l
ine 1178.
Package marginnote Info: right page because not two side mode on input line 117
8.
Package marginnote Info: xpos seems to be 393.1163pt on input line 1178.

[4903] [4904] [4905]
Package marginnote Info: Margin note 4906.1 is on absolute page 4906 on input l
ine 1373.
Package marginnote Info: right page because not two side mode on input line 137
3.
Package marginnote Info: xpos seems to be 513.19029pt on input line 1373.
Package marginnote Info: Margin note 4906.2 is on absolute page 4906 on input l
ine 1382.
Package marginnote Info: right page because not two side mode on input line 138
2.
Package marginnote Info: xpos seems to be 75.5648pt on input line 1382.
Package marginnote Info: Margin note 4906.3 is on absolute page 4906 on input l
ine 1387.
Package marginnote Info: right page because not two side mode on input line 138
7.
Package marginnote Info: xpos seems to be 67.48352pt on input line 1387.
Package marginnote Info: Margin note 4906.4 is on absolute page 4906 on input l
ine 1391.
Package marginnote Info: right page because not two side mode on input line 139
1.
Package marginnote Info: xpos seems to be 95.49197pt on input line 1391.
Package marginnote Info: Margin note 4906.5 is on absolute page 4906 on input l
ine 1395.
Package marginnote Info: right page because not two side mode on input line 139
5.
Package marginnote Info: xpos seems to be 139.43729pt on input line 1395.
Package marginnote Info: Margin note 4906.6 is on absolute page 4906 on input l
ine 1399.
Package marginnote Info: right page because not two side mode on input line 139
9.
Package marginnote Info: xpos seems to be 41.9433pt on input line 1399.
Package marginnote Info: Margin note 4906.7 is on absolute page 4907 on input l
ine 1403.
Package marginnote Info: right page because not two side mode on input line 140
3.
Package marginnote Info: xpos seems to be 122.94705pt on input line 1403.
 [4906
pdfTeX warning (ext4): destination with the same identifier (name{EMS-1833-JS-2
5-JUN-1833-c}) has been already used, duplicate ignored
<argument> ...shipout:D \box_use:N \l_shipout_box 
                                                  \__shipout_drop_firstpage_...
l.1404 				
           ]
Package marginnote Info: Margin note 4907.1 is on absolute page 4907 on input l
ine 1408.
Package marginnote Info: right page because not two side mode on input line 140
8.
Package marginnote Info: xpos seems to be 86.31366pt on input line 1408.
Package marginnote Info: Margin note 4907.2 is on absolute page 4907 on input l
ine 1413.
Package marginnote Info: right page because not two side mode on input line 141
3.
Package marginnote Info: xpos seems to be 69.94478pt on input line 1413.
Package marginnote Info: Margin note 4907.3 is on absolute page 4907 on input l
ine 1417.
Package marginnote Info: right page because not two side mode on input line 141
7.
Package marginnote Info: xpos seems to be 159.56046pt on input line 1417.
Package marginnote Info: Margin note 4907.4 is on absolute page 4907 on input l
ine 1421.
Package marginnote Info: right page because not two side mode on input line 142
1.
Package marginnote Info: xpos seems to be 379.03493pt on input line 1421.
Package marginnote Info: Margin note 4907.5 is on absolute page 4907 on input l
ine 1425.
Package marginnote Info: right page because not two side mode on input line 142
5.
Package marginnote Info: xpos seems to be 446.64413pt on input line 1425.
Package marginnote Info: Margin note 4907.6 is on absolute page 4907 on input l
ine 1429.
Package marginnote Info: right page because not two side mode on input line 142
9.
Package marginnote Info: xpos seems to be 217.45543pt on input line 1429.
Package marginnote Info: Margin note 4907.7 is on absolute page 4907 on input l
ine 1433.
Package marginnote Info: right page because not two side mode on input line 143
3.
Package marginnote Info: xpos seems to be 165.74677pt on input line 1433.
Package marginnote Info: Margin note 4907.8 is on absolute page 4907 on input l
ine 1437.
Package marginnote Info: right page because not two side mode on input line 143
7.
Package marginnote Info: xpos seems to be 242.25716pt on input line 1437.
Package marginnote Info: Margin note 4907.9 is on absolute page 4907 on input l
ine 1441.
Package marginnote Info: right page because not two side mode on input line 144
1.
Package marginnote Info: xpos seems to be 309.72614pt on input line 1441.
Package marginnote Info: Margin note 4907.10 is on absolute page 4907 on input 
line 1458.
Package marginnote Info: right page because not two side mode on input line 145
8.
Package marginnote Info: xpos seems to be 80.96478pt on input line 1458.
Package marginnote Info: Margin note 4907.11 is on absolute page 4908 on input 
line 1464.
Package marginnote Info: right page because not two side mode on input line 146
4.
Package marginnote Info: xpos seems to be 251.90932pt on input line 1464.
 [4907]
Package marginnote Info: Margin note 4908.1 is on absolute page 4908 on input l
ine 1510.
Package marginnote Info: right page because not two side mode on input line 151
0.
Package marginnote Info: xpos seems to be 74.00488pt on input line 1510.
Package marginnote Info: Margin note 4908.2 is on absolute page 4908 on input l
ine 1515.
Package marginnote Info: right page because not two side mode on input line 151
5.
Package marginnote Info: xpos seems to be 72.71956pt on input line 1515.
Package marginnote Info: Margin note 4908.3 is on absolute page 4908 on input l
ine 1519.
Package marginnote Info: right page because not two side mode on input line 151
9.
Package marginnote Info: xpos seems to be 292.17314pt on input line 1519.
Package marginnote Info: Margin note 4908.4 is on absolute page 4908 on input l
ine 1523.
Package marginnote Info: right page because not two side mode on input line 152
3.
Package marginnote Info: xpos seems to be 156.38791pt on input line 1523.
Package marginnote Info: Margin note 4908.5 is on absolute page 4908 on input l
ine 1527.
Package marginnote Info: right page because not two side mode on input line 152
7.
Package marginnote Info: xpos seems to be 42.04362pt on input line 1527.
Package marginnote Info: Margin note 4908.6 is on absolute page 4908 on input l
ine 1531.
Package marginnote Info: right page because not two side mode on input line 153
1.
Package marginnote Info: xpos seems to be 234.55618pt on input line 1531.
Package marginnote Info: Margin note 4908.7 is on absolute page 4908 on input l
ine 1536.
Package marginnote Info: right page because not two side mode on input line 153
6.
Package marginnote Info: xpos seems to be 67.71411pt on input line 1536.
 [4908]
Package marginnote Info: Margin note 4909.1 is on absolute page 4909 on input l
ine 1592.
Package marginnote Info: right page because not two side mode on input line 159
2.
Package marginnote Info: xpos seems to be 517.55333pt on input line 1592.
Package marginnote Info: Margin note 4909.2 is on absolute page 4909 on input l
ine 1601.
Package marginnote Info: right page because not two side mode on input line 160
1.
Package marginnote Info: xpos seems to be 137.16377pt on input line 1601.
Package marginnote Info: Margin note 4909.3 is on absolute page 4909 on input l
ine 1655.
Package marginnote Info: right page because not two side mode on input line 165
5.
Package marginnote Info: xpos seems to be 530.33032pt on input line 1655.
Package marginnote Info: Margin note 4909.4 is on absolute page 4909 on input l
ine 1662.
Package marginnote Info: right page because not two side mode on input line 166
2.
Package marginnote Info: xpos seems to be 368.40518pt on input line 1662.
 [4909]
Package marginnote Info: Margin note 4910.1 is on absolute page 4910 on input l
ine 1678.
Package marginnote Info: right page because not two side mode on input line 167
8.
Package marginnote Info: xpos seems to be 300.03738pt on input line 1678.
Package marginnote Info: Margin note 4910.2 is on absolute page 4910 on input l
ine 1687.
Package marginnote Info: right page because not two side mode on input line 168
7.
Package marginnote Info: xpos seems to be 350.01118pt on input line 1687.
Package marginnote Info: Margin note 4910.3 is on absolute page 4910 on input l
ine 1736.
Package marginnote Info: right page because not two side mode on input line 173
6.
Package marginnote Info: xpos seems to be 105.78432pt on input line 1736.
Package marginnote Info: Margin note 4910.4 is on absolute page 4910 on input l
ine 1755.
Package marginnote Info: right page because not two side mode on input line 175
5.
Package marginnote Info: xpos seems to be 70.71838pt on input line 1755.
Package marginnote Info: Margin note 4910.5 is on absolute page 4910 on input l
ine 1764.
Package marginnote Info: right page because not two side mode on input line 176
4.
Package marginnote Info: xpos seems to be 109.17435pt on input line 1764.
 [4910] [4911] [4912] [4913]
Package marginnote Info: Margin note 4914.1 is on absolute page 4914 on input l
ine 1959.
Package marginnote Info: right page because not two side mode on input line 195
9.
Package marginnote Info: xpos seems to be 64.62895pt on input line 1959.
Package marginnote Info: Margin note 4914.2 is on absolute page 4914 on input l
ine 1964.
Package marginnote Info: right page because not two side mode on input line 196
4.
Package marginnote Info: xpos seems to be 69.16649pt on input line 1964.
Package marginnote Info: Margin note 4914.3 is on absolute page 4914 on input l
ine 1968.
Package marginnote Info: right page because not two side mode on input line 196
8.
Package marginnote Info: xpos seems to be 284.39528pt on input line 1968.
Package marginnote Info: Margin note 4914.4 is on absolute page 4914 on input l
ine 1972.
Package marginnote Info: right page because not two side mode on input line 197
2.
Package marginnote Info: xpos seems to be 108.78116pt on input line 1972.
Package marginnote Info: Margin note 4914.5 is on absolute page 4914 on input l
ine 2018.
Package marginnote Info: right page because not two side mode on input line 201
8.
Package marginnote Info: xpos seems to be 507.01053pt on input line 2018.
Package marginnote Info: Margin note 4914.6 is on absolute page 4915 on input l
ine 2027.
Package marginnote Info: right page because not two side mode on input line 202
7.
Package marginnote Info: xpos seems to be 142.2713pt on input line 2027.
Package marginnote Info: Margin note 4914.7 is on absolute page 4915 on input l
ine 2031.
Package marginnote Info: right page because not two side mode on input line 203
1.
Package marginnote Info: xpos seems to be 412.94922pt on input line 2031.
Package marginnote Info: Margin note 4914.8 is on absolute page 4915 on input l
ine 2035.
Package marginnote Info: right page because not two side mode on input line 203
5.
Package marginnote Info: xpos seems to be 198.63387pt on input line 2035.
 [4914]
Package marginnote Info: Margin note 4915.1 is on absolute page 4915 on input l
ine 2040.
Package marginnote Info: right page because not two side mode on input line 204
0.
Package marginnote Info: xpos seems to be 75.85008pt on input line 2040.
Package marginnote Info: Margin note 4915.2 is on absolute page 4915 on input l
ine 2044.
Package marginnote Info: right page because not two side mode on input line 204
4.
Package marginnote Info: xpos seems to be 174.30685pt on input line 2044.
Package marginnote Info: Margin note 4915.3 is on absolute page 4915 on input l
ine 2048.
Package marginnote Info: right page because not two side mode on input line 204
8.
Package marginnote Info: xpos seems to be 128.29535pt on input line 2048.
Package marginnote Info: Margin note 4915.4 is on absolute page 4915 on input l
ine 2052.
Package marginnote Info: right page because not two side mode on input line 205
2.
Package marginnote Info: xpos seems to be 86.67557pt on input line 2052.
Package marginnote Info: Margin note 4915.5 is on absolute page 4915 on input l
ine 2057.
Package marginnote Info: right page because not two side mode on input line 205
7.
Package marginnote Info: xpos seems to be 87.30098pt on input line 2057.
Package marginnote Info: Margin note 4915.6 is on absolute page 4915 on input l
ine 2061.
Package marginnote Info: right page because not two side mode on input line 206
1.
Package marginnote Info: xpos seems to be 509.52629pt on input line 2061.
Package marginnote Info: Margin note 4915.7 is on absolute page 4915 on input l
ine 2066.
Package marginnote Info: right page because not two side mode on input line 206
6.
Package marginnote Info: xpos seems to be 74.8554pt on input line 2066.
Package marginnote Info: Margin note 4915.8 is on absolute page 4915 on input l
ine 2070.
Package marginnote Info: right page because not two side mode on input line 207
0.
Package marginnote Info: xpos seems to be 91.70638pt on input line 2070.
Package marginnote Info: Margin note 4915.9 is on absolute page 4916 on input l
ine 2074.
Package marginnote Info: right page because not two side mode on input line 207
4.
Package marginnote Info: xpos seems to be 326.39552pt on input line 2074.
Package marginnote Info: Margin note 4915.10 is on absolute page 4916 on input 
line 2078.
Package marginnote Info: right page because not two side mode on input line 207
8.
Package marginnote Info: xpos seems to be 287.10101pt on input line 2078.
Package marginnote Info: Margin note 4915.11 is on absolute page 4916 on input 
line 2082.
Package marginnote Info: right page because not two side mode on input line 208
2.
Package marginnote Info: xpos seems to be 170.12578pt on input line 2082.
Package marginnote Info: Margin note 4915.12 is on absolute page 4916 on input 
line 2086.
Package marginnote Info: right page because not two side mode on input line 208
6.
Package marginnote Info: xpos seems to be 119.11217pt on input line 2086.
Package marginnote Info: Margin note 4915.13 is on absolute page 4916 on input 
line 2090.
Package marginnote Info: right page because not two side mode on input line 209
0.
Package marginnote Info: xpos seems to be 502.62358pt on input line 2090.
Package marginnote Info: Margin note 4915.14 is on absolute page 4916 on input 
line 2094.
Package marginnote Info: right page because not two side mode on input line 209
4.
Package marginnote Info: xpos seems to be 373.79387pt on input line 2094.
Package marginnote Info: Margin note 4915.15 is on absolute page 4916 on input 
line 2098.
Package marginnote Info: right page because not two side mode on input line 209
8.
Package marginnote Info: xpos seems to be 202.92772pt on input line 2098.
 [4915]
[4916]
Package marginnote Info: Margin note 4917.1 is on absolute page 4917 on input l
ine 2155.
Package marginnote Info: right page because not two side mode on input line 215
5.
Package marginnote Info: xpos seems to be 288.81247pt on input line 2155.
Package marginnote Info: Margin note 4917.2 is on absolute page 4917 on input l
ine 2164.
Package marginnote Info: right page because not two side mode on input line 216
4.
Package marginnote Info: xpos seems to be 65.42525pt on input line 2164.
Package marginnote Info: Margin note 4917.3 is on absolute page 4917 on input l
ine 2168.
Package marginnote Info: right page because not two side mode on input line 216
8.
Package marginnote Info: xpos seems to be 383.8456pt on input line 2168.
Package marginnote Info: Margin note 4917.4 is on absolute page 4917 on input l
ine 2172.
Package marginnote Info: right page because not two side mode on input line 217
2.
Package marginnote Info: xpos seems to be 140.48444pt on input line 2172.
Package marginnote Info: Margin note 4917.5 is on absolute page 4917 on input l
ine 2176.
Package marginnote Info: right page because not two side mode on input line 217
6.
Package marginnote Info: xpos seems to be 400.38506pt on input line 2176.
Package marginnote Info: Margin note 4917.6 is on absolute page 4917 on input l
ine 2180.
Package marginnote Info: right page because not two side mode on input line 218
0.
Package marginnote Info: xpos seems to be 104.74745pt on input line 2180.
Package marginnote Info: Margin note 4917.7 is on absolute page 4917 on input l
ine 2184.
Package marginnote Info: right page because not two side mode on input line 218
4.
Package marginnote Info: xpos seems to be 269.50491pt on input line 2184.
Package marginnote Info: Margin note 4917.8 is on absolute page 4917 on input l
ine 2189.
Package marginnote Info: right page because not two side mode on input line 218
9.
Package marginnote Info: xpos seems to be 57.16023pt on input line 2189.
Package marginnote Info: Margin note 4917.9 is on absolute page 4917 on input l
ine 2193.
Package marginnote Info: right page because not two side mode on input line 219
3.
Package marginnote Info: xpos seems to be 524.84966pt on input line 2193.
Package marginnote Info: Margin note 4917.10 is on absolute page 4917 on input 
line 2197.
Package marginnote Info: right page because not two side mode on input line 219
7.
Package marginnote Info: xpos seems to be 121.10104pt on input line 2197.
 [4917]
Package marginnote Info: Margin note 4918.1 is on absolute page 4918 on input l
ine 2261.
Package marginnote Info: right page because not two side mode on input line 226
1.
Package marginnote Info: xpos seems to be 445.29109pt on input line 2261.
Package marginnote Info: Margin note 4918.2 is on absolute page 4918 on input l
ine 2269.
Package marginnote Info: right page because not two side mode on input line 226
9.
Package marginnote Info: xpos seems to be 57.04733pt on input line 2269.
Package marginnote Info: Margin note 4918.3 is on absolute page 4918 on input l
ine 2274.
Package marginnote Info: right page because not two side mode on input line 227
4.
Package marginnote Info: xpos seems to be 83.01167pt on input line 2274.
Package marginnote Info: Margin note 4918.4 is on absolute page 4918 on input l
ine 2281.
Package marginnote Info: right page because not two side mode on input line 228
1.
Package marginnote Info: xpos seems to be 69.54605pt on input line 2281.
Package marginnote Info: Margin note 4918.5 is on absolute page 4918 on input l
ine 2288.
Package marginnote Info: right page because not two side mode on input line 228
8.
Package marginnote Info: xpos seems to be 60.29373pt on input line 2288.
Package marginnote Info: Margin note 4918.6 is on absolute page 4918 on input l
ine 2293.
Package marginnote Info: right page because not two side mode on input line 229
3.
Package marginnote Info: xpos seems to be 89.20638pt on input line 2293.
Package marginnote Info: Margin note 4918.7 is on absolute page 4918 on input l
ine 2302.
Package marginnote Info: right page because not two side mode on input line 230
2.
Package marginnote Info: xpos seems to be 70.89024pt on input line 2302.
Package marginnote Info: Margin note 4918.8 is on absolute page 4918 on input l
ine 2307.
Package marginnote Info: right page because not two side mode on input line 230
7.
Package marginnote Info: xpos seems to be 71.20998pt on input line 2307.
Package marginnote Info: Margin note 4918.9 is on absolute page 4918 on input l
ine 2314.
Package marginnote Info: right page because not two side mode on input line 231
4.
Package marginnote Info: xpos seems to be 133.89409pt on input line 2314.
 [4918]
Package marginnote Info: Margin note 4919.1 is on absolute page 4919 on input l
ine 2319.
Package marginnote Info: right page because not two side mode on input line 231
9.
Package marginnote Info: xpos seems to be 74.05464pt on input line 2319.
Package marginnote Info: Margin note 4919.2 is on absolute page 4919 on input l
ine 2324.
Package marginnote Info: right page because not two side mode on input line 232
4.
Package marginnote Info: xpos seems to be 60.65334pt on input line 2324.
Package marginnote Info: Margin note 4919.3 is on absolute page 4919 on input l
ine 2328.
Package marginnote Info: right page because not two side mode on input line 232
8.
Package marginnote Info: xpos seems to be 194.69551pt on input line 2328.
Package marginnote Info: Margin note 4919.4 is on absolute page 4919 on input l
ine 2332.
Package marginnote Info: right page because not two side mode on input line 233
2.
Package marginnote Info: xpos seems to be 267.42638pt on input line 2332.
Package marginnote Info: Margin note 4919.5 is on absolute page 4919 on input l
ine 2336.
Package marginnote Info: right page because not two side mode on input line 233
6.
Package marginnote Info: xpos seems to be 488.21269pt on input line 2336.
Package marginnote Info: Margin note 4919.6 is on absolute page 4919 on input l
ine 2341.
Package marginnote Info: right page because not two side mode on input line 234
1.
Package marginnote Info: xpos seems to be 65.99324pt on input line 2341.
Package marginnote Info: Margin note 4919.7 is on absolute page 4919 on input l
ine 2346.
Package marginnote Info: right page because not two side mode on input line 234
6.
Package marginnote Info: xpos seems to be 64.34492pt on input line 2346.
 [4919]
Package marginnote Info: Margin note 4920.1 is on absolute page 4920 on input l
ine 2453.
Package marginnote Info: right page because not two side mode on input line 245
3.
Package marginnote Info: xpos seems to be 86.48428pt on input line 2453.
Package marginnote Info: Margin note 4920.2 is on absolute page 4920 on input l
ine 2457.
Package marginnote Info: right page because not two side mode on input line 245
7.
Package marginnote Info: xpos seems to be 299.39287pt on input line 2457.
 [4920]
Package marginnote Info: Margin note 4921.1 is on absolute page 4921 on input l
ine 2545.
Package marginnote Info: right page because not two side mode on input line 254
5.
Package marginnote Info: xpos seems to be 105.21388pt on input line 2545.
Package marginnote Info: Margin note 4921.2 is on absolute page 4921 on input l
ine 2549.
Package marginnote Info: right page because not two side mode on input line 254
9.
Package marginnote Info: xpos seems to be 217.35985pt on input line 2549.
Package marginnote Info: Margin note 4921.3 is on absolute page 4921 on input l
ine 2553.
Package marginnote Info: right page because not two side mode on input line 255
3.
Package marginnote Info: xpos seems to be 442.34998pt on input line 2553.
Package marginnote Info: Margin note 4921.4 is on absolute page 4921 on input l
ine 2557.
Package marginnote Info: right page because not two side mode on input line 255
7.
Package marginnote Info: xpos seems to be 155.06659pt on input line 2557.
Package marginnote Info: Margin note 4921.5 is on absolute page 4921 on input l
ine 2561.
Package marginnote Info: right page because not two side mode on input line 256
1.
Package marginnote Info: xpos seems to be 385.11542pt on input line 2561.
Package marginnote Info: Margin note 4921.6 is on absolute page 4921 on input l
ine 2566.
Package marginnote Info: right page because not two side mode on input line 256
6.
Package marginnote Info: xpos seems to be 73.18663pt on input line 2566.
Package marginnote Info: Margin note 4921.7 is on absolute page 4921 on input l
ine 2570.
Package marginnote Info: right page because not two side mode on input line 257
0.
Package marginnote Info: xpos seems to be 422.59033pt on input line 2570.
 [4921]
Package marginnote Info: Margin note 4922.1 is on absolute page 4922 on input l
ine 2616.
Package marginnote Info: right page because not two side mode on input line 261
6.
Package marginnote Info: xpos seems to be 88.54579pt on input line 2616.
Package marginnote Info: Margin note 4922.2 is on absolute page 4922 on input l
ine 2621.
Package marginnote Info: right page because not two side mode on input line 262
1.
Package marginnote Info: xpos seems to be 70.52095pt on input line 2621.
Package marginnote Info: Margin note 4922.3 is on absolute page 4922 on input l
ine 2626.
Package marginnote Info: right page because not two side mode on input line 262
6.
Package marginnote Info: xpos seems to be 56.97351pt on input line 2626.
Package marginnote Info: Margin note 4922.4 is on absolute page 4922 on input l
ine 2672.
Package marginnote Info: right page because not two side mode on input line 267
2.
Package marginnote Info: xpos seems to be 373.4619pt on input line 2672.
Package marginnote Info: Margin note 4922.5 is on absolute page 4922 on input l
ine 2681.
Package marginnote Info: right page because not two side mode on input line 268
1.
Package marginnote Info: xpos seems to be 61.06285pt on input line 2681.
Package marginnote Info: Margin note 4922.6 is on absolute page 4922 on input l
ine 2685.
Package marginnote Info: right page because not two side mode on input line 268
5.
Package marginnote Info: xpos seems to be 485.41594pt on input line 2685.
Package marginnote Info: Margin note 4922.7 is on absolute page 4922 on input l
ine 2689.
Package marginnote Info: right page because not two side mode on input line 268
9.
Package marginnote Info: xpos seems to be 417.74919pt on input line 2689.
Package marginnote Info: Margin note 4922.8 is on absolute page 4923 on input l
ine 2694.
Package marginnote Info: right page because not two side mode on input line 269
4.
Package marginnote Info: xpos seems to be 75.16776pt on input line 2694.
Package marginnote Info: Margin note 4922.9 is on absolute page 4923 on input l
ine 2698.
Package marginnote Info: right page because not two side mode on input line 269
8.
Package marginnote Info: xpos seems to be 455.01021pt on input line 2698.
 [4922]
Package marginnote Info: Margin note 4923.1 is on absolute page 4923 on input l
ine 2703.
Package marginnote Info: right page because not two side mode on input line 270
3.
Package marginnote Info: xpos seems to be 99.14088pt on input line 2703.
Package marginnote Info: Margin note 4923.2 is on absolute page 4923 on input l
ine 2718.
Package marginnote Info: right page because not two side mode on input line 271
8.
Package marginnote Info: xpos seems to be 79.73341pt on input line 2718.
Package marginnote Info: Margin note 4923.3 is on absolute page 4923 on input l
ine 2722.
Package marginnote Info: right page because not two side mode on input line 272
2.
Package marginnote Info: xpos seems to be 487.93066pt on input line 2722.
Package marginnote Info: Margin note 4923.4 is on absolute page 4923 on input l
ine 2727.
Package marginnote Info: right page because not two side mode on input line 272
7.
Package marginnote Info: xpos seems to be 67.95596pt on input line 2727.
Package marginnote Info: Margin note 4923.5 is on absolute page 4923 on input l
ine 2731.
Package marginnote Info: right page because not two side mode on input line 273
1.
Package marginnote Info: xpos seems to be 547.83508pt on input line 2731.
 [4923]
Package marginnote Info: Margin note 4924.1 is on absolute page 4924 on input l
ine 2777.
Package marginnote Info: right page because not two side mode on input line 277
7.
Package marginnote Info: xpos seems to be 67.50671pt on input line 2777.
Package marginnote Info: Margin note 4924.2 is on absolute page 4924 on input l
ine 2781.
Package marginnote Info: right page because not two side mode on input line 278
1.
Package marginnote Info: xpos seems to be 127.64978pt on input line 2781.
Package marginnote Info: Margin note 4924.3 is on absolute page 4924 on input l
ine 2785.
Package marginnote Info: right page because not two side mode on input line 278
5.
Package marginnote Info: xpos seems to be 168.62225pt on input line 2785.
Package marginnote Info: Margin note 4924.4 is on absolute page 4924 on input l
ine 2789.
Package marginnote Info: right page because not two side mode on input line 278
9.
Package marginnote Info: xpos seems to be 305.95908pt on input line 2789.
Package marginnote Info: Margin note 4924.5 is on absolute page 4924 on input l
ine 2793.
Package marginnote Info: right page because not two side mode on input line 279
3.
Package marginnote Info: xpos seems to be 464.83759pt on input line 2793.
Package marginnote Info: Margin note 4924.6 is on absolute page 4924 on input l
ine 2797.
Package marginnote Info: right page because not two side mode on input line 279
7.
Package marginnote Info: xpos seems to be 564.36649pt on input line 2797.
Package marginnote Info: Margin note 4924.7 is on absolute page 4924 on input l
ine 2801.
Package marginnote Info: right page because not two side mode on input line 280
1.
Package marginnote Info: xpos seems to be 549.53986pt on input line 2801.
Package marginnote Info: Margin note 4924.8 is on absolute page 4924 on input l
ine 2848.
Package marginnote Info: right page because not two side mode on input line 284
8.
Package marginnote Info: xpos seems to be 439.7413pt on input line 2848.
Package marginnote Info: Margin note 4924.9 is on absolute page 4924 on input l
ine 2858.
Package marginnote Info: right page because not two side mode on input line 285
8.
Package marginnote Info: xpos seems to be 77.35083pt on input line 2858.
Package marginnote Info: Margin note 4924.10 is on absolute page 4925 on input 
line 2862.
Package marginnote Info: right page because not two side mode on input line 286
2.
Package marginnote Info: xpos seems to be 355.19025pt on input line 2862.
Package marginnote Info: Margin note 4924.11 is on absolute page 4925 on input 
line 2866.
Package marginnote Info: right page because not two side mode on input line 286
6.
Package marginnote Info: xpos seems to be 233.02037pt on input line 2866.
Package marginnote Info: Margin note 4924.12 is on absolute page 4925 on input 
line 2870.
Package marginnote Info: right page because not two side mode on input line 287
0.
Package marginnote Info: xpos seems to be 318.76022pt on input line 2870.
Package marginnote Info: Margin note 4924.13 is on absolute page 4925 on input 
line 2874.
Package marginnote Info: right page because not two side mode on input line 287
4.
Package marginnote Info: xpos seems to be 195.40144pt on input line 2874.
Package marginnote Info: Margin note 4924.14 is on absolute page 4925 on input 
line 2878.
Package marginnote Info: right page because not two side mode on input line 287
8.
Package marginnote Info: xpos seems to be 36.135pt on input line 2878.
Package marginnote Info: Margin note 4924.15 is on absolute page 4925 on input 
line 2882.
Package marginnote Info: right page because not two side mode on input line 288
2.
Package marginnote Info: xpos seems to be 107.18451pt on input line 2882.
Package marginnote Info: Margin note 4924.16 is on absolute page 4925 on input 
line 2886.
Package marginnote Info: right page because not two side mode on input line 288
6.
Package marginnote Info: xpos seems to be 441.68837pt on input line 2886.
Package marginnote Info: Margin note 4924.17 is on absolute page 4925 on input 
line 2890.
Package marginnote Info: right page because not two side mode on input line 289
0.
Package marginnote Info: xpos seems to be 334.59918pt on input line 2890.
Package marginnote Info: Margin note 4924.18 is on absolute page 4925 on input 
line 2894.
Package marginnote Info: right page because not two side mode on input line 289
4.
Package marginnote Info: xpos seems to be 358.72806pt on input line 2894.
Package marginnote Info: Margin note 4924.19 is on absolute page 4925 on input 
line 2898.
Package marginnote Info: right page because not two side mode on input line 289
8.
Package marginnote Info: xpos seems to be 36.135pt on input line 2898.
Package marginnote Info: Margin note 4924.20 is on absolute page 4925 on input 
line 2902.
Package marginnote Info: right page because not two side mode on input line 290
2.
Package marginnote Info: xpos seems to be 65.59099pt on input line 2902.
Package marginnote Info: Margin note 4924.21 is on absolute page 4926 on input 
line 2906.
Package marginnote Info: right page because not two side mode on input line 290
6.
Package marginnote Info: xpos seems to be 201.7402pt on input line 2906.
Package marginnote Info: Margin note 4924.22 is on absolute page 4926 on input 
line 2910.
Package marginnote Info: right page because not two side mode on input line 291
0.
Package marginnote Info: xpos seems to be 97.43736pt on input line 2910.
Package marginnote Info: Margin note 4924.23 is on absolute page 4926 on input 
line 2914.
Package marginnote Info: right page because not two side mode on input line 291
4.
Package marginnote Info: xpos seems to be 485.68614pt on input line 2914.
 [4924] [4925] [4926]
[4927]
Package marginnote Info: Margin note 4928.1 is on absolute page 4928 on input l
ine 3013.
Package marginnote Info: right page because not two side mode on input line 301
3.
Package marginnote Info: xpos seems to be 186.79834pt on input line 3013.
 [4928]
Package marginnote Info: Margin note 4929.1 is on absolute page 4929 on input l
ine 3023.
Package marginnote Info: right page because not two side mode on input line 302
3.
Package marginnote Info: xpos seems to be 68.36125pt on input line 3023.
Package marginnote Info: Margin note 4929.2 is on absolute page 4929 on input l
ine 3028.
Package marginnote Info: right page because not two side mode on input line 302
8.
Package marginnote Info: xpos seems to be 67.44238pt on input line 3028.
Package marginnote Info: Margin note 4929.3 is on absolute page 4929 on input l
ine 3033.
Package marginnote Info: right page because not two side mode on input line 303
3.
Package marginnote Info: xpos seems to be 66.98097pt on input line 3033.
Package marginnote Info: Margin note 4929.4 is on absolute page 4929 on input l
ine 3038.
Package marginnote Info: right page because not two side mode on input line 303
8.
Package marginnote Info: xpos seems to be 64.40564pt on input line 3038.
Package marginnote Info: Margin note 4929.5 is on absolute page 4929 on input l
ine 3043.
Package marginnote Info: right page because not two side mode on input line 304
3.
Package marginnote Info: xpos seems to be 67.61244pt on input line 3043.
Package marginnote Info: Margin note 4929.6 is on absolute page 4929 on input l
ine 3093.
Package marginnote Info: right page because not two side mode on input line 309
3.
Package marginnote Info: xpos seems to be 74.52281pt on input line 3093.
Package marginnote Info: Margin note 4929.7 is on absolute page 4929 on input l
ine 3097.
Package marginnote Info: right page because not two side mode on input line 309
7.
Package marginnote Info: xpos seems to be 276.91644pt on input line 3097.
Package marginnote Info: Margin note 4929.8 is on absolute page 4930 on input l
ine 3101.
Package marginnote Info: right page because not two side mode on input line 310
1.
Package marginnote Info: xpos seems to be 296.58832pt on input line 3101.
Package marginnote Info: Margin note 4929.9 is on absolute page 4930 on input l
ine 3105.
Package marginnote Info: right page because not two side mode on input line 310
5.
Package marginnote Info: xpos seems to be 531.50095pt on input line 3105.
Package marginnote Info: Margin note 4929.10 is on absolute page 4930 on input 
line 3109.
Package marginnote Info: right page because not two side mode on input line 310
9.
Package marginnote Info: xpos seems to be 468.7698pt on input line 3109.
Package marginnote Info: Margin note 4929.11 is on absolute page 4930 on input 
line 3113.
Package marginnote Info: right page because not two side mode on input line 311
3.
Package marginnote Info: xpos seems to be 234.99066pt on input line 3113.
Package marginnote Info: Margin note 4929.12 is on absolute page 4930 on input 
line 3117.
Package marginnote Info: right page because not two side mode on input line 311
7.
Package marginnote Info: xpos seems to be 536.50577pt on input line 3117.
 [4929]
Package marginnote Info: Margin note 4930.1 is on absolute page 4930 on input l
ine 3162.
Package marginnote Info: right page because not two side mode on input line 316
2.
Package marginnote Info: xpos seems to be 72.83495pt on input line 3162.
Package marginnote Info: Margin note 4930.2 is on absolute page 4930 on input l
ine 3167.
Package marginnote Info: right page because not two side mode on input line 316
7.
Package marginnote Info: xpos seems to be 72.17215pt on input line 3167.
) (./gospel_early_mormon_sources_1834.tex [4930]
Underfull \hbox (badness 10000) in paragraph at lines 28--28
[]|\T1/ppl/m/n/10 (+20) D3:403--407;
 []

Package marginnote Info: Margin note 4931.1 is on absolute page 4931 on input l
ine 60.
Package marginnote Info: right page because not two side mode on input line 60.

Package marginnote Info: xpos seems to be 87.94101pt on input line 60.
Package marginnote Info: Margin note 4931.2 is on absolute page 4931 on input l
ine 67.
Package marginnote Info: right page because not two side mode on input line 67.

Package marginnote Info: xpos seems to be 95.36455pt on input line 67.
Package marginnote Info: Margin note 4931.3 is on absolute page 4931 on input l
ine 74.
Package marginnote Info: right page because not two side mode on input line 74.

Package marginnote Info: xpos seems to be 93.11751pt on input line 74.
Package marginnote Info: Margin note 4931.4 is on absolute page 4931 on input l
ine 80.
Package marginnote Info: right page because not two side mode on input line 80.

Package marginnote Info: xpos seems to be 86.56401pt on input line 80.
Package marginnote Info: Margin note 4931.5 is on absolute page 4932 on input l
ine 125.
Package marginnote Info: right page because not two side mode on input line 125
.
Package marginnote Info: xpos seems to be 94.40834pt on input line 125.
Package marginnote Info: Margin note 4931.6 is on absolute page 4932 on input l
ine 129.
Package marginnote Info: right page because not two side mode on input line 129
.
Package marginnote Info: xpos seems to be 389.55527pt on input line 129.
Package marginnote Info: Margin note 4931.7 is on absolute page 4932 on input l
ine 133.
Package marginnote Info: right page because not two side mode on input line 133
.
Package marginnote Info: xpos seems to be 354.23036pt on input line 133.
Package marginnote Info: Margin note 4931.8 is on absolute page 4932 on input l
ine 137.
Package marginnote Info: right page because not two side mode on input line 137
.
Package marginnote Info: xpos seems to be 332.84834pt on input line 137.
[4931

]
Package marginnote Info: Margin note 4932.1 is on absolute page 4932 on input l
ine 142.
Package marginnote Info: right page because not two side mode on input line 142
.
Package marginnote Info: xpos seems to be 71.0141pt on input line 142.
Package marginnote Info: Margin note 4932.2 is on absolute page 4932 on input l
ine 189.
Package marginnote Info: right page because not two side mode on input line 189
.
Package marginnote Info: xpos seems to be 143.41866pt on input line 189.
Package marginnote Info: Margin note 4932.3 is on absolute page 4932 on input l
ine 200.
Package marginnote Info: right page because not two side mode on input line 200
.
Package marginnote Info: xpos seems to be 249.57967pt on input line 200.
Package marginnote Info: Margin note 4932.4 is on absolute page 4932 on input l
ine 205.
Package marginnote Info: right page because not two side mode on input line 205
.
Package marginnote Info: xpos seems to be 93.23694pt on input line 205.
Package marginnote Info: Margin note 4932.5 is on absolute page 4933 on input l
ine 209.
Package marginnote Info: right page because not two side mode on input line 209
.
Package marginnote Info: xpos seems to be 116.81258pt on input line 209.
 [4932]
Package marginnote Info: Margin note 4933.1 is on absolute page 4933 on input l
ine 214.
Package marginnote Info: right page because not two side mode on input line 214
.
Package marginnote Info: xpos seems to be 99.5945pt on input line 214.
Package marginnote Info: Margin note 4933.2 is on absolute page 4933 on input l
ine 218.
Package marginnote Info: right page because not two side mode on input line 218
.
Package marginnote Info: xpos seems to be 214.18124pt on input line 218.
Package marginnote Info: Margin note 4933.3 is on absolute page 4933 on input l
ine 222.
Package marginnote Info: right page because not two side mode on input line 222
.
Package marginnote Info: xpos seems to be 280.03944pt on input line 222.
Package marginnote Info: Margin note 4933.4 is on absolute page 4933 on input l
ine 227.
Package marginnote Info: right page because not two side mode on input line 227
.
Package marginnote Info: xpos seems to be 77.73634pt on input line 227.
Package marginnote Info: Margin note 4933.5 is on absolute page 4933 on input l
ine 231.
Package marginnote Info: right page because not two side mode on input line 231
.
Package marginnote Info: xpos seems to be 133.03963pt on input line 231.
Package marginnote Info: Margin note 4933.6 is on absolute page 4933 on input l
ine 235.
Package marginnote Info: right page because not two side mode on input line 235
.
Package marginnote Info: xpos seems to be 190.6373pt on input line 235.
Package marginnote Info: Margin note 4933.7 is on absolute page 4933 on input l
ine 240.
Package marginnote Info: right page because not two side mode on input line 240
.
Package marginnote Info: xpos seems to be 71.56633pt on input line 240.
Package marginnote Info: Margin note 4933.8 is on absolute page 4933 on input l
ine 244.
Package marginnote Info: right page because not two side mode on input line 244
.
Package marginnote Info: xpos seems to be 445.32613pt on input line 244.
Package marginnote Info: Margin note 4933.9 is on absolute page 4933 on input l
ine 248.
Package marginnote Info: right page because not two side mode on input line 248
.
Package marginnote Info: xpos seems to be 529.14621pt on input line 248.
Package marginnote Info: Margin note 4933.10 is on absolute page 4933 on input 
line 253.
Package marginnote Info: right page because not two side mode on input line 253
.
Package marginnote Info: xpos seems to be 92.35928pt on input line 253.
Package marginnote Info: Margin note 4933.11 is on absolute page 4933 on input 
line 257.
Package marginnote Info: right page because not two side mode on input line 257
.
Package marginnote Info: xpos seems to be 221.22197pt on input line 257.
Package marginnote Info: Margin note 4933.12 is on absolute page 4933 on input 
line 261.
Package marginnote Info: right page because not two side mode on input line 261
.
Package marginnote Info: xpos seems to be 348.49152pt on input line 261.
Package marginnote Info: Margin note 4933.13 is on absolute page 4934 on input 
line 265.
Package marginnote Info: right page because not two side mode on input line 265
.
Package marginnote Info: xpos seems to be 451.15817pt on input line 265.
Package marginnote Info: Margin note 4933.14 is on absolute page 4934 on input 
line 269.
Package marginnote Info: right page because not two side mode on input line 269
.
Package marginnote Info: xpos seems to be 271.52403pt on input line 269.
 [4933]
Package marginnote Info: Margin note 4934.1 is on absolute page 4934 on input l
ine 274.
Package marginnote Info: right page because not two side mode on input line 274
.
Package marginnote Info: xpos seems to be 68.48984pt on input line 274.
Package marginnote Info: Margin note 4934.2 is on absolute page 4934 on input l
ine 278.
Package marginnote Info: right page because not two side mode on input line 278
.
Package marginnote Info: xpos seems to be 298.06479pt on input line 278.
Package marginnote Info: Margin note 4934.3 is on absolute page 4934 on input l
ine 282.
Package marginnote Info: right page because not two side mode on input line 282
.
Package marginnote Info: xpos seems to be 428.35039pt on input line 282.
Package marginnote Info: Margin note 4934.4 is on absolute page 4934 on input l
ine 287.
Package marginnote Info: right page because not two side mode on input line 287
.
Package marginnote Info: xpos seems to be 65.57376pt on input line 287.
Package marginnote Info: Margin note 4934.5 is on absolute page 4934 on input l
ine 291.
Package marginnote Info: right page because not two side mode on input line 291
.
Package marginnote Info: xpos seems to be 36.135pt on input line 291.
Package marginnote Info: Margin note 4934.6 is on absolute page 4934 on input l
ine 295.
Package marginnote Info: right page because not two side mode on input line 295
.
Package marginnote Info: xpos seems to be 93.27345pt on input line 295.
Package marginnote Info: Margin note 4934.7 is on absolute page 4934 on input l
ine 300.
Package marginnote Info: right page because not two side mode on input line 300
.
Package marginnote Info: xpos seems to be 80.29121pt on input line 300.
Package marginnote Info: Margin note 4934.8 is on absolute page 4934 on input l
ine 304.
Package marginnote Info: right page because not two side mode on input line 304
.
Package marginnote Info: xpos seems to be 377.57689pt on input line 304.
Package marginnote Info: Margin note 4934.9 is on absolute page 4934 on input l
ine 308.
Package marginnote Info: right page because not two side mode on input line 308
.
Package marginnote Info: xpos seems to be 504.06769pt on input line 308.
Package marginnote Info: Margin note 4934.10 is on absolute page 4935 on input 
line 313.
Package marginnote Info: right page because not two side mode on input line 313
.
Package marginnote Info: xpos seems to be 68.36377pt on input line 313.
Package marginnote Info: Margin note 4934.11 is on absolute page 4935 on input 
line 317.
Package marginnote Info: right page because not two side mode on input line 317
.
Package marginnote Info: xpos seems to be 108.54819pt on input line 317.
Package marginnote Info: Margin note 4934.12 is on absolute page 4935 on input 
line 321.
Package marginnote Info: right page because not two side mode on input line 321
.
Package marginnote Info: xpos seems to be 553.58005pt on input line 321.
 [4934]
Package marginnote Info: Margin note 4935.1 is on absolute page 4935 on input l
ine 326.
Package marginnote Info: right page because not two side mode on input line 326
.
Package marginnote Info: xpos seems to be 70.97842pt on input line 326.
Package marginnote Info: Margin note 4935.2 is on absolute page 4935 on input l
ine 330.
Package marginnote Info: right page because not two side mode on input line 330
.
Package marginnote Info: xpos seems to be 508.71504pt on input line 330.
Package marginnote Info: Margin note 4935.3 is on absolute page 4935 on input l
ine 334.
Package marginnote Info: right page because not two side mode on input line 334
.
Package marginnote Info: xpos seems to be 228.26811pt on input line 334.
Package marginnote Info: Margin note 4935.4 is on absolute page 4935 on input l
ine 338.
Package marginnote Info: right page because not two side mode on input line 338
.
Package marginnote Info: xpos seems to be 449.75186pt on input line 338.
Package marginnote Info: Margin note 4935.5 is on absolute page 4935 on input l
ine 343.
Package marginnote Info: right page because not two side mode on input line 343
.
Package marginnote Info: xpos seems to be 67.8551pt on input line 343.
Package marginnote Info: Margin note 4935.6 is on absolute page 4935 on input l
ine 347.
Package marginnote Info: right page because not two side mode on input line 347
.
Package marginnote Info: xpos seems to be 411.47237pt on input line 347.
Package marginnote Info: Margin note 4935.7 is on absolute page 4935 on input l
ine 352.
Package marginnote Info: right page because not two side mode on input line 352
.
Package marginnote Info: xpos seems to be 77.48706pt on input line 352.
Package marginnote Info: Margin note 4935.8 is on absolute page 4935 on input l
ine 356.
Package marginnote Info: right page because not two side mode on input line 356
.
Package marginnote Info: xpos seems to be 389.78499pt on input line 356.
Package marginnote Info: Margin note 4935.9 is on absolute page 4935 on input l
ine 360.
Package marginnote Info: right page because not two side mode on input line 360
.
Package marginnote Info: xpos seems to be 164.23952pt on input line 360.
 [4935]
Package marginnote Info: Margin note 4936.1 is on absolute page 4936 on input l
ine 365.
Package marginnote Info: right page because not two side mode on input line 365
.
Package marginnote Info: xpos seems to be 65.59715pt on input line 365.
Package marginnote Info: Margin note 4936.2 is on absolute page 4936 on input l
ine 369.
Package marginnote Info: right page because not two side mode on input line 369
.
Package marginnote Info: xpos seems to be 233.4345pt on input line 369.
Package marginnote Info: Margin note 4936.3 is on absolute page 4936 on input l
ine 373.
Package marginnote Info: right page because not two side mode on input line 373
.
Package marginnote Info: xpos seems to be 52.56894pt on input line 373.
Package marginnote Info: Margin note 4936.4 is on absolute page 4936 on input l
ine 377.
Package marginnote Info: right page because not two side mode on input line 377
.
Package marginnote Info: xpos seems to be 365.53719pt on input line 377.
Package marginnote Info: Margin note 4936.5 is on absolute page 4936 on input l
ine 425.
Package marginnote Info: right page because not two side mode on input line 425
.
Package marginnote Info: xpos seems to be 501.00066pt on input line 425.
Package marginnote Info: Margin note 4936.6 is on absolute page 4936 on input l
ine 435.
Package marginnote Info: right page because not two side mode on input line 435
.
Package marginnote Info: xpos seems to be 79.89848pt on input line 435.
Package marginnote Info: Margin note 4936.7 is on absolute page 4936 on input l
ine 440.
Package marginnote Info: right page because not two side mode on input line 440
.
Package marginnote Info: xpos seems to be 76.5511pt on input line 440.
Package marginnote Info: Margin note 4936.8 is on absolute page 4937 on input l
ine 444.
Package marginnote Info: right page because not two side mode on input line 444
.
Package marginnote Info: xpos seems to be 402.3514pt on input line 444.
Package marginnote Info: Margin note 4936.9 is on absolute page 4937 on input l
ine 448.
Package marginnote Info: right page because not two side mode on input line 448
.
Package marginnote Info: xpos seems to be 162.48041pt on input line 448.
 [4936]
Package marginnote Info: Margin note 4937.1 is on absolute page 4937 on input l
ine 547.
Package marginnote Info: right page because not two side mode on input line 547
.
Package marginnote Info: xpos seems to be 96.1815pt on input line 547.
Package marginnote Info: Margin note 4937.2 is on absolute page 4938 on input l
ine 552.
Package marginnote Info: right page because not two side mode on input line 552
.
Package marginnote Info: xpos seems to be 66.63718pt on input line 552.
Package marginnote Info: Margin note 4937.3 is on absolute page 4938 on input l
ine 558.
Package marginnote Info: right page because not two side mode on input line 558
.
Package marginnote Info: xpos seems to be 162.88866pt on input line 558.
Package marginnote Info: Margin note 4937.4 is on absolute page 4938 on input l
ine 562.
Package marginnote Info: right page because not two side mode on input line 562
.
Package marginnote Info: xpos seems to be 401.66032pt on input line 562.
Package marginnote Info: Margin note 4937.5 is on absolute page 4938 on input l
ine 566.
Package marginnote Info: right page because not two side mode on input line 566
.
Package marginnote Info: xpos seems to be 295.67339pt on input line 566.
 [4937
pdfTeX warning (ext4): destination with the same identifier (name{EMS-1834-JS-3
-FEB-1834-c}) has been already used, duplicate ignored
<argument> ...shipout:D \box_use:N \l_shipout_box 
                                                  \__shipout_drop_firstpage_...
l.567 					
           ]
Package marginnote Info: Margin note 4938.1 is on absolute page 4938 on input l
ine 617.
Package marginnote Info: right page because not two side mode on input line 617
.
Package marginnote Info: xpos seems to be 72.28145pt on input line 617.
Package marginnote Info: Margin note 4938.2 is on absolute page 4938 on input l
ine 621.
Package marginnote Info: right page because not two side mode on input line 621
.
Package marginnote Info: xpos seems to be 494.52034pt on input line 621.
Package marginnote Info: Margin note 4938.3 is on absolute page 4938 on input l
ine 626.
Package marginnote Info: right page because not two side mode on input line 626
.
Package marginnote Info: xpos seems to be 103.40254pt on input line 626.
Package marginnote Info: Margin note 4938.4 is on absolute page 4939 on input l
ine 630.
Package marginnote Info: right page because not two side mode on input line 630
.
Package marginnote Info: xpos seems to be 487.48344pt on input line 630.
Package marginnote Info: Margin note 4938.5 is on absolute page 4939 on input l
ine 634.
Package marginnote Info: right page because not two side mode on input line 634
.
Package marginnote Info: xpos seems to be 362.89806pt on input line 634.
Package marginnote Info: Margin note 4938.6 is on absolute page 4939 on input l
ine 638.
Package marginnote Info: right page because not two side mode on input line 638
.
Package marginnote Info: xpos seems to be 336.84981pt on input line 638.
Package marginnote Info: Margin note 4938.7 is on absolute page 4939 on input l
ine 642.
Package marginnote Info: right page because not two side mode on input line 642
.
Package marginnote Info: xpos seems to be 548.36214pt on input line 642.
 [4938]
Package marginnote Info: Margin note 4939.1 is on absolute page 4939 on input l
ine 647.
Package marginnote Info: right page because not two side mode on input line 647
.
Package marginnote Info: xpos seems to be 70.40405pt on input line 647.
Package marginnote Info: Margin note 4939.2 is on absolute page 4939 on input l
ine 651.
Package marginnote Info: right page because not two side mode on input line 651
.
Package marginnote Info: xpos seems to be 327.74896pt on input line 651.
Package marginnote Info: Margin note 4939.3 is on absolute page 4939 on input l
ine 655.
Package marginnote Info: right page because not two side mode on input line 655
.
Package marginnote Info: xpos seems to be 467.07146pt on input line 655.
 [4939] [4940]
Package marginnote Info: Margin note 4941.1 is on absolute page 4941 on input l
ine 823.
Package marginnote Info: right page because not two side mode on input line 823
.
Package marginnote Info: xpos seems to be 519.8303pt on input line 823.
Package marginnote Info: Margin note 4941.2 is on absolute page 4941 on input l
ine 830.
Package marginnote Info: right page because not two side mode on input line 830
.
Package marginnote Info: xpos seems to be 373.35135pt on input line 830.
Package marginnote Info: Margin note 4941.3 is on absolute page 4941 on input l
ine 834.
Package marginnote Info: right page because not two side mode on input line 834
.
Package marginnote Info: xpos seems to be 201.26219pt on input line 834.
 [4941]
Package marginnote Info: Margin note 4942.1 is on absolute page 4942 on input l
ine 841.
Package marginnote Info: right page because not two side mode on input line 841
.
Package marginnote Info: xpos seems to be 76.65726pt on input line 841.
Package marginnote Info: Margin note 4942.2 is on absolute page 4942 on input l
ine 846.
Package marginnote Info: right page because not two side mode on input line 846
.
Package marginnote Info: xpos seems to be 83.1438pt on input line 846.
Package marginnote Info: Margin note 4942.3 is on absolute page 4942 on input l
ine 851.
Package marginnote Info: right page because not two side mode on input line 851
.
Package marginnote Info: xpos seems to be 74.0972pt on input line 851.
Package marginnote Info: Margin note 4942.4 is on absolute page 4942 on input l
ine 856.
Package marginnote Info: right page because not two side mode on input line 856
.
Package marginnote Info: xpos seems to be 70.3316pt on input line 856.
Package marginnote Info: Margin note 4942.5 is on absolute page 4942 on input l
ine 902.
Package marginnote Info: right page because not two side mode on input line 902
.
Package marginnote Info: xpos seems to be 518.38542pt on input line 902.
Package marginnote Info: Margin note 4942.6 is on absolute page 4942 on input l
ine 912.
Package marginnote Info: right page because not two side mode on input line 912
.
Package marginnote Info: xpos seems to be 71.56277pt on input line 912.
Package marginnote Info: Margin note 4942.7 is on absolute page 4942 on input l
ine 917.
Package marginnote Info: right page because not two side mode on input line 917
.
Package marginnote Info: xpos seems to be 70.16681pt on input line 917.
Package marginnote Info: Margin note 4942.8 is on absolute page 4942 on input l
ine 921.
Package marginnote Info: right page because not two side mode on input line 921
.
Package marginnote Info: xpos seems to be 560.82619pt on input line 921.
Package marginnote Info: Margin note 4942.9 is on absolute page 4943 on input l
ine 925.
Package marginnote Info: right page because not two side mode on input line 925
.
Package marginnote Info: xpos seems to be 388.01093pt on input line 925.
 [4942]
Package marginnote Info: Margin note 4943.1 is on absolute page 4943 on input l
ine 980.
Package marginnote Info: right page because not two side mode on input line 980
.
Package marginnote Info: xpos seems to be 93.35443pt on input line 980.
Package marginnote Info: Margin note 4943.2 is on absolute page 4943 on input l
ine 987.
Package marginnote Info: right page because not two side mode on input line 987
.
Package marginnote Info: xpos seems to be 86.32173pt on input line 987.
Package marginnote Info: Margin note 4943.3 is on absolute page 4943 on input l
ine 991.
Package marginnote Info: right page because not two side mode on input line 991
.
Package marginnote Info: xpos seems to be 479.84862pt on input line 991.
Package marginnote Info: Margin note 4943.4 is on absolute page 4943 on input l
ine 996.
Package marginnote Info: right page because not two side mode on input line 996
.
Package marginnote Info: xpos seems to be 76.73558pt on input line 996.
Package marginnote Info: Margin note 4943.5 is on absolute page 4943 on input l
ine 1000.
Package marginnote Info: right page because not two side mode on input line 100
0.
Package marginnote Info: xpos seems to be 174.07748pt on input line 1000.
 [4943] [4944]
Package marginnote Info: Margin note 4945.1 is on absolute page 4945 on input l
ine 1095.
Package marginnote Info: right page because not two side mode on input line 109
5.
Package marginnote Info: xpos seems to be 143.41866pt on input line 1095.
Package marginnote Info: Margin note 4945.2 is on absolute page 4945 on input l
ine 1108.
Package marginnote Info: right page because not two side mode on input line 110
8.
Package marginnote Info: xpos seems to be 52.53674pt on input line 1108.
Package marginnote Info: Margin note 4945.3 is on absolute page 4945 on input l
ine 1112.
Package marginnote Info: right page because not two side mode on input line 111
2.
Package marginnote Info: xpos seems to be 333.32655pt on input line 1112.
Package marginnote Info: Margin note 4945.4 is on absolute page 4945 on input l
ine 1116.
Package marginnote Info: right page because not two side mode on input line 111
6.
Package marginnote Info: xpos seems to be 251.06609pt on input line 1116.
Package marginnote Info: Margin note 4945.5 is on absolute page 4945 on input l
ine 1121.
Package marginnote Info: right page because not two side mode on input line 112
1.
Package marginnote Info: xpos seems to be 67.77866pt on input line 1121.
Package marginnote Info: Margin note 4945.6 is on absolute page 4945 on input l
ine 1125.
Package marginnote Info: right page because not two side mode on input line 112
5.
Package marginnote Info: xpos seems to be 360.90271pt on input line 1125.
Package marginnote Info: Margin note 4945.7 is on absolute page 4946 on input l
ine 1129.
Package marginnote Info: right page because not two side mode on input line 112
9.
Package marginnote Info: xpos seems to be 279.34119pt on input line 1129.
Package marginnote Info: Margin note 4945.8 is on absolute page 4946 on input l
ine 1133.
Package marginnote Info: right page because not two side mode on input line 113
3.
Package marginnote Info: xpos seems to be 163.88507pt on input line 1133.
Package marginnote Info: Margin note 4945.9 is on absolute page 4946 on input l
ine 1137.
Package marginnote Info: right page because not two side mode on input line 113
7.
Package marginnote Info: xpos seems to be 111.30923pt on input line 1137.
Package marginnote Info: Margin note 4945.10 is on absolute page 4946 on input 
line 1141.
Package marginnote Info: right page because not two side mode on input line 114
1.
Package marginnote Info: xpos seems to be 494.01855pt on input line 1141.
 [4945]
Package marginnote Info: Margin note 4946.1 is on absolute page 4946 on input l
ine 1146.
Package marginnote Info: right page because not two side mode on input line 114
6.
Package marginnote Info: xpos seems to be 64.14197pt on input line 1146.
Package marginnote Info: Margin note 4946.2 is on absolute page 4946 on input l
ine 1150.
Package marginnote Info: right page because not two side mode on input line 115
0.
Package marginnote Info: xpos seems to be 362.94086pt on input line 1150.
Package marginnote Info: Margin note 4946.3 is on absolute page 4946 on input l
ine 1154.
Package marginnote Info: right page because not two side mode on input line 115
4.
Package marginnote Info: xpos seems to be 533.39972pt on input line 1154.
Package marginnote Info: Margin note 4946.4 is on absolute page 4946 on input l
ine 1158.
Package marginnote Info: right page because not two side mode on input line 115
8.
Package marginnote Info: xpos seems to be 178.54913pt on input line 1158.
Package marginnote Info: Margin note 4946.5 is on absolute page 4946 on input l
ine 1163.
Package marginnote Info: right page because not two side mode on input line 116
3.
Package marginnote Info: xpos seems to be 78.78998pt on input line 1163.
Package marginnote Info: Margin note 4946.6 is on absolute page 4946 on input l
ine 1167.
Package marginnote Info: right page because not two side mode on input line 116
7.
Package marginnote Info: xpos seems to be 186.59256pt on input line 1167.
Package marginnote Info: Margin note 4946.7 is on absolute page 4946 on input l
ine 1171.
Package marginnote Info: right page because not two side mode on input line 117
1.
Package marginnote Info: xpos seems to be 382.25682pt on input line 1171.
Package marginnote Info: Margin note 4946.8 is on absolute page 4946 on input l
ine 1176.
Package marginnote Info: right page because not two side mode on input line 117
6.
Package marginnote Info: xpos seems to be 68.99677pt on input line 1176.
Package marginnote Info: Margin note 4946.9 is on absolute page 4947 on input l
ine 1180.
Package marginnote Info: right page because not two side mode on input line 118
0.
Package marginnote Info: xpos seems to be 337.34528pt on input line 1180.
Package marginnote Info: Margin note 4946.10 is on absolute page 4947 on input 
line 1184.
Package marginnote Info: right page because not two side mode on input line 118
4.
Package marginnote Info: xpos seems to be 84.13435pt on input line 1184.
Package marginnote Info: Margin note 4946.11 is on absolute page 4947 on input 
line 1188.
Package marginnote Info: right page because not two side mode on input line 118
8.
Package marginnote Info: xpos seems to be 335.01944pt on input line 1188.
Package marginnote Info: Margin note 4946.12 is on absolute page 4947 on input 
line 1192.
Package marginnote Info: right page because not two side mode on input line 119
2.
Package marginnote Info: xpos seems to be 503.21829pt on input line 1192.
Package marginnote Info: Margin note 4946.13 is on absolute page 4947 on input 
line 1196.
Package marginnote Info: right page because not two side mode on input line 119
6.
Package marginnote Info: xpos seems to be 302.84561pt on input line 1196.
Package marginnote Info: Margin note 4946.14 is on absolute page 4947 on input 
line 1200.
Package marginnote Info: right page because not two side mode on input line 120
0.
Package marginnote Info: xpos seems to be 242.918pt on input line 1200.
Package marginnote Info: Margin note 4946.15 is on absolute page 4947 on input 
line 1204.
Package marginnote Info: right page because not two side mode on input line 120
4.
Package marginnote Info: xpos seems to be 92.38385pt on input line 1204.
Package marginnote Info: Margin note 4946.16 is on absolute page 4947 on input 
line 1208.
Package marginnote Info: right page because not two side mode on input line 120
8.
Package marginnote Info: xpos seems to be 220.22409pt on input line 1208.
Package marginnote Info: Margin note 4946.17 is on absolute page 4947 on input 
line 1212.
Package marginnote Info: right page because not two side mode on input line 121
2.
Package marginnote Info: xpos seems to be 457.65013pt on input line 1212.
Package marginnote Info: Margin note 4946.18 is on absolute page 4947 on input 
line 1216.
Package marginnote Info: right page because not two side mode on input line 121
6.
Package marginnote Info: xpos seems to be 375.52551pt on input line 1216.
Package marginnote Info: Margin note 4946.19 is on absolute page 4947 on input 
line 1220.
Package marginnote Info: right page because not two side mode on input line 122
0.
Package marginnote Info: xpos seems to be 379.27873pt on input line 1220.
 [4946]
Package marginnote Info: Margin note 4947.1 is on absolute page 4947 on input l
ine 1225.
Package marginnote Info: right page because not two side mode on input line 122
5.
Package marginnote Info: xpos seems to be 67.41028pt on input line 1225.
Package marginnote Info: Margin note 4947.2 is on absolute page 4948 on input l
ine 1229.
Package marginnote Info: right page because not two side mode on input line 122
9.
Package marginnote Info: xpos seems to be 565.29271pt on input line 1229.
Package marginnote Info: Margin note 4947.3 is on absolute page 4948 on input l
ine 1233.
Package marginnote Info: right page because not two side mode on input line 123
3.
Package marginnote Info: xpos seems to be 173.9946pt on input line 1233.

[4947]
Package marginnote Info: Margin note 4948.1 is on absolute page 4948 on input l
ine 1238.
Package marginnote Info: right page because not two side mode on input line 123
8.
Package marginnote Info: xpos seems to be 60.31677pt on input line 1238.
Package marginnote Info: Margin note 4948.2 is on absolute page 4948 on input l
ine 1242.
Package marginnote Info: right page because not two side mode on input line 124
2.
Package marginnote Info: xpos seems to be 486.65303pt on input line 1242.
Package marginnote Info: Margin note 4948.3 is on absolute page 4948 on input l
ine 1246.
Package marginnote Info: right page because not two side mode on input line 124
6.
Package marginnote Info: xpos seems to be 390.37175pt on input line 1246.
Package marginnote Info: Margin note 4948.4 is on absolute page 4948 on input l
ine 1250.
Package marginnote Info: right page because not two side mode on input line 125
0.
Package marginnote Info: xpos seems to be 225.87297pt on input line 1250.
Package marginnote Info: Margin note 4948.5 is on absolute page 4948 on input l
ine 1254.
Package marginnote Info: right page because not two side mode on input line 125
4.
Package marginnote Info: xpos seems to be 561.11507pt on input line 1254.
Package marginnote Info: Margin note 4948.6 is on absolute page 4948 on input l
ine 1259.
Package marginnote Info: right page because not two side mode on input line 125
9.
Package marginnote Info: xpos seems to be 73.5514pt on input line 1259.
Package marginnote Info: Margin note 4948.7 is on absolute page 4948 on input l
ine 1263.
Package marginnote Info: right page because not two side mode on input line 126
3.
Package marginnote Info: xpos seems to be 449.76003pt on input line 1263.
Package marginnote Info: Margin note 4948.8 is on absolute page 4948 on input l
ine 1267.
Package marginnote Info: right page because not two side mode on input line 126
7.
Package marginnote Info: xpos seems to be 36.135pt on input line 1267.
Package marginnote Info: Margin note 4948.9 is on absolute page 4948 on input l
ine 1271.
Package marginnote Info: right page because not two side mode on input line 127
1.
Package marginnote Info: xpos seems to be 350.50394pt on input line 1271.
Package marginnote Info: Margin note 4948.10 is on absolute page 4949 on input 
line 1275.
Package marginnote Info: right page because not two side mode on input line 127
5.
Package marginnote Info: xpos seems to be 460.21768pt on input line 1275.
Package marginnote Info: Margin note 4948.11 is on absolute page 4949 on input 
line 1279.
Package marginnote Info: right page because not two side mode on input line 127
9.
Package marginnote Info: xpos seems to be 412.07837pt on input line 1279.
Package marginnote Info: Margin note 4948.12 is on absolute page 4949 on input 
line 1283.
Package marginnote Info: right page because not two side mode on input line 128
3.
Package marginnote Info: xpos seems to be 181.66998pt on input line 1283.
Package marginnote Info: Margin note 4948.13 is on absolute page 4949 on input 
line 1287.
Package marginnote Info: right page because not two side mode on input line 128
7.
Package marginnote Info: xpos seems to be 489.02463pt on input line 1287.
Package marginnote Info: Margin note 4948.14 is on absolute page 4949 on input 
line 1291.
Package marginnote Info: right page because not two side mode on input line 129
1.
Package marginnote Info: xpos seems to be 358.9064pt on input line 1291.
Package marginnote Info: Margin note 4948.15 is on absolute page 4949 on input 
line 1295.
Package marginnote Info: right page because not two side mode on input line 129
5.
Package marginnote Info: xpos seems to be 442.71289pt on input line 1295.
Package marginnote Info: Margin note 4948.16 is on absolute page 4949 on input 
line 1299.
Package marginnote Info: right page because not two side mode on input line 129
9.
Package marginnote Info: xpos seems to be 249.0145pt on input line 1299.
Package marginnote Info: Margin note 4948.17 is on absolute page 4949 on input 
line 1303.
Package marginnote Info: right page because not two side mode on input line 130
3.
Package marginnote Info: xpos seems to be 264.67793pt on input line 1303.
 [4948] [4949]
Package marginnote Info: Margin note 4950.1 is on absolute page 4950 on input l
ine 1351.
Package marginnote Info: right page because not two side mode on input line 135
1.
Package marginnote Info: xpos seems to be 474.99107pt on input line 1351.
Package marginnote Info: Margin note 4950.2 is on absolute page 4950 on input l
ine 1360.
Package marginnote Info: right page because not two side mode on input line 136
0.
Package marginnote Info: xpos seems to be 462.76187pt on input line 1360.
Package marginnote Info: Margin note 4950.3 is on absolute page 4950 on input l
ine 1364.
Package marginnote Info: right page because not two side mode on input line 136
4.
Package marginnote Info: xpos seems to be 172.83342pt on input line 1364.
 [4950]
Package marginnote Info: Margin note 4951.1 is on absolute page 4951 on input l
ine 1455.
Package marginnote Info: right page because not two side mode on input line 145
5.
Package marginnote Info: xpos seems to be 64.30489pt on input line 1455.
Package marginnote Info: Margin note 4951.2 is on absolute page 4951 on input l
ine 1467.
Package marginnote Info: right page because not two side mode on input line 146
7.
Package marginnote Info: xpos seems to be 240.77867pt on input line 1467.
Package marginnote Info: Margin note 4951.3 is on absolute page 4951 on input l
ine 1471.
Package marginnote Info: right page because not two side mode on input line 147
1.
Package marginnote Info: xpos seems to be 483.49907pt on input line 1471.
Package marginnote Info: Margin note 4951.4 is on absolute page 4951 on input l
ine 1475.
Package marginnote Info: right page because not two side mode on input line 147
5.
Package marginnote Info: xpos seems to be 210.96355pt on input line 1475.
Package marginnote Info: Margin note 4951.5 is on absolute page 4951 on input l
ine 1479.
Package marginnote Info: right page because not two side mode on input line 147
9.
Package marginnote Info: xpos seems to be 292.3222pt on input line 1479.
Package marginnote Info: Margin note 4951.6 is on absolute page 4951 on input l
ine 1484.
Package marginnote Info: right page because not two side mode on input line 148
4.
Package marginnote Info: xpos seems to be 82.98137pt on input line 1484.
Package marginnote Info: Margin note 4951.7 is on absolute page 4951 on input l
ine 1489.
Package marginnote Info: right page because not two side mode on input line 148
9.
Package marginnote Info: xpos seems to be 93.4347pt on input line 1489.
Package marginnote Info: Margin note 4951.8 is on absolute page 4951 on input l
ine 1493.
Package marginnote Info: right page because not two side mode on input line 149
3.
Package marginnote Info: xpos seems to be 303.63576pt on input line 1493.
Package marginnote Info: Margin note 4951.9 is on absolute page 4952 on input l
ine 1497.
Package marginnote Info: right page because not two side mode on input line 149
7.
Package marginnote Info: xpos seems to be 183.03787pt on input line 1497.
Package marginnote Info: Margin note 4951.10 is on absolute page 4952 on input 
line 1501.
Package marginnote Info: right page because not two side mode on input line 150
1.
Package marginnote Info: xpos seems to be 536.9739pt on input line 1501.
Package marginnote Info: Margin note 4951.11 is on absolute page 4952 on input 
line 1505.
Package marginnote Info: right page because not two side mode on input line 150
5.
Package marginnote Info: xpos seems to be 425.01398pt on input line 1505.
Package marginnote Info: Margin note 4951.12 is on absolute page 4952 on input 
line 1509.
Package marginnote Info: right page because not two side mode on input line 150
9.
Package marginnote Info: xpos seems to be 322.81798pt on input line 1509.
Package marginnote Info: Margin note 4951.13 is on absolute page 4952 on input 
line 1513.
Package marginnote Info: right page because not two side mode on input line 151
3.
Package marginnote Info: xpos seems to be 335.07907pt on input line 1513.
 [4951]
Package marginnote Info: Margin note 4952.1 is on absolute page 4952 on input l
ine 1518.
Package marginnote Info: right page because not two side mode on input line 151
8.
Package marginnote Info: xpos seems to be 76.13182pt on input line 1518.
Package marginnote Info: Margin note 4952.2 is on absolute page 4952 on input l
ine 1522.
Package marginnote Info: right page because not two side mode on input line 152
2.
Package marginnote Info: xpos seems to be 429.20575pt on input line 1522.
Package marginnote Info: Margin note 4952.3 is on absolute page 4952 on input l
ine 1527.
Package marginnote Info: right page because not two side mode on input line 152
7.
Package marginnote Info: xpos seems to be 219.1572pt on input line 1527.
Package marginnote Info: Margin note 4952.4 is on absolute page 4952 on input l
ine 1531.
Package marginnote Info: right page because not two side mode on input line 153
1.
Package marginnote Info: xpos seems to be 283.13283pt on input line 1531.
Package marginnote Info: Margin note 4952.5 is on absolute page 4952 on input l
ine 1536.
Package marginnote Info: right page because not two side mode on input line 153
6.
Package marginnote Info: xpos seems to be 76.97491pt on input line 1536.
Package marginnote Info: Margin note 4952.6 is on absolute page 4952 on input l
ine 1540.
Package marginnote Info: right page because not two side mode on input line 154
0.
Package marginnote Info: xpos seems to be 556.83647pt on input line 1540.
 [4952]
Package marginnote Info: Margin note 4953.1 is on absolute page 4953 on input l
ine 1636.
Package marginnote Info: right page because not two side mode on input line 163
6.
Package marginnote Info: xpos seems to be 515.52066pt on input line 1636.
Package marginnote Info: Margin note 4953.2 is on absolute page 4953 on input l
ine 1645.
Package marginnote Info: right page because not two side mode on input line 164
5.
Package marginnote Info: xpos seems to be 376.86746pt on input line 1645.
Package marginnote Info: Margin note 4953.3 is on absolute page 4953 on input l
ine 1650.
Package marginnote Info: right page because not two side mode on input line 165
0.
Package marginnote Info: xpos seems to be 75.81964pt on input line 1650.
Package marginnote Info: Margin note 4953.4 is on absolute page 4954 on input l
ine 1654.
Package marginnote Info: right page because not two side mode on input line 165
4.
Package marginnote Info: xpos seems to be 236.32472pt on input line 1654.
Package marginnote Info: Margin note 4953.5 is on absolute page 4954 on input l
ine 1658.
Package marginnote Info: right page because not two side mode on input line 165
8.
Package marginnote Info: xpos seems to be 383.32515pt on input line 1658.
 [4953]
Package marginnote Info: Margin note 4954.1 is on absolute page 4954 on input l
ine 1663.
Package marginnote Info: right page because not two side mode on input line 166
3.
Package marginnote Info: xpos seems to be 74.82475pt on input line 1663.
Package marginnote Info: Margin note 4954.2 is on absolute page 4954 on input l
ine 1718.
Package marginnote Info: right page because not two side mode on input line 171
8.
Package marginnote Info: xpos seems to be 75.18869pt on input line 1718.
Package marginnote Info: Margin note 4954.3 is on absolute page 4954 on input l
ine 1722.
Package marginnote Info: right page because not two side mode on input line 172
2.
Package marginnote Info: xpos seems to be 187.18608pt on input line 1722.
Package marginnote Info: Margin note 4954.4 is on absolute page 4954 on input l
ine 1726.
Package marginnote Info: right page because not two side mode on input line 172
6.
Package marginnote Info: xpos seems to be 301.49895pt on input line 1726.
Package marginnote Info: Margin note 4954.5 is on absolute page 4954 on input l
ine 1730.
Package marginnote Info: right page because not two side mode on input line 173
0.
Package marginnote Info: xpos seems to be 285.37384pt on input line 1730.
 [4954]
Package marginnote Info: Margin note 4955.1 is on absolute page 4955 on input l
ine 1777.
Package marginnote Info: right page because not two side mode on input line 177
7.
Package marginnote Info: xpos seems to be 437.06113pt on input line 1777.
Package marginnote Info: Margin note 4955.2 is on absolute page 4955 on input l
ine 1786.
Package marginnote Info: right page because not two side mode on input line 178
6.
Package marginnote Info: xpos seems to be 278.74669pt on input line 1786.
Package marginnote Info: Margin note 4955.3 is on absolute page 4955 on input l
ine 1790.
Package marginnote Info: right page because not two side mode on input line 179
0.
Package marginnote Info: xpos seems to be 344.85074pt on input line 1790.
Package marginnote Info: Margin note 4955.4 is on absolute page 4955 on input l
ine 1795.
Package marginnote Info: right page because not two side mode on input line 179
5.
Package marginnote Info: xpos seems to be 78.54984pt on input line 1795.
Package marginnote Info: Margin note 4955.5 is on absolute page 4955 on input l
ine 1800.
Package marginnote Info: right page because not two side mode on input line 180
0.
Package marginnote Info: xpos seems to be 71.6915pt on input line 1800.
Package marginnote Info: Margin note 4955.6 is on absolute page 4955 on input l
ine 1804.
Package marginnote Info: right page because not two side mode on input line 180
4.
Package marginnote Info: xpos seems to be 85.11609pt on input line 1804.
 [4955] [4956] [4957]
Package marginnote Info: Margin note 4958.1 is on absolute page 4958 on input l
ine 1965.
Package marginnote Info: right page because not two side mode on input line 196
5.
Package marginnote Info: xpos seems to be 123.53384pt on input line 1965.
Package marginnote Info: Margin note 4958.2 is on absolute page 4958 on input l
ine 1978.
Package marginnote Info: right page because not two side mode on input line 197
8.
Package marginnote Info: xpos seems to be 561.93292pt on input line 1978.
Package marginnote Info: Margin note 4958.3 is on absolute page 4958 on input l
ine 1983.
Package marginnote Info: right page because not two side mode on input line 198
3.
Package marginnote Info: xpos seems to be 71.31702pt on input line 1983.
Package marginnote Info: Margin note 4958.4 is on absolute page 4959 on input l
ine 1987.
Package marginnote Info: right page because not two side mode on input line 198
7.
Package marginnote Info: xpos seems to be 184.2508pt on input line 1987.
Package marginnote Info: Margin note 4958.5 is on absolute page 4959 on input l
ine 1991.
Package marginnote Info: right page because not two side mode on input line 199
1.
Package marginnote Info: xpos seems to be 402.32954pt on input line 1991.
Package marginnote Info: Margin note 4958.6 is on absolute page 4959 on input l
ine 1995.
Package marginnote Info: right page because not two side mode on input line 199
5.
Package marginnote Info: xpos seems to be 400.51263pt on input line 1995.
Package marginnote Info: Margin note 4958.7 is on absolute page 4959 on input l
ine 1999.
Package marginnote Info: right page because not two side mode on input line 199
9.
Package marginnote Info: xpos seems to be 282.61128pt on input line 1999.

[4958]
Package marginnote Info: Margin note 4959.1 is on absolute page 4959 on input l
ine 2004.
Package marginnote Info: right page because not two side mode on input line 200
4.
Package marginnote Info: xpos seems to be 79.41325pt on input line 2004.
Package marginnote Info: Margin note 4959.2 is on absolute page 4959 on input l
ine 2008.
Package marginnote Info: right page because not two side mode on input line 200
8.
Package marginnote Info: xpos seems to be 177.42311pt on input line 2008.
Package marginnote Info: Margin note 4959.3 is on absolute page 4959 on input l
ine 2053.
Package marginnote Info: right page because not two side mode on input line 205
3.
Package marginnote Info: xpos seems to be 78.34164pt on input line 2053.
Package marginnote Info: Margin note 4959.4 is on absolute page 4960 on input l
ine 2057.
Package marginnote Info: right page because not two side mode on input line 205
7.
Package marginnote Info: xpos seems to be 320.50407pt on input line 2057.
Package marginnote Info: Margin note 4959.5 is on absolute page 4960 on input l
ine 2061.
Package marginnote Info: right page because not two side mode on input line 206
1.
Package marginnote Info: xpos seems to be 122.30942pt on input line 2061.
 [4959] [4960]
Package marginnote Info: Margin note 4961.1 is on absolute page 4962 on input l
ine 2208.
Package marginnote Info: right page because not two side mode on input line 220
8.
Package marginnote Info: xpos seems to be 83.73476pt on input line 2208.
 [4961]
Package marginnote Info: Margin note 4962.1 is on absolute page 4962 on input l
ine 2213.
Package marginnote Info: right page because not two side mode on input line 221
3.
Package marginnote Info: xpos seems to be 61.22786pt on input line 2213.
Package marginnote Info: Margin note 4962.2 is on absolute page 4962 on input l
ine 2265.
Package marginnote Info: right page because not two side mode on input line 226
5.
Package marginnote Info: xpos seems to be 90.85443pt on input line 2265.
Package marginnote Info: Margin note 4962.3 is on absolute page 4962 on input l
ine 2271.
Package marginnote Info: right page because not two side mode on input line 227
1.
Package marginnote Info: xpos seems to be 314.81166pt on input line 2271.
Package marginnote Info: Margin note 4962.4 is on absolute page 4962 on input l
ine 2275.
Package marginnote Info: right page because not two side mode on input line 227
5.
Package marginnote Info: xpos seems to be 264.73712pt on input line 2275.
Package marginnote Info: Margin note 4962.5 is on absolute page 4962 on input l
ine 2279.
Package marginnote Info: right page because not two side mode on input line 227
9.
Package marginnote Info: xpos seems to be 36.135pt on input line 2279.
Package marginnote Info: Margin note 4962.6 is on absolute page 4962 on input l
ine 2283.
Package marginnote Info: right page because not two side mode on input line 228
3.
Package marginnote Info: xpos seems to be 382.55862pt on input line 2283.
Package marginnote Info: Margin note 4962.7 is on absolute page 4962 on input l
ine 2287.
Package marginnote Info: right page because not two side mode on input line 228
7.
Package marginnote Info: xpos seems to be 442.68767pt on input line 2287.
 [4962]
Package marginnote Info: Margin note 4963.1 is on absolute page 4963 on input l
ine 2292.
Package marginnote Info: right page because not two side mode on input line 229
2.
Package marginnote Info: xpos seems to be 87.90552pt on input line 2292.
Package marginnote Info: Margin note 4963.2 is on absolute page 4963 on input l
ine 2301.
Package marginnote Info: right page because not two side mode on input line 230
1.
Package marginnote Info: xpos seems to be 94.2646pt on input line 2301.
Package marginnote Info: Margin note 4963.3 is on absolute page 4963 on input l
ine 2356.
Package marginnote Info: right page because not two side mode on input line 235
6.
Package marginnote Info: xpos seems to be 90.85443pt on input line 2356.
Package marginnote Info: Margin note 4963.4 is on absolute page 4963 on input l
ine 2365.
Package marginnote Info: right page because not two side mode on input line 236
5.
Package marginnote Info: xpos seems to be 76.16557pt on input line 2365.
Package marginnote Info: Margin note 4963.5 is on absolute page 4963 on input l
ine 2369.
Package marginnote Info: right page because not two side mode on input line 236
9.
Package marginnote Info: xpos seems to be 270.94762pt on input line 2369.
Package marginnote Info: Margin note 4963.6 is on absolute page 4963 on input l
ine 2374.
Package marginnote Info: right page because not two side mode on input line 237
4.
Package marginnote Info: xpos seems to be 57.02779pt on input line 2374.
Package marginnote Info: Margin note 4963.7 is on absolute page 4964 on input l
ine 2378.
Package marginnote Info: right page because not two side mode on input line 237
8.
Package marginnote Info: xpos seems to be 331.73149pt on input line 2378.
 [4963
pdfTeX warning (ext4): destination with the same identifier (name{EMS-1834-JS-1
6-AUG-1834-b}) has been already used, duplicate ignored
<argument> ...shipout:D \box_use:N \l_shipout_box 
                                                  \__shipout_drop_firstpage_...
l.2379 					
            ]
Package marginnote Info: Margin note 4964.1 is on absolute page 4964 on input l
ine 2383.
Package marginnote Info: right page because not two side mode on input line 238
3.
Package marginnote Info: xpos seems to be 72.30095pt on input line 2383.
Package marginnote Info: Margin note 4964.2 is on absolute page 4964 on input l
ine 2389.
Package marginnote Info: right page because not two side mode on input line 238
9.
Package marginnote Info: xpos seems to be 540.73434pt on input line 2389.
Package marginnote Info: Margin note 4964.3 is on absolute page 4964 on input l
ine 2394.
Package marginnote Info: right page because not two side mode on input line 239
4.
Package marginnote Info: xpos seems to be 75.48636pt on input line 2394.
Package marginnote Info: Margin note 4964.4 is on absolute page 4964 on input l
ine 2441.
Package marginnote Info: right page because not two side mode on input line 244
1.
Package marginnote Info: xpos seems to be 114.96431pt on input line 2441.
Package marginnote Info: Margin note 4964.5 is on absolute page 4964 on input l
ine 2448.
Package marginnote Info: right page because not two side mode on input line 244
8.
Package marginnote Info: xpos seems to be 86.79462pt on input line 2448.
Package marginnote Info: Margin note 4964.6 is on absolute page 4964 on input l
ine 2455.
Package marginnote Info: right page because not two side mode on input line 245
5.
Package marginnote Info: xpos seems to be 87.65437pt on input line 2455.
Package marginnote Info: Margin note 4964.7 is on absolute page 4965 on input l
ine 2459.
Package marginnote Info: right page because not two side mode on input line 245
9.
Package marginnote Info: xpos seems to be 546.7143pt on input line 2459.
 [4964]
Package marginnote Info: Margin note 4965.1 is on absolute page 4965 on input l
ine 2464.
Package marginnote Info: right page because not two side mode on input line 246
4.
Package marginnote Info: xpos seems to be 86.87068pt on input line 2464.
Package marginnote Info: Margin note 4965.2 is on absolute page 4965 on input l
ine 2509.
Package marginnote Info: right page because not two side mode on input line 250
9.
Package marginnote Info: xpos seems to be 93.08443pt on input line 2509.
Package marginnote Info: Margin note 4965.3 is on absolute page 4965 on input l
ine 2517.
Package marginnote Info: right page because not two side mode on input line 251
7.
Package marginnote Info: xpos seems to be 187.81874pt on input line 2517.
Package marginnote Info: Margin note 4965.4 is on absolute page 4965 on input l
ine 2522.
Package marginnote Info: right page because not two side mode on input line 252
2.
Package marginnote Info: xpos seems to be 56.97014pt on input line 2522.
Package marginnote Info: Margin note 4965.5 is on absolute page 4965 on input l
ine 2526.
Package marginnote Info: right page because not two side mode on input line 252
6.
Package marginnote Info: xpos seems to be 535.30594pt on input line 2526.
Package marginnote Info: Margin note 4965.6 is on absolute page 4965 on input l
ine 2530.
Package marginnote Info: right page because not two side mode on input line 253
0.
Package marginnote Info: xpos seems to be 477.47191pt on input line 2530.
Package marginnote Info: Margin note 4965.7 is on absolute page 4965 on input l
ine 2535.
Package marginnote Info: right page because not two side mode on input line 253
5.
Package marginnote Info: xpos seems to be 56.94499pt on input line 2535.
Package marginnote Info: Margin note 4965.8 is on absolute page 4965 on input l
ine 2540.
Package marginnote Info: right page because not two side mode on input line 254
0.
Package marginnote Info: xpos seems to be 57.63144pt on input line 2540.
 [4965]
Underfull \hbox (badness 10000) in paragraph at lines 2615--2615
[]|\T1/ppl/m/n/10 (+20) D4:188--191;
 []

Package marginnote Info: Margin note 4966.1 is on absolute page 4966 on input l
ine 2650.
Package marginnote Info: right page because not two side mode on input line 265
0.
Package marginnote Info: xpos seems to be 218.50117pt on input line 2650.
[4966]
Package marginnote Info: Margin note 4967.1 is on absolute page 4967 on input l
ine 2667.
Package marginnote Info: right page because not two side mode on input line 266
7.
Package marginnote Info: xpos seems to be 237.30061pt on input line 2667.
 [4967]
Package marginnote Info: Margin note 4968.1 is on absolute page 4968 on input l
ine 2800.
Package marginnote Info: right page because not two side mode on input line 280
0.
Package marginnote Info: xpos seems to be 323.48227pt on input line 2800.
Package marginnote Info: Margin note 4968.2 is on absolute page 4968 on input l
ine 2810.
Package marginnote Info: right page because not two side mode on input line 281
0.
Package marginnote Info: xpos seems to be 79.96083pt on input line 2810.
Package marginnote Info: Margin note 4968.3 is on absolute page 4968 on input l
ine 2817.
Package marginnote Info: right page because not two side mode on input line 281
7.
Package marginnote Info: xpos seems to be 88.36154pt on input line 2817.
Package marginnote Info: Margin note 4968.4 is on absolute page 4968 on input l
ine 2822.
Package marginnote Info: right page because not two side mode on input line 282
2.
Package marginnote Info: xpos seems to be 70.37474pt on input line 2822.
Package marginnote Info: Margin note 4968.5 is on absolute page 4968 on input l
ine 2829.
Package marginnote Info: right page because not two side mode on input line 282
9.
Package marginnote Info: xpos seems to be 77.07506pt on input line 2829.
Package marginnote Info: Margin note 4968.6 is on absolute page 4968 on input l
ine 2840.
Package marginnote Info: right page because not two side mode on input line 284
0.
Package marginnote Info: xpos seems to be 60.69962pt on input line 2840.
Package marginnote Info: Margin note 4968.7 is on absolute page 4968 on input l
ine 2845.
Package marginnote Info: right page because not two side mode on input line 284
5.
Package marginnote Info: xpos seems to be 71.27115pt on input line 2845.
Package marginnote Info: Margin note 4968.8 is on absolute page 4968 on input l
ine 2849.
Package marginnote Info: right page because not two side mode on input line 284
9.
Package marginnote Info: xpos seems to be 409.71352pt on input line 2849.
Package marginnote Info: Margin note 4968.9 is on absolute page 4969 on input l
ine 2853.
Package marginnote Info: right page because not two side mode on input line 285
3.
Package marginnote Info: xpos seems to be 91.04352pt on input line 2853.
Package marginnote Info: Margin note 4968.10 is on absolute page 4969 on input 
line 2857.
Package marginnote Info: right page because not two side mode on input line 285
7.
Package marginnote Info: xpos seems to be 36.135pt on input line 2857.
 [4968]
Package marginnote Info: Margin note 4969.1 is on absolute page 4969 on input l
ine 2862.
Package marginnote Info: right page because not two side mode on input line 286
2.
Package marginnote Info: xpos seems to be 91.85034pt on input line 2862.
Package marginnote Info: Margin note 4969.2 is on absolute page 4969 on input l
ine 2867.
Package marginnote Info: right page because not two side mode on input line 286
7.
Package marginnote Info: xpos seems to be 76.75824pt on input line 2867.
Package marginnote Info: Margin note 4969.3 is on absolute page 4969 on input l
ine 2874.
Package marginnote Info: right page because not two side mode on input line 287
4.
Package marginnote Info: xpos seems to be 489.04639pt on input line 2874.
Package marginnote Info: Margin note 4969.4 is on absolute page 4969 on input l
ine 2878.
Package marginnote Info: right page because not two side mode on input line 287
8.
Package marginnote Info: xpos seems to be 179.24634pt on input line 2878.
Package marginnote Info: Margin note 4969.5 is on absolute page 4969 on input l
ine 2886.
Package marginnote Info: right page because not two side mode on input line 288
6.
Package marginnote Info: xpos seems to be 79.31033pt on input line 2886.
Package marginnote Info: Margin note 4969.6 is on absolute page 4969 on input l
ine 2893.
Package marginnote Info: right page because not two side mode on input line 289
3.
Package marginnote Info: xpos seems to be 70.04712pt on input line 2893.
 [4969]
Package marginnote Info: Margin note 4970.1 is on absolute page 4970 on input l
ine 2938.
Package marginnote Info: right page because not two side mode on input line 293
8.
Package marginnote Info: xpos seems to be 83.28462pt on input line 2938.
Package marginnote Info: Margin note 4970.2 is on absolute page 4970 on input l
ine 2944.
Package marginnote Info: right page because not two side mode on input line 294
4.
Package marginnote Info: xpos seems to be 100.2056pt on input line 2944.
Package marginnote Info: Margin note 4970.3 is on absolute page 4970 on input l
ine 2948.
Package marginnote Info: right page because not two side mode on input line 294
8.
Package marginnote Info: xpos seems to be 530.36342pt on input line 2948.
Package marginnote Info: Margin note 4970.4 is on absolute page 4970 on input l
ine 2952.
Package marginnote Info: right page because not two side mode on input line 295
2.
Package marginnote Info: xpos seems to be 234.57916pt on input line 2952.
Package marginnote Info: Margin note 4970.5 is on absolute page 4970 on input l
ine 2956.
Package marginnote Info: right page because not two side mode on input line 295
6.
Package marginnote Info: xpos seems to be 217.66026pt on input line 2956.
Package marginnote Info: Margin note 4970.6 is on absolute page 4970 on input l
ine 2960.
Package marginnote Info: right page because not two side mode on input line 296
0.
Package marginnote Info: xpos seems to be 526.40381pt on input line 2960.
Package marginnote Info: Margin note 4970.7 is on absolute page 4970 on input l
ine 2964.
Package marginnote Info: right page because not two side mode on input line 296
4.
Package marginnote Info: xpos seems to be 105.72223pt on input line 2964.
Package marginnote Info: Margin note 4970.8 is on absolute page 4970 on input l
ine 2968.
Package marginnote Info: right page because not two side mode on input line 296
8.
Package marginnote Info: xpos seems to be 128.19759pt on input line 2968.
Package marginnote Info: Margin note 4970.9 is on absolute page 4970 on input l
ine 2973.
Package marginnote Info: right page because not two side mode on input line 297
3.
Package marginnote Info: xpos seems to be 82.40489pt on input line 2973.
Package marginnote Info: Margin note 4970.10 is on absolute page 4971 on input 
line 2979.
Package marginnote Info: right page because not two side mode on input line 297
9.
Package marginnote Info: xpos seems to be 197.41898pt on input line 2979.
Package marginnote Info: Margin note 4970.11 is on absolute page 4971 on input 
line 2983.
Package marginnote Info: right page because not two side mode on input line 298
3.
Package marginnote Info: xpos seems to be 371.14125pt on input line 2983.
 [4970]
Package marginnote Info: Margin note 4971.1 is on absolute page 4971 on input l
ine 3077.
Package marginnote Info: right page because not two side mode on input line 307
7.
Package marginnote Info: xpos seems to be 99.13446pt on input line 3077.
Package marginnote Info: Margin note 4971.2 is on absolute page 4972 on input l
ine 3084.
Package marginnote Info: right page because not two side mode on input line 308
4.
Package marginnote Info: xpos seems to be 56.96252pt on input line 3084.
Package marginnote Info: Margin note 4971.3 is on absolute page 4972 on input l
ine 3091.
Package marginnote Info: right page because not two side mode on input line 309
1.
Package marginnote Info: xpos seems to be 85.45921pt on input line 3091.
 [4971]
Package marginnote Info: Margin note 4972.1 is on absolute page 4972 on input l
ine 3096.
Package marginnote Info: right page because not two side mode on input line 309
6.
Package marginnote Info: xpos seems to be 73.74965pt on input line 3096.
Package marginnote Info: Margin note 4972.2 is on absolute page 4972 on input l
ine 3101.
Package marginnote Info: right page because not two side mode on input line 310
1.
Package marginnote Info: xpos seems to be 65.03128pt on input line 3101.
Package marginnote Info: Margin note 4972.3 is on absolute page 4972 on input l
ine 3167.
Package marginnote Info: right page because not two side mode on input line 316
7.
Package marginnote Info: xpos seems to be 93.35443pt on input line 3167.
Package marginnote Info: Margin note 4972.4 is on absolute page 4972 on input l
ine 3175.
Package marginnote Info: right page because not two side mode on input line 317
5.
Package marginnote Info: xpos seems to be 258.82024pt on input line 3175.
Package marginnote Info: Margin note 4972.5 is on absolute page 4972 on input l
ine 3179.
Package marginnote Info: right page because not two side mode on input line 317
9.
Package marginnote Info: xpos seems to be 556.47507pt on input line 3179.
Package marginnote Info: Margin note 4972.6 is on absolute page 4973 on input l
ine 3183.
Package marginnote Info: right page because not two side mode on input line 318
3.
Package marginnote Info: xpos seems to be 410.63066pt on input line 3183.
Package marginnote Info: Margin note 4972.7 is on absolute page 4973 on input l
ine 3187.
Package marginnote Info: right page because not two side mode on input line 318
7.
Package marginnote Info: xpos seems to be 237.73387pt on input line 3187.
 [4972]
Package marginnote Info: Margin note 4973.1 is on absolute page 4973 on input l
ine 3192.
Package marginnote Info: right page because not two side mode on input line 319
2.
Package marginnote Info: xpos seems to be 77.15942pt on input line 3192.
Package marginnote Info: Margin note 4973.2 is on absolute page 4973 on input l
ine 3197.
Package marginnote Info: right page because not two side mode on input line 319
7.
Package marginnote Info: xpos seems to be 76.2321pt on input line 3197.
Package marginnote Info: Margin note 4973.3 is on absolute page 4973 on input l
ine 3201.
Package marginnote Info: right page because not two side mode on input line 320
1.
Package marginnote Info: xpos seems to be 138.40971pt on input line 3201.
Package marginnote Info: Margin note 4973.4 is on absolute page 4973 on input l
ine 3206.
Package marginnote Info: right page because not two side mode on input line 320
6.
Package marginnote Info: xpos seems to be 68.65489pt on input line 3206.
Package marginnote Info: Margin note 4973.5 is on absolute page 4973 on input l
ine 3212.
Package marginnote Info: right page because not two side mode on input line 321
2.
Package marginnote Info: xpos seems to be 155.33084pt on input line 3212.
Package marginnote Info: Margin note 4973.6 is on absolute page 4973 on input l
ine 3216.
Package marginnote Info: right page because not two side mode on input line 321
6.
Package marginnote Info: xpos seems to be 191.52888pt on input line 3216.
Package marginnote Info: Margin note 4973.7 is on absolute page 4973 on input l
ine 3221.
Package marginnote Info: right page because not two side mode on input line 322
1.
Package marginnote Info: xpos seems to be 56.99196pt on input line 3221.
 [4973])
(./gospel_early_mormon_sources_1835.tex
Package marginnote Info: Margin note 4974.1 is on absolute page 4974 on input l
ine 103.
Package marginnote Info: right page because not two side mode on input line 103
.
Package marginnote Info: xpos seems to be 354.517pt on input line 103.
 [4974

]
Package marginnote Info: Margin note 4975.1 is on absolute page 4975 on input l
ine 114.
Package marginnote Info: right page because not two side mode on input line 114
.
Package marginnote Info: xpos seems to be 177.67903pt on input line 114.
Package marginnote Info: Margin note 4975.2 is on absolute page 4975 on input l
ine 138.
Package marginnote Info: right page because not two side mode on input line 138
.
Package marginnote Info: xpos seems to be 219.9458pt on input line 138.
Package marginnote Info: Margin note 4975.3 is on absolute page 4975 on input l
ine 143.
Package marginnote Info: right page because not two side mode on input line 143
.
Package marginnote Info: xpos seems to be 121.37929pt on input line 143.
Package marginnote Info: Margin note 4975.4 is on absolute page 4975 on input l
ine 148.
Package marginnote Info: right page because not two side mode on input line 148
.
Package marginnote Info: xpos seems to be 171.48534pt on input line 148.
Package marginnote Info: Margin note 4975.5 is on absolute page 4975 on input l
ine 153.
Package marginnote Info: right page because not two side mode on input line 153
.
Package marginnote Info: xpos seems to be 156.36406pt on input line 153.
 [4975]
Package marginnote Info: Margin note 4976.1 is on absolute page 4976 on input l
ine 162.
Package marginnote Info: right page because not two side mode on input line 162
.
Package marginnote Info: xpos seems to be 151.17798pt on input line 162.
Package marginnote Info: Margin note 4976.2 is on absolute page 4976 on input l
ine 167.
Package marginnote Info: right page because not two side mode on input line 167
.
Package marginnote Info: xpos seems to be 176.56682pt on input line 167.
Package marginnote Info: Margin note 4976.3 is on absolute page 4976 on input l
ine 173.
Package marginnote Info: right page because not two side mode on input line 173
.
Package marginnote Info: xpos seems to be 361.24086pt on input line 173.
Package marginnote Info: Margin note 4976.4 is on absolute page 4976 on input l
ine 181.
Package marginnote Info: right page because not two side mode on input line 181
.
Package marginnote Info: xpos seems to be 373.06578pt on input line 181.
Package marginnote Info: Margin note 4976.5 is on absolute page 4976 on input l
ine 189.
Package marginnote Info: right page because not two side mode on input line 189
.
Package marginnote Info: xpos seems to be 366.18684pt on input line 189.
Package marginnote Info: Margin note 4976.6 is on absolute page 4976 on input l
ine 197.
Package marginnote Info: right page because not two side mode on input line 197
.
Package marginnote Info: xpos seems to be 365.02179pt on input line 197.
 [4976]
Package marginnote Info: Margin note 4977.1 is on absolute page 4977 on input l
ine 245.
Package marginnote Info: right page because not two side mode on input line 245
.
Package marginnote Info: xpos seems to be 331.9623pt on input line 245.
Package marginnote Info: Margin note 4977.2 is on absolute page 4977 on input l
ine 262.
Package marginnote Info: right page because not two side mode on input line 262
.
Package marginnote Info: xpos seems to be 160.76627pt on input line 262.
Package marginnote Info: Margin note 4977.3 is on absolute page 4978 on input l
ine 332.
Package marginnote Info: right page because not two side mode on input line 332
.
Package marginnote Info: xpos seems to be 368.77692pt on input line 332.
 [4977]
Package marginnote Info: Margin note 4978.1 is on absolute page 4978 on input l
ine 340.
Package marginnote Info: right page because not two side mode on input line 340
.
Package marginnote Info: xpos seems to be 257.2746pt on input line 340.
Package marginnote Info: Margin note 4978.2 is on absolute page 4978 on input l
ine 345.
Package marginnote Info: right page because not two side mode on input line 345
.
Package marginnote Info: xpos seems to be 147.45387pt on input line 345.
Package marginnote Info: Margin note 4978.3 is on absolute page 4978 on input l
ine 351.
Package marginnote Info: right page because not two side mode on input line 351
.
Package marginnote Info: xpos seems to be 233.48463pt on input line 351.
Package marginnote Info: Margin note 4978.4 is on absolute page 4978 on input l
ine 355.
Package marginnote Info: right page because not two side mode on input line 355
.
Package marginnote Info: xpos seems to be 196.32939pt on input line 355.
Package marginnote Info: Margin note 4978.5 is on absolute page 4979 on input l
ine 362.
Package marginnote Info: right page because not two side mode on input line 362
.
Package marginnote Info: xpos seems to be 89.26535pt on input line 362.
 [4978]
Package marginnote Info: Margin note 4979.1 is on absolute page 4979 on input l
ine 368.
Package marginnote Info: right page because not two side mode on input line 368
.
Package marginnote Info: xpos seems to be 358.37685pt on input line 368.

Underfull \hbox (badness 10000) in paragraph at lines 372--373

 []

Package marginnote Info: Margin note 4979.2 is on absolute page 4979 on input l
ine 377.
Package marginnote Info: right page because not two side mode on input line 377
.
Package marginnote Info: xpos seems to be 150.1039pt on input line 377.
Package marginnote Info: Margin note 4979.3 is on absolute page 4979 on input l
ine 384.
Package marginnote Info: right page because not two side mode on input line 384
.
Package marginnote Info: xpos seems to be 178.31541pt on input line 384.
Package marginnote Info: Margin note 4979.4 is on absolute page 4979 on input l
ine 388.
Package marginnote Info: right page because not two side mode on input line 388
.
Package marginnote Info: xpos seems to be 368.49727pt on input line 388.
Package marginnote Info: Margin note 4979.5 is on absolute page 4979 on input l
ine 392.
Package marginnote Info: right page because not two side mode on input line 392
.
Package marginnote Info: xpos seems to be 130.05057pt on input line 392.
Package marginnote Info: Margin note 4979.6 is on absolute page 4979 on input l
ine 397.
Package marginnote Info: right page because not two side mode on input line 397
.
Package marginnote Info: xpos seems to be 105.65254pt on input line 397.
Package marginnote Info: Margin note 4979.7 is on absolute page 4980 on input l
ine 401.
Package marginnote Info: right page because not two side mode on input line 401
.
Package marginnote Info: xpos seems to be 86.95508pt on input line 401.
[4979]
Package marginnote Info: Margin note 4980.1 is on absolute page 4980 on input l
ine 406.
Package marginnote Info: right page because not two side mode on input line 406
.
Package marginnote Info: xpos seems to be 118.87619pt on input line 406.
Package marginnote Info: Margin note 4980.2 is on absolute page 4980 on input l
ine 411.
Package marginnote Info: right page because not two side mode on input line 411
.
Package marginnote Info: xpos seems to be 153.35526pt on input line 411.
Package marginnote Info: Margin note 4980.3 is on absolute page 4980 on input l
ine 416.
Package marginnote Info: right page because not two side mode on input line 416
.
Package marginnote Info: xpos seems to be 149.88902pt on input line 416.
 [4980]
Package marginnote Info: Margin note 4981.1 is on absolute page 4981 on input l
ine 463.
Package marginnote Info: right page because not two side mode on input line 463
.
Package marginnote Info: xpos seems to be 116.21165pt on input line 463.
Package marginnote Info: Margin note 4981.2 is on absolute page 4981 on input l
ine 470.
Package marginnote Info: right page because not two side mode on input line 470
.
Package marginnote Info: xpos seems to be 107.28899pt on input line 470.
Package marginnote Info: Margin note 4981.3 is on absolute page 4981 on input l
ine 475.
Package marginnote Info: right page because not two side mode on input line 475
.
Package marginnote Info: xpos seems to be 105.38686pt on input line 475.
Package marginnote Info: Margin note 4981.4 is on absolute page 4981 on input l
ine 482.
Package marginnote Info: right page because not two side mode on input line 482
.
Package marginnote Info: xpos seems to be 98.15862pt on input line 482.
 [4981]
Package marginnote Info: Margin note 4982.1 is on absolute page 4982 on input l
ine 533.
Package marginnote Info: right page because not two side mode on input line 533
.
Package marginnote Info: xpos seems to be 578.16pt on input line 533.
Package marginnote Info: Margin note 4982.2 is on absolute page 4982 on input l
ine 539.
Package marginnote Info: right page because not two side mode on input line 539
.
Package marginnote Info: xpos seems to be 487.38062pt on input line 539.
Package marginnote Info: Margin note 4982.3 is on absolute page 4982 on input l
ine 544.
Package marginnote Info: right page because not two side mode on input line 544
.
Package marginnote Info: xpos seems to be 86.18053pt on input line 544.
Package marginnote Info: Margin note 4982.4 is on absolute page 4982 on input l
ine 548.
Package marginnote Info: right page because not two side mode on input line 548
.
Package marginnote Info: xpos seems to be 324.45334pt on input line 548.
 [4982] [4983] [4984] [4985]
Package marginnote Info: Margin note 4986.1 is on absolute page 4986 on input l
ine 922.
Package marginnote Info: right page because not two side mode on input line 922
.
Package marginnote Info: xpos seems to be 359.15567pt on input line 922.
Package marginnote Info: Margin note 4986.2 is on absolute page 4986 on input l
ine 928.
Package marginnote Info: right page because not two side mode on input line 928
.
Package marginnote Info: xpos seems to be 397.02245pt on input line 928.
Package marginnote Info: Margin note 4986.3 is on absolute page 4986 on input l
ine 933.
Package marginnote Info: right page because not two side mode on input line 933
.
Package marginnote Info: xpos seems to be 110.09395pt on input line 933.
 [4986]
Package marginnote Info: Margin note 4987.1 is on absolute page 4987 on input l
ine 979.
Package marginnote Info: right page because not two side mode on input line 979
.
Package marginnote Info: xpos seems to be 87.38048pt on input line 979.
Package marginnote Info: Margin note 4987.2 is on absolute page 4987 on input l
ine 988.
Package marginnote Info: right page because not two side mode on input line 988
.
Package marginnote Info: xpos seems to be 136.82294pt on input line 988.
 [4987] [4988] [4989]
Package marginnote Info: Margin note 4990.1 is on absolute page 4991 on input l
ine 1184.
Package marginnote Info: right page because not two side mode on input line 118
4.
Package marginnote Info: xpos seems to be 109.87936pt on input line 1184.

[4990]
Package marginnote Info: Margin note 4991.1 is on absolute page 4991 on input l
ine 1189.
Package marginnote Info: right page because not two side mode on input line 118
9.
Package marginnote Info: xpos seems to be 111.88623pt on input line 1189.
Package marginnote Info: Margin note 4991.2 is on absolute page 4991 on input l
ine 1194.
Package marginnote Info: right page because not two side mode on input line 119
4.
Package marginnote Info: xpos seems to be 153.77089pt on input line 1194.
 [4991]
Package marginnote Info: Margin note 4992.1 is on absolute page 4992 on input l
ine 1315.
Package marginnote Info: right page because not two side mode on input line 131
5.
Package marginnote Info: xpos seems to be 134.48477pt on input line 1315.

Overfull \hbox (1.9661pt too wide) in paragraph at lines 1319--1320
[]|\T1/ppl/m/n/10 (-20) Clerks.| 
 []

[4992] [4993]
Package marginnote Info: Margin note 4994.1 is on absolute page 4994 on input l
ine 1464.
Package marginnote Info: right page because not two side mode on input line 146
4.
Package marginnote Info: xpos seems to be 194.47273pt on input line 1464.
Package marginnote Info: Margin note 4994.2 is on absolute page 4994 on input l
ine 1468.
Package marginnote Info: right page because not two side mode on input line 146
8.
Package marginnote Info: xpos seems to be 414.4992pt on input line 1468.
 [4994]
Package marginnote Info: Margin note 4995.1 is on absolute page 4995 on input l
ine 1517.
Package marginnote Info: right page because not two side mode on input line 151
7.
Package marginnote Info: xpos seems to be 108.33372pt on input line 1517.
Package marginnote Info: Margin note 4995.2 is on absolute page 4995 on input l
ine 1524.
Package marginnote Info: right page because not two side mode on input line 152
4.
Package marginnote Info: xpos seems to be 84.89432pt on input line 1524.
Package marginnote Info: Margin note 4995.3 is on absolute page 4995 on input l
ine 1570.
Package marginnote Info: right page because not two side mode on input line 157
0.
Package marginnote Info: xpos seems to be 156.4241pt on input line 1570.
Package marginnote Info: Margin note 4995.4 is on absolute page 4995 on input l
ine 1576.
Package marginnote Info: right page because not two side mode on input line 157
6.
Package marginnote Info: xpos seems to be 87.25806pt on input line 1576.
 [4995]
Package marginnote Info: Margin note 4996.1 is on absolute page 4996 on input l
ine 1581.
Package marginnote Info: right page because not two side mode on input line 158
1.
Package marginnote Info: xpos seems to be 92.2988pt on input line 1581.
Package marginnote Info: Margin note 4996.2 is on absolute page 4996 on input l
ine 1588.
Package marginnote Info: right page because not two side mode on input line 158
8.
Package marginnote Info: xpos seems to be 100.8542pt on input line 1588.
Package marginnote Info: Margin note 4996.3 is on absolute page 4996 on input l
ine 1593.
Package marginnote Info: right page because not two side mode on input line 159
3.
Package marginnote Info: xpos seems to be 81.84613pt on input line 1593.
Package marginnote Info: Margin note 4996.4 is on absolute page 4996 on input l
ine 1616.
Package marginnote Info: right page because not two side mode on input line 161
6.
Package marginnote Info: xpos seems to be 199.8036pt on input line 1616.
 [4996] [4997] [4998]
Package marginnote Info: Margin note 4999.1 is on absolute page 4999 on input l
ine 1792.
Package marginnote Info: right page because not two side mode on input line 179
2.
Package marginnote Info: xpos seems to be 89.55759pt on input line 1792.
Package marginnote Info: Margin note 4999.2 is on absolute page 4999 on input l
ine 1798.
Package marginnote Info: right page because not two side mode on input line 179
8.
Package marginnote Info: xpos seems to be 504.78459pt on input line 1798.
 [4999]
Package marginnote Info: Margin note 5000.1 is on absolute page 5000 on input l
ine 1891.
Package marginnote Info: right page because not two side mode on input line 189
1.
Package marginnote Info: xpos seems to be 99.0004pt on input line 1891.
Package marginnote Info: Margin note 5000.2 is on absolute page 5000 on input l
ine 1895.
Package marginnote Info: right page because not two side mode on input line 189
5.
Package marginnote Info: xpos seems to be 123.17538pt on input line 1895.
 [5000]
Package marginnote Info: Margin note 5001.1 is on absolute page 5001 on input l
ine 1994.
Package marginnote Info: right page because not two side mode on input line 199
4.
Package marginnote Info: xpos seems to be 99.41045pt on input line 1994.
Package marginnote Info: Margin note 5001.2 is on absolute page 5001 on input l
ine 1998.
Package marginnote Info: right page because not two side mode on input line 199
8.
Package marginnote Info: xpos seems to be 141.81732pt on input line 1998.
Package marginnote Info: Margin note 5001.3 is on absolute page 5001 on input l
ine 2049.
Package marginnote Info: right page because not two side mode on input line 204
9.
Package marginnote Info: xpos seems to be 96.89378pt on input line 2049.
Package marginnote Info: Margin note 5001.4 is on absolute page 5001 on input l
ine 2053.
Package marginnote Info: right page because not two side mode on input line 205
3.
Package marginnote Info: xpos seems to be 319.12727pt on input line 2053.
 [5001]
Package marginnote Info: Margin note 5002.1 is on absolute page 5002 on input l
ine 2104.
Package marginnote Info: right page because not two side mode on input line 210
4.
Package marginnote Info: xpos seems to be 98.98277pt on input line 2104.
Package marginnote Info: Margin note 5002.2 is on absolute page 5002 on input l
ine 2108.
Package marginnote Info: right page because not two side mode on input line 210
8.
Package marginnote Info: xpos seems to be 557.44733pt on input line 2108.
Package marginnote Info: Margin note 5002.3 is on absolute page 5002 on input l
ine 2112.
Package marginnote Info: right page because not two side mode on input line 211
2.
Package marginnote Info: xpos seems to be 537.1853pt on input line 2112.
Package marginnote Info: Margin note 5002.4 is on absolute page 5003 on input l
ine 2116.
Package marginnote Info: right page because not two side mode on input line 211
6.
Package marginnote Info: xpos seems to be 269.36272pt on input line 2116.
Package marginnote Info: Margin note 5002.5 is on absolute page 5003 on input l
ine 2120.
Package marginnote Info: right page because not two side mode on input line 212
0.
Package marginnote Info: xpos seems to be 211.13055pt on input line 2120.
 [5002]
[5003]
Package marginnote Info: Margin note 5004.1 is on absolute page 5004 on input l
ine 2216.
Package marginnote Info: right page because not two side mode on input line 221
6.
Package marginnote Info: xpos seems to be 248.02248pt on input line 2216.
Package marginnote Info: Margin note 5004.2 is on absolute page 5004 on input l
ine 2224.
Package marginnote Info: right page because not two side mode on input line 222
4.
Package marginnote Info: xpos seems to be 75.72173pt on input line 2224.
Package marginnote Info: Margin note 5004.3 is on absolute page 5004 on input l
ine 2231.
Package marginnote Info: right page because not two side mode on input line 223
1.
Package marginnote Info: xpos seems to be 80.1748pt on input line 2231.
Package marginnote Info: Margin note 5004.4 is on absolute page 5004 on input l
ine 2238.
Package marginnote Info: right page because not two side mode on input line 223
8.
Package marginnote Info: xpos seems to be 86.33578pt on input line 2238.
 [5004]
Package marginnote Info: Margin note 5005.1 is on absolute page 5005 on input l
ine 2245.
Package marginnote Info: right page because not two side mode on input line 224
5.
Package marginnote Info: xpos seems to be 81.23636pt on input line 2245.
Package marginnote Info: Margin note 5005.2 is on absolute page 5005 on input l
ine 2254.
Package marginnote Info: right page because not two side mode on input line 225
4.
Package marginnote Info: xpos seems to be 84.30685pt on input line 2254.
Package marginnote Info: Margin note 5005.3 is on absolute page 5005 on input l
ine 2261.
Package marginnote Info: right page because not two side mode on input line 226
1.
Package marginnote Info: xpos seems to be 78.96469pt on input line 2261.
Package marginnote Info: Margin note 5005.4 is on absolute page 5005 on input l
ine 2278.
Package marginnote Info: right page because not two side mode on input line 227
8.
Package marginnote Info: xpos seems to be 74.82715pt on input line 2278.
 [5005]
Package marginnote Info: Margin note 5006.1 is on absolute page 5006 on input l
ine 2283.
Package marginnote Info: right page because not two side mode on input line 228
3.
Package marginnote Info: xpos seems to be 84.65688pt on input line 2283.
Package marginnote Info: Margin note 5006.2 is on absolute page 5006 on input l
ine 2290.
Package marginnote Info: right page because not two side mode on input line 229
0.
Package marginnote Info: xpos seems to be 86.44615pt on input line 2290.
Package marginnote Info: Margin note 5006.3 is on absolute page 5006 on input l
ine 2297.
Package marginnote Info: right page because not two side mode on input line 229
7.
Package marginnote Info: xpos seems to be 75.03253pt on input line 2297.
 [5006]
Package marginnote Info: Margin note 5007.1 is on absolute page 5007 on input l
ine 2400.
Package marginnote Info: right page because not two side mode on input line 240
0.
Package marginnote Info: xpos seems to be 99.09438pt on input line 2400.
Package marginnote Info: Margin note 5007.2 is on absolute page 5007 on input l
ine 2404.
Package marginnote Info: right page because not two side mode on input line 240
4.
Package marginnote Info: xpos seems to be 204.77884pt on input line 2404.
 [5007] [5008] [5009]
Package marginnote Info: Margin note 5010.1 is on absolute page 5010 on input l
ine 2681.
Package marginnote Info: right page because not two side mode on input line 268
1.
Package marginnote Info: xpos seems to be 75.85469pt on input line 2681.
Package marginnote Info: Margin note 5010.2 is on absolute page 5010 on input l
ine 2687.
Package marginnote Info: right page because not two side mode on input line 268
7.
Package marginnote Info: xpos seems to be 314.25014pt on input line 2687.
 [5010] [5011]
Package marginnote Info: Margin note 5012.1 is on absolute page 5012 on input l
ine 2908.
Package marginnote Info: right page because not two side mode on input line 290
8.
Package marginnote Info: xpos seems to be 78.25888pt on input line 2908.
Package marginnote Info: Margin note 5012.2 is on absolute page 5012 on input l
ine 2912.
Package marginnote Info: right page because not two side mode on input line 291
2.
Package marginnote Info: xpos seems to be 400.4106pt on input line 2912.
Package marginnote Info: Margin note 5012.3 is on absolute page 5012 on input l
ine 2916.
Package marginnote Info: right page because not two side mode on input line 291
6.
Package marginnote Info: xpos seems to be 218.74347pt on input line 2916.
Package marginnote Info: Margin note 5012.4 is on absolute page 5012 on input l
ine 2920.
Package marginnote Info: right page because not two side mode on input line 292
0.
Package marginnote Info: xpos seems to be 427.89413pt on input line 2920.
 [5012]
Package marginnote Info: Margin note 5013.1 is on absolute page 5013 on input l
ine 2925.
Package marginnote Info: right page because not two side mode on input line 292
5.
Package marginnote Info: xpos seems to be 79.73186pt on input line 2925.
Package marginnote Info: Margin note 5013.2 is on absolute page 5013 on input l
ine 2934.
Package marginnote Info: right page because not two side mode on input line 293
4.
Package marginnote Info: xpos seems to be 70.58397pt on input line 2934.
Package marginnote Info: Margin note 5013.3 is on absolute page 5013 on input l
ine 2939.
Package marginnote Info: right page because not two side mode on input line 293
9.
Package marginnote Info: xpos seems to be 57.00499pt on input line 2939.
Package marginnote Info: Margin note 5013.4 is on absolute page 5013 on input l
ine 2950.
Package marginnote Info: right page because not two side mode on input line 295
0.
Package marginnote Info: xpos seems to be 69.10481pt on input line 2950.
 [5013]
Package marginnote Info: Margin note 5014.1 is on absolute page 5014 on input l
ine 2999.
Package marginnote Info: right page because not two side mode on input line 299
9.
Package marginnote Info: xpos seems to be 72.60558pt on input line 2999.
Package marginnote Info: Margin note 5014.2 is on absolute page 5014 on input l
ine 3003.
Package marginnote Info: right page because not two side mode on input line 300
3.
Package marginnote Info: xpos seems to be 166.93416pt on input line 3003.
Package marginnote Info: Margin note 5014.3 is on absolute page 5014 on input l
ine 3007.
Package marginnote Info: right page because not two side mode on input line 300
7.
Package marginnote Info: xpos seems to be 373.45659pt on input line 3007.
Package marginnote Info: Margin note 5014.4 is on absolute page 5014 on input l
ine 3011.
Package marginnote Info: right page because not two side mode on input line 301
1.
Package marginnote Info: xpos seems to be 292.15755pt on input line 3011.

[5014]
Package marginnote Info: Margin note 5015.1 is on absolute page 5015 on input l
ine 3016.
Package marginnote Info: right page because not two side mode on input line 301
6.
Package marginnote Info: xpos seems to be 69.55489pt on input line 3016.
 [5015]
Package marginnote Info: Margin note 5016.1 is on absolute page 5016 on input l
ine 3153.
Package marginnote Info: right page because not two side mode on input line 315
3.
Package marginnote Info: xpos seems to be 262.74232pt on input line 3153.
Package marginnote Info: Margin note 5016.2 is on absolute page 5016 on input l
ine 3161.
Package marginnote Info: right page because not two side mode on input line 316
1.
Package marginnote Info: xpos seems to be 68.70323pt on input line 3161.
Package marginnote Info: Margin note 5016.3 is on absolute page 5016 on input l
ine 3166.
Package marginnote Info: right page because not two side mode on input line 316
6.
Package marginnote Info: xpos seems to be 83.32751pt on input line 3166.
Package marginnote Info: Margin note 5016.4 is on absolute page 5016 on input l
ine 3171.
Package marginnote Info: right page because not two side mode on input line 317
1.
Package marginnote Info: xpos seems to be 75.09029pt on input line 3171.
 [5016]
Package marginnote Info: Margin note 5017.1 is on absolute page 5017 on input l
ine 3178.
Package marginnote Info: right page because not two side mode on input line 317
8.
Package marginnote Info: xpos seems to be 73.81573pt on input line 3178.
Package marginnote Info: Margin note 5017.2 is on absolute page 5017 on input l
ine 3185.
Package marginnote Info: right page because not two side mode on input line 318
5.
Package marginnote Info: xpos seems to be 79.86684pt on input line 3185.
Package marginnote Info: Margin note 5017.3 is on absolute page 5017 on input l
ine 3190.
Package marginnote Info: right page because not two side mode on input line 319
0.
Package marginnote Info: xpos seems to be 56.95352pt on input line 3190.
Package marginnote Info: Margin note 5017.4 is on absolute page 5017 on input l
ine 3195.
Package marginnote Info: right page because not two side mode on input line 319
5.
Package marginnote Info: xpos seems to be 73.52359pt on input line 3195.
 [5017]
Package marginnote Info: Margin note 5018.1 is on absolute page 5018 on input l
ine 3200.
Package marginnote Info: right page because not two side mode on input line 320
0.
Package marginnote Info: xpos seems to be 88.71014pt on input line 3200.
Package marginnote Info: Margin note 5018.2 is on absolute page 5018 on input l
ine 3205.
Package marginnote Info: right page because not two side mode on input line 320
5.
Package marginnote Info: xpos seems to be 86.2597pt on input line 3205.
Package marginnote Info: Margin note 5018.3 is on absolute page 5018 on input l
ine 3210.
Package marginnote Info: right page because not two side mode on input line 321
0.
Package marginnote Info: xpos seems to be 85.48413pt on input line 3210.
Package marginnote Info: Margin note 5018.4 is on absolute page 5018 on input l
ine 3267.
Package marginnote Info: right page because not two side mode on input line 326
7.
Package marginnote Info: xpos seems to be 578.16pt on input line 3267.
Package marginnote Info: Margin note 5018.5 is on absolute page 5019 on input l
ine 3276.
Package marginnote Info: right page because not two side mode on input line 327
6.
Package marginnote Info: xpos seems to be 57.00499pt on input line 3276.
 [5018]
Package marginnote Info: Margin note 5019.1 is on absolute page 5019 on input l
ine 3285.
Package marginnote Info: right page because not two side mode on input line 328
5.
Package marginnote Info: xpos seems to be 75.86475pt on input line 3285.
 [5019]
Overfull \hbox (120.68036pt too wide) in paragraph at lines 3376--3377
[]\T1/ppl/m/n/10 (-20) No at-tempt here to rep-re-sent char-ac-ters in the mar-
gins. Also, a dis-cus-sion of how we aren't in-clud-ing this: https://www.josep
hsmithpapers.org/paper-
 []

[5020] [5021]
Package marginnote Info: Margin note 5022.1 is on absolute page 5023 on input l
ine 3575.
Package marginnote Info: right page because not two side mode on input line 357
5.
Package marginnote Info: xpos seems to be 267.5624pt on input line 3575.
 [5022]
Package marginnote Info: Margin note 5023.1 is on absolute page 5023 on input l
ine 3581.
Package marginnote Info: right page because not two side mode on input line 358
1.
Package marginnote Info: xpos seems to be 67.87659pt on input line 3581.
Package marginnote Info: Margin note 5023.2 is on absolute page 5023 on input l
ine 3588.
Package marginnote Info: right page because not two side mode on input line 358
8.
Package marginnote Info: xpos seems to be 69.23584pt on input line 3588.
Package marginnote Info: Margin note 5023.3 is on absolute page 5023 on input l
ine 3595.
Package marginnote Info: right page because not two side mode on input line 359
5.
Package marginnote Info: xpos seems to be 73.41982pt on input line 3595.
Package marginnote Info: Margin note 5023.4 is on absolute page 5023 on input l
ine 3600.
Package marginnote Info: right page because not two side mode on input line 360
0.
Package marginnote Info: xpos seems to be 67.10214pt on input line 3600.
 [5023]
Package marginnote Info: Margin note 5024.1 is on absolute page 5024 on input l
ine 3605.
Package marginnote Info: right page because not two side mode on input line 360
5.
Package marginnote Info: xpos seems to be 90.39598pt on input line 3605.
Package marginnote Info: Margin note 5024.2 is on absolute page 5024 on input l
ine 3610.
Package marginnote Info: right page because not two side mode on input line 361
0.
Package marginnote Info: xpos seems to be 76.47327pt on input line 3610.
Package marginnote Info: Margin note 5024.3 is on absolute page 5024 on input l
ine 3617.
Package marginnote Info: right page because not two side mode on input line 361
7.
Package marginnote Info: xpos seems to be 68.01994pt on input line 3617.
Package marginnote Info: Margin note 5024.4 is on absolute page 5024 on input l
ine 3622.
Package marginnote Info: right page because not two side mode on input line 362
2.
Package marginnote Info: xpos seems to be 73.59172pt on input line 3622.
Package marginnote Info: Margin note 5024.5 is on absolute page 5024 on input l
ine 3633.
Package marginnote Info: right page because not two side mode on input line 363
3.
Package marginnote Info: xpos seems to be 75.56331pt on input line 3633.
 [5024]
Package marginnote Info: Margin note 5025.1 is on absolute page 5025 on input l
ine 3640.
Package marginnote Info: right page because not two side mode on input line 364
0.
Package marginnote Info: xpos seems to be 68.39864pt on input line 3640.
Package marginnote Info: Margin note 5025.2 is on absolute page 5025 on input l
ine 3647.
Package marginnote Info: right page because not two side mode on input line 364
7.
Package marginnote Info: xpos seems to be 70.31393pt on input line 3647.
Package marginnote Info: Margin note 5025.3 is on absolute page 5025 on input l
ine 3656.
Package marginnote Info: right page because not two side mode on input line 365
6.
Package marginnote Info: xpos seems to be 66.99474pt on input line 3656.
Package marginnote Info: Margin note 5025.4 is on absolute page 5025 on input l
ine 3660.
Package marginnote Info: right page because not two side mode on input line 366
0.
Package marginnote Info: xpos seems to be 308.10602pt on input line 3660.
Package marginnote Info: Margin note 5025.5 is on absolute page 5025 on input l
ine 3665.
Package marginnote Info: right page because not two side mode on input line 366
5.
Package marginnote Info: xpos seems to be 67.22589pt on input line 3665.
 [5025]
Package marginnote Info: Margin note 5026.1 is on absolute page 5026 on input l
ine 3674.
Package marginnote Info: right page because not two side mode on input line 367
4.
Package marginnote Info: xpos seems to be 81.47484pt on input line 3674.
Package marginnote Info: Margin note 5026.2 is on absolute page 5026 on input l
ine 3681.
Package marginnote Info: right page because not two side mode on input line 368
1.
Package marginnote Info: xpos seems to be 76.07523pt on input line 3681.
 [5026]
Package marginnote Info: Margin note 5027.1 is on absolute page 5027 on input l
ine 3825.
Package marginnote Info: right page because not two side mode on input line 382
5.
Package marginnote Info: xpos seems to be 65.97655pt on input line 3825.
Package marginnote Info: Margin note 5027.2 is on absolute page 5027 on input l
ine 3832.
Package marginnote Info: right page because not two side mode on input line 383
2.
Package marginnote Info: xpos seems to be 57.10577pt on input line 3832.
 [5027]
Package marginnote Info: Margin note 5028.1 is on absolute page 5028 on input l
ine 3880.
Package marginnote Info: right page because not two side mode on input line 388
0.
Package marginnote Info: xpos seems to be 70.01434pt on input line 3880.
Package marginnote Info: Margin note 5028.2 is on absolute page 5028 on input l
ine 3885.
Package marginnote Info: right page because not two side mode on input line 388
5.
Package marginnote Info: xpos seems to be 64.2273pt on input line 3885.
 [5028]
Package marginnote Info: Margin note 5029.1 is on absolute page 5029 on input l
ine 4017.
Package marginnote Info: right page because not two side mode on input line 401
7.
Package marginnote Info: xpos seems to be 79.83546pt on input line 4017.
Package marginnote Info: Margin note 5029.2 is on absolute page 5029 on input l
ine 4023.
Package marginnote Info: right page because not two side mode on input line 402
3.
Package marginnote Info: xpos seems to be 322.2637pt on input line 4023.
 [5029]
Underfull \hbox (badness 10000) in paragraph at lines 4079--4079
[]|\T1/ppl/m/n/10 (+20) D5:115--121;
 []

Package marginnote Info: Margin note 5030.1 is on absolute page 5030 on input l
ine 4113.
Package marginnote Info: right page because not two side mode on input line 411
3.
Package marginnote Info: xpos seems to be 389.2028pt on input line 4113.
Package marginnote Info: Margin note 5030.2 is on absolute page 5030 on input l
ine 4124.
Package marginnote Info: right page because not two side mode on input line 412
4.
Package marginnote Info: xpos seems to be 131.26187pt on input line 4124.
Package marginnote Info: Margin note 5030.3 is on absolute page 5030 on input l
ine 4131.
Package marginnote Info: right page because not two side mode on input line 413
1.
Package marginnote Info: xpos seems to be 75.74484pt on input line 4131.
[5030]
Package marginnote Info: Margin note 5031.1 is on absolute page 5031 on input l
ine 4142.
Package marginnote Info: right page because not two side mode on input line 414
2.
Package marginnote Info: xpos seems to be 82.34645pt on input line 4142.
Package marginnote Info: Margin note 5031.2 is on absolute page 5031 on input l
ine 4146.
Package marginnote Info: right page because not two side mode on input line 414
6.
Package marginnote Info: xpos seems to be 260.77585pt on input line 4146.
Package marginnote Info: Margin note 5031.3 is on absolute page 5031 on input l
ine 4153.
Package marginnote Info: right page because not two side mode on input line 415
3.
Package marginnote Info: xpos seems to be 57.05344pt on input line 4153.
Package marginnote Info: Margin note 5031.4 is on absolute page 5031 on input l
ine 4158.
Package marginnote Info: right page because not two side mode on input line 415
8.
Package marginnote Info: xpos seems to be 62.7786pt on input line 4158.
Package marginnote Info: Margin note 5031.5 is on absolute page 5031 on input l
ine 4169.
Package marginnote Info: right page because not two side mode on input line 416
9.
Package marginnote Info: xpos seems to be 57.027pt on input line 4169.
 [5031]
Package marginnote Info: Margin note 5032.1 is on absolute page 5032 on input l
ine 4174.
Package marginnote Info: right page because not two side mode on input line 417
4.
Package marginnote Info: xpos seems to be 66.04291pt on input line 4174.
 [5032]
Underfull \hbox (badness 10000) in paragraph at lines 4330--4330
[]|\T1/ppl/m/n/10 (+20) D5:122--123;
 []

[5033]) (./gospel_early_mormon_sources_1836.tex
Package marginnote Info: Margin note 5034.1 is on absolute page 5034 on input l
ine 59.
Package marginnote Info: right page because not two side mode on input line 59.

Package marginnote Info: xpos seems to be 82.412pt on input line 59.
Package marginnote Info: Margin note 5034.2 is on absolute page 5034 on input l
ine 64.
Package marginnote Info: right page because not two side mode on input line 64.

Package marginnote Info: xpos seems to be 69.70555pt on input line 64.
Package marginnote Info: Margin note 5034.3 is on absolute page 5034 on input l
ine 69.
Package marginnote Info: right page because not two side mode on input line 69.

Package marginnote Info: xpos seems to be 66.52286pt on input line 69.
 [5034

]
Package marginnote Info: Margin note 5035.1 is on absolute page 5035 on input l
ine 114.
Package marginnote Info: right page because not two side mode on input line 114
.
Package marginnote Info: xpos seems to be 97.22366pt on input line 114.
Package marginnote Info: Margin note 5035.2 is on absolute page 5035 on input l
ine 123.
Package marginnote Info: right page because not two side mode on input line 123
.
Package marginnote Info: xpos seems to be 77.42653pt on input line 123.
Package marginnote Info: Margin note 5035.3 is on absolute page 5035 on input l
ine 128.
Package marginnote Info: right page because not two side mode on input line 128
.
Package marginnote Info: xpos seems to be 95.64255pt on input line 128.
Package marginnote Info: Margin note 5035.4 is on absolute page 5035 on input l
ine 133.
Package marginnote Info: right page because not two side mode on input line 133
.
Package marginnote Info: xpos seems to be 80.6879pt on input line 133.
 [5035]
Underfull \hbox (badness 10000) in paragraph at lines 236--236
[]|\T1/ppl/m/n/10 (+20) D5:143--145;
 []

Package marginnote Info: Margin note 5036.1 is on absolute page 5037 on input l
ine 271.
Package marginnote Info: right page because not two side mode on input line 271
.
Package marginnote Info: xpos seems to be 75.012pt on input line 271.
[5036]
Package marginnote Info: Margin note 5037.1 is on absolute page 5037 on input l
ine 282.
Package marginnote Info: right page because not two side mode on input line 282
.
Package marginnote Info: xpos seems to be 74.20085pt on input line 282.
Package marginnote Info: Margin note 5037.2 is on absolute page 5037 on input l
ine 293.
Package marginnote Info: right page because not two side mode on input line 293
.
Package marginnote Info: xpos seems to be 75.3037pt on input line 293.
 [5037]
Package marginnote Info: Margin note 5038.1 is on absolute page 5038 on input l
ine 442.
Package marginnote Info: right page because not two side mode on input line 442
.
Package marginnote Info: xpos seems to be 82.09013pt on input line 442.
Package marginnote Info: Margin note 5038.2 is on absolute page 5038 on input l
ine 447.
Package marginnote Info: right page because not two side mode on input line 447
.
Package marginnote Info: xpos seems to be 77.6249pt on input line 447.

Underfull \hbox (badness 10000) in paragraph at lines 460--460
[]|\T1/ppl/m/n/10 (+20) D5:148--154;
 []

[5038]
Package marginnote Info: Margin note 5039.1 is on absolute page 5039 on input l
ine 493.
Package marginnote Info: right page because not two side mode on input line 493
.
Package marginnote Info: xpos seems to be 94.64206pt on input line 493.
Package marginnote Info: Margin note 5039.2 is on absolute page 5039 on input l
ine 502.
Package marginnote Info: right page because not two side mode on input line 502
.
Package marginnote Info: xpos seems to be 73.02458pt on input line 502.
Package marginnote Info: Margin note 5039.3 is on absolute page 5039 on input l
ine 507.
Package marginnote Info: right page because not two side mode on input line 507
.
Package marginnote Info: xpos seems to be 76.87114pt on input line 507.
Package marginnote Info: Margin note 5039.4 is on absolute page 5039 on input l
ine 512.
Package marginnote Info: right page because not two side mode on input line 512
.
Package marginnote Info: xpos seems to be 70.37474pt on input line 512.
Package marginnote Info: Margin note 5039.5 is on absolute page 5039 on input l
ine 518.
Package marginnote Info: right page because not two side mode on input line 518
.
Package marginnote Info: xpos seems to be 171.77042pt on input line 518.
Package marginnote Info: Margin note 5039.6 is on absolute page 5040 on input l
ine 522.
Package marginnote Info: right page because not two side mode on input line 522
.
Package marginnote Info: xpos seems to be 553.1552pt on input line 522.
 [5039]
Package marginnote Info: Margin note 5040.1 is on absolute page 5040 on input l
ine 527.
Package marginnote Info: right page because not two side mode on input line 527
.
Package marginnote Info: xpos seems to be 95.57259pt on input line 527.
Package marginnote Info: Margin note 5040.2 is on absolute page 5040 on input l
ine 534.
Package marginnote Info: right page because not two side mode on input line 534
.
Package marginnote Info: xpos seems to be 69.9567pt on input line 534.
 [5040]
Package marginnote Info: Margin note 5041.1 is on absolute page 5041 on input l
ine 628.
Package marginnote Info: right page because not two side mode on input line 628
.
Package marginnote Info: xpos seems to be 80.91426pt on input line 628.
Package marginnote Info: Margin note 5041.2 is on absolute page 5041 on input l
ine 633.
Package marginnote Info: right page because not two side mode on input line 633
.
Package marginnote Info: xpos seems to be 56.9647pt on input line 633.
Package marginnote Info: Margin note 5041.3 is on absolute page 5042 on input l
ine 679.
Package marginnote Info: right page because not two side mode on input line 679
.
Package marginnote Info: xpos seems to be 96.82288pt on input line 679.
Package marginnote Info: Margin note 5041.4 is on absolute page 5042 on input l
ine 683.
Package marginnote Info: right page because not two side mode on input line 683
.
Package marginnote Info: xpos seems to be 208.70773pt on input line 683.
Package marginnote Info: Margin note 5041.5 is on absolute page 5042 on input l
ine 687.
Package marginnote Info: right page because not two side mode on input line 687
.
Package marginnote Info: xpos seems to be 401.28876pt on input line 687.
 [5041]
Package marginnote Info: Margin note 5042.1 is on absolute page 5042 on input l
ine 692.
Package marginnote Info: right page because not two side mode on input line 692
.
Package marginnote Info: xpos seems to be 65.39667pt on input line 692.
Package marginnote Info: Margin note 5042.2 is on absolute page 5042 on input l
ine 696.
Package marginnote Info: right page because not two side mode on input line 696
.
Package marginnote Info: xpos seems to be 227.0183pt on input line 696.
Package marginnote Info: Margin note 5042.3 is on absolute page 5042 on input l
ine 700.
Package marginnote Info: right page because not two side mode on input line 700
.
Package marginnote Info: xpos seems to be 340.3516pt on input line 700.
Package marginnote Info: Margin note 5042.4 is on absolute page 5042 on input l
ine 704.
Package marginnote Info: right page because not two side mode on input line 704
.
Package marginnote Info: xpos seems to be 520.04048pt on input line 704.
Package marginnote Info: Margin note 5042.5 is on absolute page 5042 on input l
ine 708.
Package marginnote Info: right page because not two side mode on input line 708
.
Package marginnote Info: xpos seems to be 388.84204pt on input line 708.
Package marginnote Info: Margin note 5042.6 is on absolute page 5042 on input l
ine 712.
Package marginnote Info: right page because not two side mode on input line 712
.
Package marginnote Info: xpos seems to be 237.47122pt on input line 712.
Package marginnote Info: Margin note 5042.7 is on absolute page 5042 on input l
ine 716.
Package marginnote Info: right page because not two side mode on input line 716
.
Package marginnote Info: xpos seems to be 276.97975pt on input line 716.
Package marginnote Info: Margin note 5042.8 is on absolute page 5042 on input l
ine 720.
Package marginnote Info: right page because not two side mode on input line 720
.
Package marginnote Info: xpos seems to be 165.3986pt on input line 720.
Package marginnote Info: Margin note 5042.9 is on absolute page 5042 on input l
ine 724.
Package marginnote Info: right page because not two side mode on input line 724
.
Package marginnote Info: xpos seems to be 344.24762pt on input line 724.
Package marginnote Info: Margin note 5042.10 is on absolute page 5042 on input 
line 729.
Package marginnote Info: right page because not two side mode on input line 729
.
Package marginnote Info: xpos seems to be 74.12123pt on input line 729.
Package marginnote Info: Margin note 5042.11 is on absolute page 5042 on input 
line 733.
Package marginnote Info: right page because not two side mode on input line 733
.
Package marginnote Info: xpos seems to be 493.14458pt on input line 733.
Package marginnote Info: Margin note 5042.12 is on absolute page 5042 on input 
line 738.
Package marginnote Info: right page because not two side mode on input line 738
.
Package marginnote Info: xpos seems to be 56.9856pt on input line 738.
Package marginnote Info: Margin note 5042.13 is on absolute page 5042 on input 
line 745.
Package marginnote Info: right page because not two side mode on input line 745
.
Package marginnote Info: xpos seems to be 71.3279pt on input line 745.
 [5042]
Package marginnote Info: Margin note 5043.1 is on absolute page 5043 on input l
ine 754.
Package marginnote Info: right page because not two side mode on input line 754
.
Package marginnote Info: xpos seems to be 71.49295pt on input line 754.
Package marginnote Info: Margin note 5043.2 is on absolute page 5043 on input l
ine 802.
Package marginnote Info: right page because not two side mode on input line 802
.
Package marginnote Info: xpos seems to be 84.1899pt on input line 802.
Package marginnote Info: Margin note 5043.3 is on absolute page 5043 on input l
ine 807.
Package marginnote Info: right page because not two side mode on input line 807
.
Package marginnote Info: xpos seems to be 76.41524pt on input line 807.
 [5043]
Package marginnote Info: Margin note 5044.1 is on absolute page 5044 on input l
ine 896.
Package marginnote Info: right page because not two side mode on input line 896
.
Package marginnote Info: xpos seems to be 97.02791pt on input line 896.
Package marginnote Info: Margin note 5044.2 is on absolute page 5044 on input l
ine 901.
Package marginnote Info: right page because not two side mode on input line 901
.
Package marginnote Info: xpos seems to be 57.05515pt on input line 901.
Package marginnote Info: Margin note 5044.3 is on absolute page 5044 on input l
ine 908.
Package marginnote Info: right page because not two side mode on input line 908
.
Package marginnote Info: xpos seems to be 75.85423pt on input line 908.
 [5044]
Package marginnote Info: Margin note 5045.1 is on absolute page 5046 on input l
ine 1044.
Package marginnote Info: right page because not two side mode on input line 104
4.
Package marginnote Info: xpos seems to be 93.38205pt on input line 1044.
Package marginnote Info: Margin note 5045.2 is on absolute page 5046 on input l
ine 1048.
Package marginnote Info: right page because not two side mode on input line 104
8.
Package marginnote Info: xpos seems to be 175.99306pt on input line 1048.
 [5045]
Package marginnote Info: Margin note 5046.1 is on absolute page 5046 on input l
ine 1093.
Package marginnote Info: right page because not two side mode on input line 109
3.
Package marginnote Info: xpos seems to be 61.41489pt on input line 1093.
Package marginnote Info: Margin note 5046.2 is on absolute page 5046 on input l
ine 1099.
Package marginnote Info: right page because not two side mode on input line 109
9.
Package marginnote Info: xpos seems to be 528.0403pt on input line 1099.
Package marginnote Info: Margin note 5046.3 is on absolute page 5046 on input l
ine 1103.
Package marginnote Info: right page because not two side mode on input line 110
3.
Package marginnote Info: xpos seems to be 371.17067pt on input line 1103.
 [5046]
Package marginnote Info: Margin note 5047.1 is on absolute page 5047 on input l
ine 1149.
Package marginnote Info: right page because not two side mode on input line 114
9.
Package marginnote Info: xpos seems to be 82.72469pt on input line 1149.
Package marginnote Info: Margin note 5047.2 is on absolute page 5047 on input l
ine 1162.
Package marginnote Info: right page because not two side mode on input line 116
2.
Package marginnote Info: xpos seems to be 70.27466pt on input line 1162.
 [5047]
Package marginnote Info: Margin note 5048.1 is on absolute page 5048 on input l
ine 1261.
Package marginnote Info: right page because not two side mode on input line 126
1.
Package marginnote Info: xpos seems to be 75.11484pt on input line 1261.
Package marginnote Info: Margin note 5048.2 is on absolute page 5048 on input l
ine 1268.
Package marginnote Info: right page because not two side mode on input line 126
8.
Package marginnote Info: xpos seems to be 67.4969pt on input line 1268.
Package marginnote Info: Margin note 5048.3 is on absolute page 5048 on input l
ine 1274.
Package marginnote Info: right page because not two side mode on input line 127
4.
Package marginnote Info: xpos seems to be 269.3181pt on input line 1274.
 [5048]
[5049]
Package marginnote Info: Margin note 5050.1 is on absolute page 5050 on input l
ine 1468.
Package marginnote Info: right page because not two side mode on input line 146
8.
Package marginnote Info: xpos seems to be 79.96986pt on input line 1468.
Package marginnote Info: Margin note 5050.2 is on absolute page 5050 on input l
ine 1479.
Package marginnote Info: right page because not two side mode on input line 147
9.
Package marginnote Info: xpos seems to be 70.62373pt on input line 1479.
 [5050]
Package marginnote Info: Margin note 5051.1 is on absolute page 5051 on input l
ine 1617.
Package marginnote Info: right page because not two side mode on input line 161
7.
Package marginnote Info: xpos seems to be 88.18362pt on input line 1617.
Package marginnote Info: Margin note 5051.2 is on absolute page 5051 on input l
ine 1622.
Package marginnote Info: right page because not two side mode on input line 162
2.
Package marginnote Info: xpos seems to be 70.64047pt on input line 1622.
Package marginnote Info: Margin note 5051.3 is on absolute page 5051 on input l
ine 1627.
Package marginnote Info: right page because not two side mode on input line 162
7.
Package marginnote Info: xpos seems to be 70.37474pt on input line 1627.
Package marginnote Info: Margin note 5051.4 is on absolute page 5052 on input l
ine 1635.
Package marginnote Info: right page because not two side mode on input line 163
5.
Package marginnote Info: xpos seems to be 280.92285pt on input line 1635.
 [5051]
Package marginnote Info: Margin note 5052.1 is on absolute page 5052 on input l
ine 1647.
Package marginnote Info: right page because not two side mode on input line 164
7.
Package marginnote Info: xpos seems to be 70.51634pt on input line 1647.
Package marginnote Info: Margin note 5052.2 is on absolute page 5052 on input l
ine 1654.
Package marginnote Info: right page because not two side mode on input line 165
4.
Package marginnote Info: xpos seems to be 76.70647pt on input line 1654.
Package marginnote Info: Margin note 5052.3 is on absolute page 5052 on input l
ine 1659.
Package marginnote Info: right page because not two side mode on input line 165
9.
Package marginnote Info: xpos seems to be 56.48206pt on input line 1659.
Package marginnote Info: Margin note 5052.4 is on absolute page 5052 on input l
ine 1669.
Package marginnote Info: right page because not two side mode on input line 166
9.
Package marginnote Info: xpos seems to be 323.92232pt on input line 1669.
Package marginnote Info: Margin note 5052.5 is on absolute page 5052 on input l
ine 1678.
Package marginnote Info: right page because not two side mode on input line 167
8.
Package marginnote Info: xpos seems to be 73.84012pt on input line 1678.
 [5052]
Package marginnote Info: Margin note 5053.1 is on absolute page 5053 on input l
ine 1687.
Package marginnote Info: right page because not two side mode on input line 168
7.
Package marginnote Info: xpos seems to be 73.88773pt on input line 1687.
Package marginnote Info: Margin note 5053.2 is on absolute page 5053 on input l
ine 1692.
Package marginnote Info: right page because not two side mode on input line 169
2.
Package marginnote Info: xpos seems to be 72.94589pt on input line 1692.
Package marginnote Info: Margin note 5053.3 is on absolute page 5053 on input l
ine 1701.
Package marginnote Info: right page because not two side mode on input line 170
1.
Package marginnote Info: xpos seems to be 73.26477pt on input line 1701.
Package marginnote Info: Margin note 5053.4 is on absolute page 5053 on input l
ine 1708.
Package marginnote Info: right page because not two side mode on input line 170
8.
Package marginnote Info: xpos seems to be 67.50497pt on input line 1708.
Package marginnote Info: Margin note 5053.5 is on absolute page 5053 on input l
ine 1715.
Package marginnote Info: right page because not two side mode on input line 171
5.
Package marginnote Info: xpos seems to be 61.69691pt on input line 1715.
Package marginnote Info: Margin note 5053.6 is on absolute page 5053 on input l
ine 1722.
Package marginnote Info: right page because not two side mode on input line 172
2.
Package marginnote Info: xpos seems to be 74.28836pt on input line 1722.
 [5053]
Package marginnote Info: Margin note 5054.1 is on absolute page 5054 on input l
ine 1729.
Package marginnote Info: right page because not two side mode on input line 172
9.
Package marginnote Info: xpos seems to be 67.32788pt on input line 1729.
Package marginnote Info: Margin note 5054.2 is on absolute page 5054 on input l
ine 1738.
Package marginnote Info: right page because not two side mode on input line 173
8.
Package marginnote Info: xpos seems to be 77.89514pt on input line 1738.
Package marginnote Info: Margin note 5054.3 is on absolute page 5054 on input l
ine 1747.
Package marginnote Info: right page because not two side mode on input line 174
7.
Package marginnote Info: xpos seems to be 100.78268pt on input line 1747.
Package marginnote Info: Margin note 5054.4 is on absolute page 5054 on input l
ine 1756.
Package marginnote Info: right page because not two side mode on input line 175
6.
Package marginnote Info: xpos seems to be 75.57037pt on input line 1756.
Package marginnote Info: Margin note 5054.5 is on absolute page 5054 on input l
ine 1765.
Package marginnote Info: right page because not two side mode on input line 176
5.
Package marginnote Info: xpos seems to be 62.0319pt on input line 1765.
Package marginnote Info: Margin note 5054.6 is on absolute page 5054 on input l
ine 1774.
Package marginnote Info: right page because not two side mode on input line 177
4.
Package marginnote Info: xpos seems to be 74.16219pt on input line 1774.
 [5054]
Package marginnote Info: Margin note 5055.1 is on absolute page 5055 on input l
ine 1787.
Package marginnote Info: right page because not two side mode on input line 178
7.
Package marginnote Info: xpos seems to be 76.29475pt on input line 1787.
 [5055] [5056] [5057]
Package marginnote Info: Margin note 5058.1 is on absolute page 5058 on input l
ine 1936.
Package marginnote Info: right page because not two side mode on input line 193
6.
Package marginnote Info: xpos seems to be 101.84175pt on input line 1936.
Package marginnote Info: Margin note 5058.2 is on absolute page 5058 on input l
ine 1943.
Package marginnote Info: right page because not two side mode on input line 194
3.
Package marginnote Info: xpos seems to be 102.4134pt on input line 1943.
Package marginnote Info: Margin note 5058.3 is on absolute page 5058 on input l
ine 1994.
Package marginnote Info: right page because not two side mode on input line 199
4.
Package marginnote Info: xpos seems to be 85.59885pt on input line 1994.
Package marginnote Info: Margin note 5058.4 is on absolute page 5058 on input l
ine 2001.
Package marginnote Info: right page because not two side mode on input line 200
1.
Package marginnote Info: xpos seems to be 64.35405pt on input line 2001.
Package marginnote Info: Margin note 5058.5 is on absolute page 5058 on input l
ine 2010.
Package marginnote Info: right page because not two side mode on input line 201
0.
Package marginnote Info: xpos seems to be 75.81815pt on input line 2010.
 [5058] [5059]
Underfull \hbox (badness 10000) in paragraph at lines 2163--2163
[]|\T1/ppl/m/n/10 (+20) D5:216--221;
 []

Package marginnote Info: Margin note 5060.1 is on absolute page 5060 on input l
ine 2196.
Package marginnote Info: right page because not two side mode on input line 219
6.
Package marginnote Info: xpos seems to be 106.9685pt on input line 2196.
Package marginnote Info: Margin note 5060.2 is on absolute page 5060 on input l
ine 2200.
Package marginnote Info: right page because not two side mode on input line 220
0.
Package marginnote Info: xpos seems to be 198.00851pt on input line 2200.
Package marginnote Info: Margin note 5060.3 is on absolute page 5060 on input l
ine 2204.
Package marginnote Info: right page because not two side mode on input line 220
4.
Package marginnote Info: xpos seems to be 485.5469pt on input line 2204.
Package marginnote Info: Margin note 5060.4 is on absolute page 5061 on input l
ine 2209.
Package marginnote Info: right page because not two side mode on input line 220
9.
Package marginnote Info: xpos seems to be 70.92883pt on input line 2209.
Package marginnote Info: Margin note 5060.5 is on absolute page 5061 on input l
ine 2218.
Package marginnote Info: right page because not two side mode on input line 221
8.
Package marginnote Info: xpos seems to be 278.53917pt on input line 2218.
[5060]
Underfull \hbox (badness 10000) in paragraph at lines 2231--2231
[]|\T1/ppl/m/n/10 (+20) D5:224--229;
 []

[5061]
Package marginnote Info: Margin note 5062.1 is on absolute page 5062 on input l
ine 2308.
Package marginnote Info: right page because not two side mode on input line 230
8.
Package marginnote Info: xpos seems to be 258.24309pt on input line 2308.
Package marginnote Info: Margin note 5062.2 is on absolute page 5062 on input l
ine 2319.
Package marginnote Info: right page because not two side mode on input line 231
9.
Package marginnote Info: xpos seems to be 95.74666pt on input line 2319.
Package marginnote Info: Margin note 5062.3 is on absolute page 5062 on input l
ine 2324.
Package marginnote Info: right page because not two side mode on input line 232
4.
Package marginnote Info: xpos seems to be 56.97513pt on input line 2324.
Package marginnote Info: Margin note 5062.4 is on absolute page 5062 on input l
ine 2331.
Package marginnote Info: right page because not two side mode on input line 233
1.
Package marginnote Info: xpos seems to be 73.62723pt on input line 2331.
Package marginnote Info: Margin note 5062.5 is on absolute page 5062 on input l
ine 2338.
Package marginnote Info: right page because not two side mode on input line 233
8.
Package marginnote Info: xpos seems to be 73.09088pt on input line 2338.
Package marginnote Info: Margin note 5062.6 is on absolute page 5063 on input l
ine 2343.
Package marginnote Info: right page because not two side mode on input line 234
3.
Package marginnote Info: xpos seems to be 77.28522pt on input line 2343.
 [5062]
Package marginnote Info: Margin note 5063.1 is on absolute page 5063 on input l
ine 2350.
Package marginnote Info: right page because not two side mode on input line 235
0.
Package marginnote Info: xpos seems to be 77.18056pt on input line 2350.
Package marginnote Info: Margin note 5063.2 is on absolute page 5063 on input l
ine 2355.
Package marginnote Info: right page because not two side mode on input line 235
5.
Package marginnote Info: xpos seems to be 56.9451pt on input line 2355.
Package marginnote Info: Margin note 5063.3 is on absolute page 5063 on input l
ine 2360.
Package marginnote Info: right page because not two side mode on input line 236
0.
Package marginnote Info: xpos seems to be 78.31395pt on input line 2360.
Package marginnote Info: Margin note 5063.4 is on absolute page 5063 on input l
ine 2365.
Package marginnote Info: right page because not two side mode on input line 236
5.
Package marginnote Info: xpos seems to be 77.79166pt on input line 2365.
Package marginnote Info: Margin note 5063.5 is on absolute page 5063 on input l
ine 2374.
Package marginnote Info: right page because not two side mode on input line 237
4.
Package marginnote Info: xpos seems to be 74.49333pt on input line 2374.
Package marginnote Info: Margin note 5063.6 is on absolute page 5063 on input l
ine 2379.
Package marginnote Info: right page because not two side mode on input line 237
9.
Package marginnote Info: xpos seems to be 70.37474pt on input line 2379.
Package marginnote Info: Margin note 5063.7 is on absolute page 5064 on input l
ine 2388.
Package marginnote Info: right page because not two side mode on input line 238
8.
Package marginnote Info: xpos seems to be 82.57143pt on input line 2388.
 [5063]
Package marginnote Info: Margin note 5064.1 is on absolute page 5064 on input l
ine 2439.
Package marginnote Info: right page because not two side mode on input line 243
9.
Package marginnote Info: xpos seems to be 99.42923pt on input line 2439.
Package marginnote Info: Margin note 5064.2 is on absolute page 5064 on input l
ine 2444.
Package marginnote Info: right page because not two side mode on input line 244
4.
Package marginnote Info: xpos seems to be 67.78418pt on input line 2444.
Package marginnote Info: Margin note 5064.3 is on absolute page 5064 on input l
ine 2449.
Package marginnote Info: right page because not two side mode on input line 244
9.
Package marginnote Info: xpos seems to be 96.21286pt on input line 2449.
Package marginnote Info: Margin note 5064.4 is on absolute page 5064 on input l
ine 2454.
Package marginnote Info: right page because not two side mode on input line 245
4.
Package marginnote Info: xpos seems to be 67.4596pt on input line 2454.
 [5064] [5065]) (./gospel_early_mormon_sources_1837.tex
Package marginnote Info: Margin note 5066.1 is on absolute page 5066 on input l
ine 63.
Package marginnote Info: right page because not two side mode on input line 63.

Package marginnote Info: xpos seems to be 83.06757pt on input line 63.
Package marginnote Info: Margin note 5066.2 is on absolute page 5066 on input l
ine 70.
Package marginnote Info: right page because not two side mode on input line 70.

Package marginnote Info: xpos seems to be 66.48486pt on input line 70.
Package marginnote Info: Margin note 5066.3 is on absolute page 5066 on input l
ine 75.
Package marginnote Info: right page because not two side mode on input line 75.

Package marginnote Info: xpos seems to be 70.1479pt on input line 75.
Package marginnote Info: Margin note 5066.4 is on absolute page 5066 on input l
ine 80.
Package marginnote Info: right page because not two side mode on input line 80.

Package marginnote Info: xpos seems to be 66.8017pt on input line 80.
Package marginnote Info: Margin note 5066.5 is on absolute page 5067 on input l
ine 87.
Package marginnote Info: right page because not two side mode on input line 87.

Package marginnote Info: xpos seems to be 83.64612pt on input line 87.

[5066

]
Package marginnote Info: Margin note 5067.1 is on absolute page 5067 on input l
ine 94.
Package marginnote Info: right page because not two side mode on input line 94.

Package marginnote Info: xpos seems to be 75.7769pt on input line 94.

Underfull \hbox (badness 10000) in paragraph at lines 107--107
[]|\T1/ppl/m/n/10 (+20) D5:410--417;
 []

[5067]
Package marginnote Info: Margin note 5068.1 is on absolute page 5068 on input l
ine 201.
Package marginnote Info: right page because not two side mode on input line 201
.
Package marginnote Info: xpos seems to be 103.10405pt on input line 201.
Package marginnote Info: Margin note 5068.2 is on absolute page 5068 on input l
ine 205.
Package marginnote Info: right page because not two side mode on input line 205
.
Package marginnote Info: xpos seems to be 406.45688pt on input line 205.
 [5068]
Underfull \hbox (badness 10000) in paragraph at lines 220--220
[]|\T1/ppl/m/n/10 (+20) D5:426--431;
 []

Package marginnote Info: Margin note 5069.1 is on absolute page 5069 on input l
ine 252.
Package marginnote Info: right page because not two side mode on input line 252
.
Package marginnote Info: xpos seems to be 90.78462pt on input line 252.
Package marginnote Info: Margin note 5069.2 is on absolute page 5069 on input l
ine 258.
Package marginnote Info: right page because not two side mode on input line 258
.
Package marginnote Info: xpos seems to be 380.91042pt on input line 258.
Package marginnote Info: Margin note 5069.3 is on absolute page 5069 on input l
ine 267.
Package marginnote Info: right page because not two side mode on input line 267
.
Package marginnote Info: xpos seems to be 88.89203pt on input line 267.

Underfull \hbox (badness 10000) in paragraph at lines 280--280
[]|\T1/ppl/m/n/10 (+20) D5:431--433;
 []

[5069] [5070]
Package marginnote Info: Margin note 5071.1 is on absolute page 5071 on input l
ine 448.
Package marginnote Info: right page because not two side mode on input line 448
.
Package marginnote Info: xpos seems to be 64.5349pt on input line 448.
Package marginnote Info: Margin note 5071.2 is on absolute page 5071 on input l
ine 454.
Package marginnote Info: right page because not two side mode on input line 454
.
Package marginnote Info: xpos seems to be 36.135pt on input line 454.
Package marginnote Info: Margin note 5071.3 is on absolute page 5071 on input l
ine 459.
Package marginnote Info: right page because not two side mode on input line 459
.
Package marginnote Info: xpos seems to be 70.52368pt on input line 459.
Package marginnote Info: Margin note 5071.4 is on absolute page 5071 on input l
ine 464.
Package marginnote Info: right page because not two side mode on input line 464
.
Package marginnote Info: xpos seems to be 60.20993pt on input line 464.
Package marginnote Info: Margin note 5071.5 is on absolute page 5071 on input l
ine 469.
Package marginnote Info: right page because not two side mode on input line 469
.
Package marginnote Info: xpos seems to be 67.48506pt on input line 469.
Package marginnote Info: Margin note 5071.6 is on absolute page 5071 on input l
ine 476.
Package marginnote Info: right page because not two side mode on input line 476
.
Package marginnote Info: xpos seems to be 83.41446pt on input line 476.
 [5071]
Package marginnote Info: Margin note 5072.1 is on absolute page 5072 on input l
ine 497.
Package marginnote Info: right page because not two side mode on input line 497
.
Package marginnote Info: xpos seems to be 75.21483pt on input line 497.
Package marginnote Info: Margin note 5072.2 is on absolute page 5072 on input l
ine 564.
Package marginnote Info: right page because not two side mode on input line 564
.
Package marginnote Info: xpos seems to be 82.6384pt on input line 564.
Package marginnote Info: Margin note 5072.3 is on absolute page 5072 on input l
ine 569.
Package marginnote Info: right page because not two side mode on input line 569
.
Package marginnote Info: xpos seems to be 69.32126pt on input line 569.
 [5072]) (./gospel_early_mormon_sources_1838.tex
Underfull \hbox (badness 10000) in paragraph at lines 73--73
[]|\T1/ppl/m/n/10 (+20) D5:494--498;
 []

Package marginnote Info: Margin note 5073.1 is on absolute page 5073 on input l
ine 106.
Package marginnote Info: right page because not two side mode on input line 106
.
Package marginnote Info: xpos seems to be 285.17946pt on input line 106.
Package marginnote Info: Margin note 5073.2 is on absolute page 5074 on input l
ine 118.
Package marginnote Info: right page because not two side mode on input line 118
.
Package marginnote Info: xpos seems to be 77.71483pt on input line 118.
Package marginnote Info: Margin note 5073.3 is on absolute page 5074 on input l
ine 124.
Package marginnote Info: right page because not two side mode on input line 124
.
Package marginnote Info: xpos seems to be 193.52199pt on input line 124.
[5073

]
Underfull \hbox (badness 10000) in paragraph at lines 139--139
[]|\T1/ppl/m/n/10 (+20) D5:498--499;
 []


Underfull \hbox (badness 10000) in paragraph at lines 191--191
[]|\T1/ppl/m/n/10 (+20) D5:500--502;
 []

[5074] [5075] [5076]
Package marginnote Info: Margin note 5077.1 is on absolute page 5077 on input l
ine 488.
Package marginnote Info: right page because not two side mode on input line 488
.
Package marginnote Info: xpos seems to be 86.20421pt on input line 488.
Package marginnote Info: Margin note 5077.2 is on absolute page 5077 on input l
ine 492.
Package marginnote Info: right page because not two side mode on input line 492
.
Package marginnote Info: xpos seems to be 350.49823pt on input line 492.
 [5077]
Underfull \hbox (badness 10000) in paragraph at lines 594--594
[]|\T1/ppl/m/n/10 (+20) D6:107--108;
 []


Underfull \hbox (badness 10000) in paragraph at lines 637--637
[]|\T1/ppl/m/n/10 (+20) D6:112--118;
 []

[5078]
Package marginnote Info: Margin note 5079.1 is on absolute page 5080 on input l
ine 719.
Package marginnote Info: right page because not two side mode on input line 719
.
Package marginnote Info: xpos seems to be 83.67177pt on input line 719.
Package marginnote Info: Margin note 5079.2 is on absolute page 5080 on input l
ine 723.
Package marginnote Info: right page because not two side mode on input line 723
.
Package marginnote Info: xpos seems to be 491.52103pt on input line 723.
 [5079]
Package marginnote Info: Margin note 5080.1 is on absolute page 5080 on input l
ine 768.
Package marginnote Info: right page because not two side mode on input line 768
.
Package marginnote Info: xpos seems to be 114.25438pt on input line 768.
Package marginnote Info: Margin note 5080.2 is on absolute page 5080 on input l
ine 779.
Package marginnote Info: right page because not two side mode on input line 779
.
Package marginnote Info: xpos seems to be 66.9233pt on input line 779.
Package marginnote Info: Margin note 5080.3 is on absolute page 5080 on input l
ine 790.
Package marginnote Info: right page because not two side mode on input line 790
.
Package marginnote Info: xpos seems to be 68.03947pt on input line 790.
Package marginnote Info: Margin note 5080.4 is on absolute page 5081 on input l
ine 799.
Package marginnote Info: right page because not two side mode on input line 799
.
Package marginnote Info: xpos seems to be 72.74347pt on input line 799.
 [5080]
Package marginnote Info: Margin note 5081.1 is on absolute page 5081 on input l
ine 810.
Package marginnote Info: right page because not two side mode on input line 810
.
Package marginnote Info: xpos seems to be 70.33865pt on input line 810.
Package marginnote Info: Margin note 5081.2 is on absolute page 5081 on input l
ine 817.
Package marginnote Info: right page because not two side mode on input line 817
.
Package marginnote Info: xpos seems to be 88.55379pt on input line 817.
Package marginnote Info: Margin note 5081.3 is on absolute page 5081 on input l
ine 824.
Package marginnote Info: right page because not two side mode on input line 824
.
Package marginnote Info: xpos seems to be 64.76437pt on input line 824.

Underfull \hbox (badness 2326) in paragraph at lines 841--841
[]|\T1/ppl/m/n/10 (+20) J1:266; D6:133--
 []

Package marginnote Info: Margin note 5081.4 is on absolute page 5082 on input l
ine 874.
Package marginnote Info: right page because not two side mode on input line 874
.
Package marginnote Info: xpos seems to be 72.32349pt on input line 874.
Package marginnote Info: Margin note 5081.5 is on absolute page 5082 on input l
ine 878.
Package marginnote Info: right page because not two side mode on input line 878
.
Package marginnote Info: xpos seems to be 429.13914pt on input line 878.
[5081]
Package marginnote Info: Margin note 5082.1 is on absolute page 5082 on input l
ine 924.
Package marginnote Info: right page because not two side mode on input line 924
.
Package marginnote Info: xpos seems to be 63.1217pt on input line 924.
Package marginnote Info: Margin note 5082.2 is on absolute page 5082 on input l
ine 945.
Package marginnote Info: right page because not two side mode on input line 945
.
Package marginnote Info: xpos seems to be 94.00444pt on input line 945.
Package marginnote Info: Margin note 5082.3 is on absolute page 5083 on input l
ine 970.
Package marginnote Info: right page because not two side mode on input line 970
.
Package marginnote Info: xpos seems to be 94.00444pt on input line 970.
 [5082]
Package marginnote Info: Margin note 5083.1 is on absolute page 5083 on input l
ine 997.
Package marginnote Info: right page because not two side mode on input line 997
.
Package marginnote Info: xpos seems to be 93.7138pt on input line 997.
Package marginnote Info: Margin note 5083.2 is on absolute page 5083 on input l
ine 1012.
Package marginnote Info: right page because not two side mode on input line 101
2.
Package marginnote Info: xpos seems to be 94.00444pt on input line 1012.
 [5083]
Package marginnote Info: Margin note 5084.1 is on absolute page 5084 on input l
ine 1150.
Package marginnote Info: right page because not two side mode on input line 115
0.
Package marginnote Info: xpos seems to be 70.48842pt on input line 1150.
Package marginnote Info: Margin note 5084.2 is on absolute page 5084 on input l
ine 1154.
Package marginnote Info: right page because not two side mode on input line 115
4.
Package marginnote Info: xpos seems to be 275.48592pt on input line 1154.
 [5084]
Underfull \hbox (badness 10000) in paragraph at lines 1211--1211
[]|\T1/ppl/m/n/10 (+20) D6:175--180;
 []


Underfull \hbox (badness 10000) in paragraph at lines 1257--1257
[]|\T1/ppl/m/n/10 (+20) D6:181--183;
 []

[5085]
Underfull \hbox (badness 10000) in paragraph at lines 1303--1303
[]|\T1/ppl/m/n/10 (+20) D6:183--189;
 []


Underfull \hbox (badness 10000) in paragraph at lines 1353--1353
[]|\T1/ppl/m/n/10 (+20) D6:189--190;
 []

[5086]
Underfull \hbox (badness 10000) in paragraph at lines 1384--1385

 []


Underfull \hbox (badness 10000) in paragraph at lines 1399--1399
[]|\T1/ppl/m/n/10 (+20) D6:191--194;
 []

[5087] [5088]
Package marginnote Info: Margin note 5089.1 is on absolute page 5089 on input l
ine 1606.
Package marginnote Info: right page because not two side mode on input line 160
6.
Package marginnote Info: xpos seems to be 476.11473pt on input line 1606.
Package marginnote Info: Margin note 5089.2 is on absolute page 5089 on input l
ine 1617.
Package marginnote Info: right page because not two side mode on input line 161
7.
Package marginnote Info: xpos seems to be 401.59074pt on input line 1617.
Package marginnote Info: Margin note 5089.3 is on absolute page 5089 on input l
ine 1621.
Package marginnote Info: right page because not two side mode on input line 162
1.
Package marginnote Info: xpos seems to be 416.53491pt on input line 1621.
Package marginnote Info: Margin note 5089.4 is on absolute page 5089 on input l
ine 1625.
Package marginnote Info: right page because not two side mode on input line 162
5.
Package marginnote Info: xpos seems to be 553.49162pt on input line 1625.
 [5089]
Package marginnote Info: Margin note 5090.1 is on absolute page 5090 on input l
ine 1679.
Package marginnote Info: right page because not two side mode on input line 167
9.
Package marginnote Info: xpos seems to be 314.87425pt on input line 1679.
Package marginnote Info: Margin note 5090.2 is on absolute page 5090 on input l
ine 1688.
Package marginnote Info: right page because not two side mode on input line 168
8.
Package marginnote Info: xpos seems to be 248.02567pt on input line 1688.
Package marginnote Info: Margin note 5090.3 is on absolute page 5090 on input l
ine 1692.
Package marginnote Info: right page because not two side mode on input line 169
2.
Package marginnote Info: xpos seems to be 384.94472pt on input line 1692.
Package marginnote Info: Margin note 5090.4 is on absolute page 5091 on input l
ine 1743.
Package marginnote Info: right page because not two side mode on input line 174
3.
Package marginnote Info: xpos seems to be 100.94438pt on input line 1743.
 [5090]
Package marginnote Info: Margin note 5091.1 is on absolute page 5091 on input l
ine 1751.
Package marginnote Info: right page because not two side mode on input line 175
1.
Package marginnote Info: xpos seems to be 331.78197pt on input line 1751.
Package marginnote Info: Margin note 5091.2 is on absolute page 5091 on input l
ine 1755.
Package marginnote Info: right page because not two side mode on input line 175
5.
Package marginnote Info: xpos seems to be 229.16078pt on input line 1755.
Package marginnote Info: Margin note 5091.3 is on absolute page 5091 on input l
ine 1759.
Package marginnote Info: right page because not two side mode on input line 175
9.
Package marginnote Info: xpos seems to be 145.71767pt on input line 1759.
Package marginnote Info: Margin note 5091.4 is on absolute page 5091 on input l
ine 1812.
Package marginnote Info: right page because not two side mode on input line 181
2.
Package marginnote Info: xpos seems to be 457.88507pt on input line 1812.
Package marginnote Info: Margin note 5091.5 is on absolute page 5091 on input l
ine 1819.
Package marginnote Info: right page because not two side mode on input line 181
9.
Package marginnote Info: xpos seems to be 365.64014pt on input line 1819.
Package marginnote Info: Margin note 5091.6 is on absolute page 5092 on input l
ine 1823.
Package marginnote Info: right page because not two side mode on input line 182
3.
Package marginnote Info: xpos seems to be 36.135pt on input line 1823.
Package marginnote Info: Margin note 5091.7 is on absolute page 5092 on input l
ine 1827.
Package marginnote Info: right page because not two side mode on input line 182
7.
Package marginnote Info: xpos seems to be 394.76537pt on input line 1827.
Package marginnote Info: Margin note 5091.8 is on absolute page 5092 on input l
ine 1831.
Package marginnote Info: right page because not two side mode on input line 183
1.
Package marginnote Info: xpos seems to be 538.6946pt on input line 1831.
Package marginnote Info: Margin note 5091.9 is on absolute page 5092 on input l
ine 1835.
Package marginnote Info: right page because not two side mode on input line 183
5.
Package marginnote Info: xpos seems to be 338.08676pt on input line 1835.
Package marginnote Info: Margin note 5091.10 is on absolute page 5092 on input 
line 1839.
Package marginnote Info: right page because not two side mode on input line 183
9.
Package marginnote Info: xpos seems to be 485.77051pt on input line 1839.
Package marginnote Info: Margin note 5091.11 is on absolute page 5092 on input 
line 1843.
Package marginnote Info: right page because not two side mode on input line 184
3.
Package marginnote Info: xpos seems to be 131.19981pt on input line 1843.
Package marginnote Info: Margin note 5091.12 is on absolute page 5092 on input 
line 1847.
Package marginnote Info: right page because not two side mode on input line 184
7.
Package marginnote Info: xpos seems to be 446.48781pt on input line 1847.
Package marginnote Info: Margin note 5091.13 is on absolute page 5093 on input 
line 1851.
Package marginnote Info: right page because not two side mode on input line 185
1.
Package marginnote Info: xpos seems to be 354.48372pt on input line 1851.
Package marginnote Info: Margin note 5091.14 is on absolute page 5093 on input 
line 1855.
Package marginnote Info: right page because not two side mode on input line 185
5.
Package marginnote Info: xpos seems to be 230.58318pt on input line 1855.
Package marginnote Info: Margin note 5091.15 is on absolute page 5093 on input 
line 1859.
Package marginnote Info: right page because not two side mode on input line 185
9.
Package marginnote Info: xpos seems to be 371.92944pt on input line 1859.
Package marginnote Info: Margin note 5091.16 is on absolute page 5093 on input 
line 1863.
Package marginnote Info: right page because not two side mode on input line 186
3.
Package marginnote Info: xpos seems to be 414.79103pt on input line 1863.
Package marginnote Info: Margin note 5091.17 is on absolute page 5093 on input 
line 1867.
Package marginnote Info: right page because not two side mode on input line 186
7.
Package marginnote Info: xpos seems to be 266.6823pt on input line 1867.
Package marginnote Info: Margin note 5091.18 is on absolute page 5094 on input 
line 1871.
Package marginnote Info: right page because not two side mode on input line 187
1.
Package marginnote Info: xpos seems to be 364.31802pt on input line 1871.
Package marginnote Info: Margin note 5091.19 is on absolute page 5094 on input 
line 1875.
Package marginnote Info: right page because not two side mode on input line 187
5.
Package marginnote Info: xpos seems to be 122.62231pt on input line 1875.
Package marginnote Info: Margin note 5091.20 is on absolute page 5094 on input 
line 1879.
Package marginnote Info: right page because not two side mode on input line 187
9.
Package marginnote Info: xpos seems to be 258.85861pt on input line 1879.
Package marginnote Info: Margin note 5091.21 is on absolute page 5094 on input 
line 1883.
Package marginnote Info: right page because not two side mode on input line 188
3.
Package marginnote Info: xpos seems to be 445.15952pt on input line 1883.
 [5091] [5092] [5093] [5094])
(./gospel_early_mormon_sources_1839.tex
Package marginnote Info: Margin note 5095.1 is on absolute page 5095 on input l
ine 60.
Package marginnote Info: right page because not two side mode on input line 60.

Package marginnote Info: xpos seems to be 516.59428pt on input line 60.
Package marginnote Info: Margin note 5095.2 is on absolute page 5095 on input l
ine 71.
Package marginnote Info: right page because not two side mode on input line 71.

Package marginnote Info: xpos seems to be 530.3141pt on input line 71.
Package marginnote Info: Margin note 5095.3 is on absolute page 5095 on input l
ine 75.
Package marginnote Info: right page because not two side mode on input line 75.

Package marginnote Info: xpos seems to be 223.35439pt on input line 75.
Package marginnote Info: Margin note 5095.4 is on absolute page 5095 on input l
ine 80.
Package marginnote Info: right page because not two side mode on input line 80.

Package marginnote Info: xpos seems to be 91.0274pt on input line 80.
 [5095

]
Package marginnote Info: Margin note 5096.1 is on absolute page 5096 on input l
ine 149.
Package marginnote Info: right page because not two side mode on input line 149
.
Package marginnote Info: xpos seems to be 64.27675pt on input line 149.
Package marginnote Info: Margin note 5096.2 is on absolute page 5096 on input l
ine 155.
Package marginnote Info: right page because not two side mode on input line 155
.
Package marginnote Info: xpos seems to be 503.74673pt on input line 155.
Package marginnote Info: Margin note 5096.3 is on absolute page 5096 on input l
ine 159.
Package marginnote Info: right page because not two side mode on input line 159
.
Package marginnote Info: xpos seems to be 283.24052pt on input line 159.
Package marginnote Info: Margin note 5096.4 is on absolute page 5097 on input l
ine 163.
Package marginnote Info: right page because not two side mode on input line 163
.
Package marginnote Info: xpos seems to be 266.57695pt on input line 163.
Package marginnote Info: Margin note 5096.5 is on absolute page 5097 on input l
ine 167.
Package marginnote Info: right page because not two side mode on input line 167
.
Package marginnote Info: xpos seems to be 59.81435pt on input line 167.
Package marginnote Info: Margin note 5096.6 is on absolute page 5097 on input l
ine 171.
Package marginnote Info: right page because not two side mode on input line 171
.
Package marginnote Info: xpos seems to be 153.93259pt on input line 171.
Package marginnote Info: Margin note 5096.7 is on absolute page 5097 on input l
ine 175.
Package marginnote Info: right page because not two side mode on input line 175
.
Package marginnote Info: xpos seems to be 235.76932pt on input line 175.
 [5096] [5097]
Package marginnote Info: Margin note 5098.1 is on absolute page 5098 on input l
ine 197.
Package marginnote Info: right page because not two side mode on input line 197
.
Package marginnote Info: xpos seems to be 72.53023pt on input line 197.
Package marginnote Info: Margin note 5098.2 is on absolute page 5098 on input l
ine 279.
Package marginnote Info: right page because not two side mode on input line 279
.
Package marginnote Info: xpos seems to be 489.41452pt on input line 279.
Package marginnote Info: Margin note 5098.3 is on absolute page 5098 on input l
ine 288.
Package marginnote Info: right page because not two side mode on input line 288
.
Package marginnote Info: xpos seems to be 492.22772pt on input line 288.
Package marginnote Info: Margin note 5098.4 is on absolute page 5099 on input l
ine 292.
Package marginnote Info: right page because not two side mode on input line 292
.
Package marginnote Info: xpos seems to be 238.38232pt on input line 292.
 [5098]
Package marginnote Info: Margin note 5099.1 is on absolute page 5099 on input l
ine 346.
Package marginnote Info: right page because not two side mode on input line 346
.
Package marginnote Info: xpos seems to be 414.21524pt on input line 346.
Package marginnote Info: Margin note 5099.2 is on absolute page 5099 on input l
ine 353.
Package marginnote Info: right page because not two side mode on input line 353
.
Package marginnote Info: xpos seems to be 256.18817pt on input line 353.
Package marginnote Info: Margin note 5099.3 is on absolute page 5099 on input l
ine 357.
Package marginnote Info: right page because not two side mode on input line 357
.
Package marginnote Info: xpos seems to be 476.825pt on input line 357.
Package marginnote Info: Margin note 5099.4 is on absolute page 5099 on input l
ine 361.
Package marginnote Info: right page because not two side mode on input line 361
.
Package marginnote Info: xpos seems to be 174.19316pt on input line 361.
Package marginnote Info: Margin note 5099.5 is on absolute page 5100 on input l
ine 365.
Package marginnote Info: right page because not two side mode on input line 365
.
Package marginnote Info: xpos seems to be 449.98885pt on input line 365.
Package marginnote Info: Margin note 5099.6 is on absolute page 5100 on input l
ine 369.
Package marginnote Info: right page because not two side mode on input line 369
.
Package marginnote Info: xpos seems to be 36.135pt on input line 369.
Package marginnote Info: Margin note 5099.7 is on absolute page 5100 on input l
ine 373.
Package marginnote Info: right page because not two side mode on input line 373
.
Package marginnote Info: xpos seems to be 271.98576pt on input line 373.
Package marginnote Info: Margin note 5099.8 is on absolute page 5100 on input l
ine 377.
Package marginnote Info: right page because not two side mode on input line 377
.
Package marginnote Info: xpos seems to be 212.48352pt on input line 377.
Package marginnote Info: Margin note 5099.9 is on absolute page 5100 on input l
ine 381.
Package marginnote Info: right page because not two side mode on input line 381
.
Package marginnote Info: xpos seems to be 214.1545pt on input line 381.
Package marginnote Info: Margin note 5099.10 is on absolute page 5100 on input 
line 385.
Package marginnote Info: right page because not two side mode on input line 385
.
Package marginnote Info: xpos seems to be 471.95107pt on input line 385.
Package marginnote Info: Margin note 5099.11 is on absolute page 5100 on input 
line 389.
Package marginnote Info: right page because not two side mode on input line 389
.
Package marginnote Info: xpos seems to be 414.17613pt on input line 389.
Package marginnote Info: Margin note 5099.12 is on absolute page 5100 on input 
line 393.
Package marginnote Info: right page because not two side mode on input line 393
.
Package marginnote Info: xpos seems to be 36.135pt on input line 393.
Package marginnote Info: Margin note 5099.13 is on absolute page 5100 on input 
line 397.
Package marginnote Info: right page because not two side mode on input line 397
.
Package marginnote Info: xpos seems to be 36.135pt on input line 397.
Package marginnote Info: Margin note 5099.14 is on absolute page 5101 on input 
line 401.
Package marginnote Info: right page because not two side mode on input line 401
.
Package marginnote Info: xpos seems to be 235.26175pt on input line 401.
Package marginnote Info: Margin note 5099.15 is on absolute page 5101 on input 
line 405.
Package marginnote Info: right page because not two side mode on input line 405
.
Package marginnote Info: xpos seems to be 395.96445pt on input line 405.
Package marginnote Info: Margin note 5099.16 is on absolute page 5101 on input 
line 409.
Package marginnote Info: right page because not two side mode on input line 409
.
Package marginnote Info: xpos seems to be 182.20306pt on input line 409.
Package marginnote Info: Margin note 5099.17 is on absolute page 5101 on input 
line 413.
Package marginnote Info: right page because not two side mode on input line 413
.
Package marginnote Info: xpos seems to be 232.77838pt on input line 413.
Package marginnote Info: Margin note 5099.18 is on absolute page 5101 on input 
line 417.
Package marginnote Info: right page because not two side mode on input line 417
.
Package marginnote Info: xpos seems to be 211.2547pt on input line 417.
Package marginnote Info: Margin note 5099.19 is on absolute page 5101 on input 
line 421.
Package marginnote Info: right page because not two side mode on input line 421
.
Package marginnote Info: xpos seems to be 52.72354pt on input line 421.
Package marginnote Info: Margin note 5099.20 is on absolute page 5101 on input 
line 425.
Package marginnote Info: right page because not two side mode on input line 425
.
Package marginnote Info: xpos seems to be 211.68172pt on input line 425.
Package marginnote Info: Margin note 5099.21 is on absolute page 5101 on input 
line 429.
Package marginnote Info: right page because not two side mode on input line 429
.
Package marginnote Info: xpos seems to be 266.29454pt on input line 429.
Package marginnote Info: Margin note 5099.22 is on absolute page 5101 on input 
line 433.
Package marginnote Info: right page because not two side mode on input line 433
.
Package marginnote Info: xpos seems to be 490.25743pt on input line 433.
Package marginnote Info: Margin note 5099.23 is on absolute page 5101 on input 
line 437.
Package marginnote Info: right page because not two side mode on input line 437
.
Package marginnote Info: xpos seems to be 89.6388pt on input line 437.
Package marginnote Info: Margin note 5099.24 is on absolute page 5101 on input 
line 441.
Package marginnote Info: right page because not two side mode on input line 441
.
Package marginnote Info: xpos seems to be 177.80455pt on input line 441.
Package marginnote Info: Margin note 5099.25 is on absolute page 5101 on input 
line 445.
Package marginnote Info: right page because not two side mode on input line 445
.
Package marginnote Info: xpos seems to be 118.44405pt on input line 445.
Package marginnote Info: Margin note 5099.26 is on absolute page 5102 on input 
line 449.
Package marginnote Info: right page because not two side mode on input line 449
.
Package marginnote Info: xpos seems to be 420.5466pt on input line 449.
Package marginnote Info: Margin note 5099.27 is on absolute page 5102 on input 
line 453.
Package marginnote Info: right page because not two side mode on input line 453
.
Package marginnote Info: xpos seems to be 139.91283pt on input line 453.
Package marginnote Info: Margin note 5099.28 is on absolute page 5102 on input 
line 457.
Package marginnote Info: right page because not two side mode on input line 457
.
Package marginnote Info: xpos seems to be 366.78949pt on input line 457.
Package marginnote Info: Margin note 5099.29 is on absolute page 5102 on input 
line 461.
Package marginnote Info: right page because not two side mode on input line 461
.
Package marginnote Info: xpos seems to be 342.41693pt on input line 461.
Package marginnote Info: Margin note 5099.30 is on absolute page 5102 on input 
line 465.
Package marginnote Info: right page because not two side mode on input line 465
.
Package marginnote Info: xpos seems to be 347.61635pt on input line 465.
Package marginnote Info: Margin note 5099.31 is on absolute page 5102 on input 
line 469.
Package marginnote Info: right page because not two side mode on input line 469
.
Package marginnote Info: xpos seems to be 164.5899pt on input line 469.
Package marginnote Info: Margin note 5099.32 is on absolute page 5102 on input 
line 473.
Package marginnote Info: right page because not two side mode on input line 473
.
Package marginnote Info: xpos seems to be 561.02837pt on input line 473.
Package marginnote Info: Margin note 5099.33 is on absolute page 5102 on input 
line 477.
Package marginnote Info: right page because not two side mode on input line 477
.
Package marginnote Info: xpos seems to be 219.99054pt on input line 477.
Package marginnote Info: Margin note 5099.34 is on absolute page 5102 on input 
line 481.
Package marginnote Info: right page because not two side mode on input line 481
.
Package marginnote Info: xpos seems to be 428.38133pt on input line 481.
Package marginnote Info: Margin note 5099.35 is on absolute page 5102 on input 
line 485.
Package marginnote Info: right page because not two side mode on input line 485
.
Package marginnote Info: xpos seems to be 497.63033pt on input line 485.
Package marginnote Info: Margin note 5099.36 is on absolute page 5102 on input 
line 489.
Package marginnote Info: right page because not two side mode on input line 489
.
Package marginnote Info: xpos seems to be 322.0649pt on input line 489.
 [5099]
[5100] [5101] [5102]
Package marginnote Info: Margin note 5103.1 is on absolute page 5103 on input l
ine 552.
Package marginnote Info: right page because not two side mode on input line 552
.
Package marginnote Info: xpos seems to be 56.135pt on input line 552.
Package marginnote Info: Margin note 5103.2 is on absolute page 5103 on input l
ine 560.
Package marginnote Info: right page because not two side mode on input line 560
.
Package marginnote Info: xpos seems to be 247.83147pt on input line 560.
Package marginnote Info: Margin note 5103.3 is on absolute page 5103 on input l
ine 564.
Package marginnote Info: right page because not two side mode on input line 564
.
Package marginnote Info: xpos seems to be 474.54182pt on input line 564.
Package marginnote Info: Margin note 5103.4 is on absolute page 5103 on input l
ine 571.
Package marginnote Info: right page because not two side mode on input line 571
.
Package marginnote Info: xpos seems to be 56.14299pt on input line 571.
 [5103]
Package marginnote Info: Margin note 5104.1 is on absolute page 5104 on input l
ine 626.
Package marginnote Info: right page because not two side mode on input line 626
.
Package marginnote Info: xpos seems to be 56.135pt on input line 626.
Package marginnote Info: Margin note 5104.2 is on absolute page 5104 on input l
ine 634.
Package marginnote Info: right page because not two side mode on input line 634
.
Package marginnote Info: xpos seems to be 268.08328pt on input line 634.
Package marginnote Info: Margin note 5104.3 is on absolute page 5104 on input l
ine 639.
Package marginnote Info: right page because not two side mode on input line 639
.
Package marginnote Info: xpos seems to be 56.98856pt on input line 639.
Package marginnote Info: Margin note 5104.4 is on absolute page 5104 on input l
ine 643.
Package marginnote Info: right page because not two side mode on input line 643
.
Package marginnote Info: xpos seems to be 327.17882pt on input line 643.
Package marginnote Info: Margin note 5104.5 is on absolute page 5104 on input l
ine 648.
Package marginnote Info: right page because not two side mode on input line 648
.
Package marginnote Info: xpos seems to be 68.23392pt on input line 648.
Package marginnote Info: Margin note 5104.6 is on absolute page 5104 on input l
ine 652.
Package marginnote Info: right page because not two side mode on input line 652
.
Package marginnote Info: xpos seems to be 61.40059pt on input line 652.
Package marginnote Info: Margin note 5104.7 is on absolute page 5105 on input l
ine 656.
Package marginnote Info: right page because not two side mode on input line 656
.
Package marginnote Info: xpos seems to be 163.75343pt on input line 656.
 [5104]
Package marginnote Info: Margin note 5105.1 is on absolute page 5105 on input l
ine 661.
Package marginnote Info: right page because not two side mode on input line 661
.
Package marginnote Info: xpos seems to be 67.31401pt on input line 661.
Package marginnote Info: Margin note 5105.2 is on absolute page 5105 on input l
ine 665.
Package marginnote Info: right page because not two side mode on input line 665
.
Package marginnote Info: xpos seems to be 374.56662pt on input line 665.
Package marginnote Info: Margin note 5105.3 is on absolute page 5105 on input l
ine 669.
Package marginnote Info: right page because not two side mode on input line 669
.
Package marginnote Info: xpos seems to be 453.92928pt on input line 669.
Package marginnote Info: Margin note 5105.4 is on absolute page 5105 on input l
ine 674.
Package marginnote Info: right page because not two side mode on input line 674
.
Package marginnote Info: xpos seems to be 63.0379pt on input line 674.
Package marginnote Info: Margin note 5105.5 is on absolute page 5105 on input l
ine 678.
Package marginnote Info: right page because not two side mode on input line 678
.
Package marginnote Info: xpos seems to be 165.97026pt on input line 678.
Package marginnote Info: Margin note 5105.6 is on absolute page 5105 on input l
ine 682.
Package marginnote Info: right page because not two side mode on input line 682
.
Package marginnote Info: xpos seems to be 321.61533pt on input line 682.
Package marginnote Info: Margin note 5105.7 is on absolute page 5105 on input l
ine 687.
Package marginnote Info: right page because not two side mode on input line 687
.
Package marginnote Info: xpos seems to be 80.5005pt on input line 687.
Package marginnote Info: Margin note 5105.8 is on absolute page 5106 on input l
ine 691.
Package marginnote Info: right page because not two side mode on input line 691
.
Package marginnote Info: xpos seems to be 489.83298pt on input line 691.
 [5105]
Package marginnote Info: Margin note 5106.1 is on absolute page 5106 on input l
ine 696.
Package marginnote Info: right page because not two side mode on input line 696
.
Package marginnote Info: xpos seems to be 73.7914pt on input line 696.
Package marginnote Info: Margin note 5106.2 is on absolute page 5106 on input l
ine 700.
Package marginnote Info: right page because not two side mode on input line 700
.
Package marginnote Info: xpos seems to be 122.5018pt on input line 700.
Package marginnote Info: Margin note 5106.3 is on absolute page 5106 on input l
ine 704.
Package marginnote Info: right page because not two side mode on input line 704
.
Package marginnote Info: xpos seems to be 413.75189pt on input line 704.
Package marginnote Info: Margin note 5106.4 is on absolute page 5106 on input l
ine 708.
Package marginnote Info: right page because not two side mode on input line 708
.
Package marginnote Info: xpos seems to be 126.2121pt on input line 708.
Package marginnote Info: Margin note 5106.5 is on absolute page 5106 on input l
ine 712.
Package marginnote Info: right page because not two side mode on input line 712
.
Package marginnote Info: xpos seems to be 353.4256pt on input line 712.
Package marginnote Info: Margin note 5106.6 is on absolute page 5106 on input l
ine 717.
Package marginnote Info: right page because not two side mode on input line 717
.
Package marginnote Info: xpos seems to be 81.73979pt on input line 717.
Package marginnote Info: Margin note 5106.7 is on absolute page 5106 on input l
ine 724.
Package marginnote Info: right page because not two side mode on input line 724
.
Package marginnote Info: xpos seems to be 70.22998pt on input line 724.
 [5106]
Package marginnote Info: Margin note 5107.1 is on absolute page 5107 on input l
ine 787.
Package marginnote Info: right page because not two side mode on input line 787
.
Package marginnote Info: xpos seems to be 100.92438pt on input line 787.
Package marginnote Info: Margin note 5107.2 is on absolute page 5107 on input l
ine 793.
Package marginnote Info: right page because not two side mode on input line 793
.
Package marginnote Info: xpos seems to be 407.6748pt on input line 793.
Package marginnote Info: Margin note 5107.3 is on absolute page 5107 on input l
ine 797.
Package marginnote Info: right page because not two side mode on input line 797
.
Package marginnote Info: xpos seems to be 511.32611pt on input line 797.
Package marginnote Info: Margin note 5107.4 is on absolute page 5107 on input l
ine 801.
Package marginnote Info: right page because not two side mode on input line 801
.
Package marginnote Info: xpos seems to be 418.2075pt on input line 801.
Package marginnote Info: Margin note 5107.5 is on absolute page 5107 on input l
ine 805.
Package marginnote Info: right page because not two side mode on input line 805
.
Package marginnote Info: xpos seems to be 401.47763pt on input line 805.
Package marginnote Info: Margin note 5107.6 is on absolute page 5108 on input l
ine 809.
Package marginnote Info: right page because not two side mode on input line 809
.
Package marginnote Info: xpos seems to be 36.135pt on input line 809.
Package marginnote Info: Margin note 5107.7 is on absolute page 5108 on input l
ine 813.
Package marginnote Info: right page because not two side mode on input line 813
.
Package marginnote Info: xpos seems to be 545.95021pt on input line 813.
Package marginnote Info: Margin note 5107.8 is on absolute page 5108 on input l
ine 817.
Package marginnote Info: right page because not two side mode on input line 817
.
Package marginnote Info: xpos seems to be 435.01071pt on input line 817.
Package marginnote Info: Margin note 5107.9 is on absolute page 5108 on input l
ine 821.
Package marginnote Info: right page because not two side mode on input line 821
.
Package marginnote Info: xpos seems to be 70.09547pt on input line 821.
Package marginnote Info: Margin note 5107.10 is on absolute page 5108 on input 
line 825.
Package marginnote Info: right page because not two side mode on input line 825
.
Package marginnote Info: xpos seems to be 217.33328pt on input line 825.
Package marginnote Info: Margin note 5107.11 is on absolute page 5108 on input 
line 829.
Package marginnote Info: right page because not two side mode on input line 829
.
Package marginnote Info: xpos seems to be 377.87747pt on input line 829.
Package marginnote Info: Margin note 5107.12 is on absolute page 5108 on input 
line 833.
Package marginnote Info: right page because not two side mode on input line 833
.
Package marginnote Info: xpos seems to be 222.07097pt on input line 833.
Package marginnote Info: Margin note 5107.13 is on absolute page 5108 on input 
line 837.
Package marginnote Info: right page because not two side mode on input line 837
.
Package marginnote Info: xpos seems to be 428.73502pt on input line 837.
Package marginnote Info: Margin note 5107.14 is on absolute page 5108 on input 
line 841.
Package marginnote Info: right page because not two side mode on input line 841
.
Package marginnote Info: xpos seems to be 460.17111pt on input line 841.
Package marginnote Info: Margin note 5107.15 is on absolute page 5109 on input 
line 845.
Package marginnote Info: right page because not two side mode on input line 845
.
Package marginnote Info: xpos seems to be 557.3585pt on input line 845.
Package marginnote Info: Margin note 5107.16 is on absolute page 5109 on input 
line 849.
Package marginnote Info: right page because not two side mode on input line 849
.
Package marginnote Info: xpos seems to be 140.41985pt on input line 849.
Package marginnote Info: Margin note 5107.17 is on absolute page 5109 on input 
line 853.
Package marginnote Info: right page because not two side mode on input line 853
.
Package marginnote Info: xpos seems to be 101.8671pt on input line 853.
Package marginnote Info: Margin note 5107.18 is on absolute page 5109 on input 
line 857.
Package marginnote Info: right page because not two side mode on input line 857
.
Package marginnote Info: xpos seems to be 36.135pt on input line 857.
Package marginnote Info: Margin note 5107.19 is on absolute page 5109 on input 
line 861.
Package marginnote Info: right page because not two side mode on input line 861
.
Package marginnote Info: xpos seems to be 396.21494pt on input line 861.
Package marginnote Info: Margin note 5107.20 is on absolute page 5109 on input 
line 865.
Package marginnote Info: right page because not two side mode on input line 865
.
Package marginnote Info: xpos seems to be 63.863pt on input line 865.
Package marginnote Info: Margin note 5107.21 is on absolute page 5109 on input 
line 869.
Package marginnote Info: right page because not two side mode on input line 869
.
Package marginnote Info: xpos seems to be 165.17557pt on input line 869.
Package marginnote Info: Margin note 5107.22 is on absolute page 5109 on input 
line 873.
Package marginnote Info: right page because not two side mode on input line 873
.
Package marginnote Info: xpos seems to be 51.78322pt on input line 873.
 [5107] [5108] [5109]
Package marginnote Info: Margin note 5110.1 is on absolute page 5110 on input l
ine 934.
Package marginnote Info: right page because not two side mode on input line 934
.
Package marginnote Info: xpos seems to be 56.135pt on input line 934.
Package marginnote Info: Margin note 5110.2 is on absolute page 5110 on input l
ine 942.
Package marginnote Info: right page because not two side mode on input line 942
.
Package marginnote Info: xpos seems to be 287.56564pt on input line 942.
Package marginnote Info: Margin note 5110.3 is on absolute page 5110 on input l
ine 946.
Package marginnote Info: right page because not two side mode on input line 946
.
Package marginnote Info: xpos seems to be 156.12262pt on input line 946.
Package marginnote Info: Margin note 5110.4 is on absolute page 5110 on input l
ine 950.
Package marginnote Info: right page because not two side mode on input line 950
.
Package marginnote Info: xpos seems to be 36.135pt on input line 950.
Package marginnote Info: Margin note 5110.5 is on absolute page 5111 on input l
ine 954.
Package marginnote Info: right page because not two side mode on input line 954
.
Package marginnote Info: xpos seems to be 340.32176pt on input line 954.
 [5110]
[5111] [5112]
Package marginnote Info: Margin note 5113.1 is on absolute page 5113 on input l
ine 1186.
Package marginnote Info: right page because not two side mode on input line 118
6.
Package marginnote Info: xpos seems to be 70.45142pt on input line 1186.
Package marginnote Info: Margin note 5113.2 is on absolute page 5113 on input l
ine 1191.
Package marginnote Info: right page because not two side mode on input line 119
1.
Package marginnote Info: xpos seems to be 74.60448pt on input line 1191.
Package marginnote Info: Margin note 5113.3 is on absolute page 5113 on input l
ine 1195.
Package marginnote Info: right page because not two side mode on input line 119
5.
Package marginnote Info: xpos seems to be 252.11357pt on input line 1195.
Package marginnote Info: Margin note 5113.4 is on absolute page 5113 on input l
ine 1200.
Package marginnote Info: right page because not two side mode on input line 120
0.
Package marginnote Info: xpos seems to be 81.14609pt on input line 1200.
Package marginnote Info: Margin note 5113.5 is on absolute page 5113 on input l
ine 1205.
Package marginnote Info: right page because not two side mode on input line 120
5.
Package marginnote Info: xpos seems to be 64.5658pt on input line 1205.
Package marginnote Info: Margin note 5113.6 is on absolute page 5113 on input l
ine 1215.
Package marginnote Info: right page because not two side mode on input line 121
5.
Package marginnote Info: xpos seems to be 62.52797pt on input line 1215.
Package marginnote Info: Margin note 5113.7 is on absolute page 5113 on input l
ine 1219.
Package marginnote Info: right page because not two side mode on input line 121
9.
Package marginnote Info: xpos seems to be 426.69618pt on input line 1219.
 [5113]
Package marginnote Info: Margin note 5114.1 is on absolute page 5114 on input l
ine 1261.
Package marginnote Info: right page because not two side mode on input line 126
1.
Package marginnote Info: xpos seems to be 84.03342pt on input line 1261.
Package marginnote Info: Margin note 5114.2 is on absolute page 5114 on input l
ine 1265.
Package marginnote Info: right page because not two side mode on input line 126
5.
Package marginnote Info: xpos seems to be 192.83585pt on input line 1265.
Package marginnote Info: Margin note 5114.3 is on absolute page 5114 on input l
ine 1269.
Package marginnote Info: right page because not two side mode on input line 126
9.
Package marginnote Info: xpos seems to be 202.57967pt on input line 1269.
Package marginnote Info: Margin note 5114.4 is on absolute page 5114 on input l
ine 1274.
Package marginnote Info: right page because not two side mode on input line 127
4.
Package marginnote Info: xpos seems to be 61.56165pt on input line 1274.
Package marginnote Info: Margin note 5114.5 is on absolute page 5115 on input l
ine 1316.
Package marginnote Info: right page because not two side mode on input line 131
6.
Package marginnote Info: xpos seems to be 78.12473pt on input line 1316.
 [5114]
Package marginnote Info: Margin note 5115.1 is on absolute page 5115 on input l
ine 1328.
Package marginnote Info: right page because not two side mode on input line 132
8.
Package marginnote Info: xpos seems to be 196.62248pt on input line 1328.
Package marginnote Info: Margin note 5115.2 is on absolute page 5115 on input l
ine 1333.
Package marginnote Info: right page because not two side mode on input line 133
3.
Package marginnote Info: xpos seems to be 125.46147pt on input line 1333.
Package marginnote Info: Margin note 5115.3 is on absolute page 5115 on input l
ine 1338.
Package marginnote Info: right page because not two side mode on input line 133
8.
Package marginnote Info: xpos seems to be 56.44223pt on input line 1338.
Package marginnote Info: Margin note 5115.4 is on absolute page 5115 on input l
ine 1345.
Package marginnote Info: right page because not two side mode on input line 134
5.
Package marginnote Info: xpos seems to be 56.135pt on input line 1345.
Package marginnote Info: Margin note 5115.5 is on absolute page 5115 on input l
ine 1355.
Package marginnote Info: right page because not two side mode on input line 135
5.
Package marginnote Info: xpos seems to be 190.81897pt on input line 1355.
Package marginnote Info: Margin note 5115.6 is on absolute page 5116 on input l
ine 1403.
Package marginnote Info: right page because not two side mode on input line 140
3.
Package marginnote Info: xpos seems to be 320.87234pt on input line 1403.
 [5115]
Package marginnote Info: Margin note 5116.1 is on absolute page 5116 on input l
ine 1412.
Package marginnote Info: right page because not two side mode on input line 141
2.
Package marginnote Info: xpos seems to be 61.41489pt on input line 1412.
Package marginnote Info: Margin note 5116.2 is on absolute page 5116 on input l
ine 1463.
Package marginnote Info: right page because not two side mode on input line 146
3.
Package marginnote Info: xpos seems to be 182.01399pt on input line 1463.
Package marginnote Info: Margin note 5116.3 is on absolute page 5116 on input l
ine 1494.
Package marginnote Info: right page because not two side mode on input line 149
4.
Package marginnote Info: xpos seems to be 326.95229pt on input line 1494.
Package marginnote Info: Margin note 5116.4 is on absolute page 5116 on input l
ine 1502.
Package marginnote Info: right page because not two side mode on input line 150
2.
Package marginnote Info: xpos seems to be 275.23294pt on input line 1502.
Package marginnote Info: Margin note 5116.5 is on absolute page 5117 on input l
ine 1509.
Package marginnote Info: right page because not two side mode on input line 150
9.
Package marginnote Info: xpos seems to be 414.91351pt on input line 1509.
Package marginnote Info: Margin note 5116.6 is on absolute page 5117 on input l
ine 1513.
Package marginnote Info: right page because not two side mode on input line 151
3.
Package marginnote Info: xpos seems to be 200.76244pt on input line 1513.
Package marginnote Info: Margin note 5116.7 is on absolute page 5117 on input l
ine 1517.
Package marginnote Info: right page because not two side mode on input line 151
7.
Package marginnote Info: xpos seems to be 395.05537pt on input line 1517.
Package marginnote Info: Margin note 5116.8 is on absolute page 5117 on input l
ine 1521.
Package marginnote Info: right page because not two side mode on input line 152
1.
Package marginnote Info: xpos seems to be 371.62979pt on input line 1521.
Package marginnote Info: Margin note 5116.9 is on absolute page 5117 on input l
ine 1525.
Package marginnote Info: right page because not two side mode on input line 152
5.
Package marginnote Info: xpos seems to be 401.8264pt on input line 1525.
 [5116]
Package marginnote Info: Margin note 5117.1 is on absolute page 5117 on input l
ine 1531.
Package marginnote Info: right page because not two side mode on input line 153
1.
Package marginnote Info: xpos seems to be 292.07275pt on input line 1531.
Package marginnote Info: Margin note 5117.2 is on absolute page 5117 on input l
ine 1577.
Package marginnote Info: right page because not two side mode on input line 157
7.
Package marginnote Info: xpos seems to be 178.26004pt on input line 1577.
 [5117]
Package marginnote Info: Margin note 5118.1 is on absolute page 5118 on input l
ine 1608.
Package marginnote Info: right page because not two side mode on input line 160
8.
Package marginnote Info: xpos seems to be 290.71773pt on input line 1608.
Package marginnote Info: Margin note 5118.2 is on absolute page 5118 on input l
ine 1621.
Package marginnote Info: right page because not two side mode on input line 162
1.
Package marginnote Info: xpos seems to be 272.83798pt on input line 1621.
Package marginnote Info: Margin note 5118.3 is on absolute page 5118 on input l
ine 1634.
Package marginnote Info: right page because not two side mode on input line 163
4.
Package marginnote Info: xpos seems to be 79.0805pt on input line 1634.
Package marginnote Info: Margin note 5118.4 is on absolute page 5118 on input l
ine 1638.
Package marginnote Info: right page because not two side mode on input line 163
8.
Package marginnote Info: xpos seems to be 312.93025pt on input line 1638.
Package marginnote Info: Margin note 5118.5 is on absolute page 5118 on input l
ine 1643.
Package marginnote Info: right page because not two side mode on input line 164
3.
Package marginnote Info: xpos seems to be 56.65433pt on input line 1643.
Package marginnote Info: Margin note 5118.6 is on absolute page 5118 on input l
ine 1648.
Package marginnote Info: right page because not two side mode on input line 164
8.
Package marginnote Info: xpos seems to be 75.61517pt on input line 1648.
Package marginnote Info: Margin note 5118.7 is on absolute page 5119 on input l
ine 1654.
Package marginnote Info: right page because not two side mode on input line 165
4.
Package marginnote Info: xpos seems to be 334.12067pt on input line 1654.
 [5118]
Package marginnote Info: Margin note 5119.1 is on absolute page 5119 on input l
ine 1662.
Package marginnote Info: right page because not two side mode on input line 166
2.
Package marginnote Info: xpos seems to be 278.47292pt on input line 1662.
 [5119]
Package marginnote Info: Margin note 5120.1 is on absolute page 5120 on input l
ine 1804.
Package marginnote Info: right page because not two side mode on input line 180
4.
Package marginnote Info: xpos seems to be 265.59299pt on input line 1804.
Package marginnote Info: Margin note 5120.2 is on absolute page 5120 on input l
ine 1812.
Package marginnote Info: right page because not two side mode on input line 181
2.
Package marginnote Info: xpos seems to be 72.82939pt on input line 1812.
Package marginnote Info: Margin note 5120.3 is on absolute page 5120 on input l
ine 1817.
Package marginnote Info: right page because not two side mode on input line 181
7.
Package marginnote Info: xpos seems to be 70.95207pt on input line 1817.
Package marginnote Info: Margin note 5120.4 is on absolute page 5120 on input l
ine 1822.
Package marginnote Info: right page because not two side mode on input line 182
2.
Package marginnote Info: xpos seems to be 70.63266pt on input line 1822.
Package marginnote Info: Margin note 5120.5 is on absolute page 5120 on input l
ine 1827.
Package marginnote Info: right page because not two side mode on input line 182
7.
Package marginnote Info: xpos seems to be 59.68083pt on input line 1827.
Package marginnote Info: Margin note 5120.6 is on absolute page 5120 on input l
ine 1831.
Package marginnote Info: right page because not two side mode on input line 183
1.
Package marginnote Info: xpos seems to be 547.21973pt on input line 1831.
Package marginnote Info: Margin note 5120.7 is on absolute page 5120 on input l
ine 1835.
Package marginnote Info: right page because not two side mode on input line 183
5.
Package marginnote Info: xpos seems to be 333.25307pt on input line 1835.
Package marginnote Info: Margin note 5120.8 is on absolute page 5121 on input l
ine 1839.
Package marginnote Info: right page because not two side mode on input line 183
9.
Package marginnote Info: xpos seems to be 277.04245pt on input line 1839.
 [5120]
Package marginnote Info: Margin note 5121.1 is on absolute page 5121 on input l
ine 1844.
Package marginnote Info: right page because not two side mode on input line 184
4.
Package marginnote Info: xpos seems to be 67.33536pt on input line 1844.
Package marginnote Info: Margin note 5121.2 is on absolute page 5121 on input l
ine 1848.
Package marginnote Info: right page because not two side mode on input line 184
8.
Package marginnote Info: xpos seems to be 408.2993pt on input line 1848.
Package marginnote Info: Margin note 5121.3 is on absolute page 5121 on input l
ine 1852.
Package marginnote Info: right page because not two side mode on input line 185
2.
Package marginnote Info: xpos seems to be 266.835pt on input line 1852.
Package marginnote Info: Margin note 5121.4 is on absolute page 5121 on input l
ine 1857.
Package marginnote Info: right page because not two side mode on input line 185
7.
Package marginnote Info: xpos seems to be 107.80821pt on input line 1857.
Package marginnote Info: Margin note 5121.5 is on absolute page 5121 on input l
ine 1862.
Package marginnote Info: right page because not two side mode on input line 186
2.
Package marginnote Info: xpos seems to be 57.71559pt on input line 1862.
Package marginnote Info: Margin note 5121.6 is on absolute page 5121 on input l
ine 1867.
Package marginnote Info: right page because not two side mode on input line 186
7.
Package marginnote Info: xpos seems to be 73.63206pt on input line 1867.
Package marginnote Info: Margin note 5121.7 is on absolute page 5121 on input l
ine 1872.
Package marginnote Info: right page because not two side mode on input line 187
2.
Package marginnote Info: xpos seems to be 79.49716pt on input line 1872.
Package marginnote Info: Margin note 5121.8 is on absolute page 5121 on input l
ine 1876.
Package marginnote Info: right page because not two side mode on input line 187
6.
Package marginnote Info: xpos seems to be 484.39656pt on input line 1876.
 [5121]
Package marginnote Info: Margin note 5122.1 is on absolute page 5122 on input l
ine 1919.
Package marginnote Info: right page because not two side mode on input line 191
9.
Package marginnote Info: xpos seems to be 280.27278pt on input line 1919.
Package marginnote Info: Margin note 5122.2 is on absolute page 5122 on input l
ine 1926.
Package marginnote Info: right page because not two side mode on input line 192
6.
Package marginnote Info: xpos seems to be 115.1325pt on input line 1926.
Package marginnote Info: Margin note 5122.3 is on absolute page 5122 on input l
ine 1930.
Package marginnote Info: right page because not two side mode on input line 193
0.
Package marginnote Info: xpos seems to be 287.01132pt on input line 1930.
Package marginnote Info: Margin note 5122.4 is on absolute page 5122 on input l
ine 1935.
Package marginnote Info: right page because not two side mode on input line 193
5.
Package marginnote Info: xpos seems to be 71.02989pt on input line 1935.
Package marginnote Info: Margin note 5122.5 is on absolute page 5122 on input l
ine 1941.
Package marginnote Info: right page because not two side mode on input line 194
1.
Package marginnote Info: xpos seems to be 533.0555pt on input line 1941.
Package marginnote Info: Margin note 5122.6 is on absolute page 5122 on input l
ine 1945.
Package marginnote Info: right page because not two side mode on input line 194
5.
Package marginnote Info: xpos seems to be 329.8784pt on input line 1945.
Package marginnote Info: Margin note 5122.7 is on absolute page 5122 on input l
ine 1949.
Package marginnote Info: right page because not two side mode on input line 194
9.
Package marginnote Info: xpos seems to be 532.28384pt on input line 1949.
Package marginnote Info: Margin note 5122.8 is on absolute page 5122 on input l
ine 1953.
Package marginnote Info: right page because not two side mode on input line 195
3.
Package marginnote Info: xpos seems to be 212.32506pt on input line 1953.
Package marginnote Info: Margin note 5122.9 is on absolute page 5123 on input l
ine 1957.
Package marginnote Info: right page because not two side mode on input line 195
7.
Package marginnote Info: xpos seems to be 437.74104pt on input line 1957.
Package marginnote Info: Margin note 5122.10 is on absolute page 5123 on input 
line 1961.
Package marginnote Info: right page because not two side mode on input line 196
1.
Package marginnote Info: xpos seems to be 213.79532pt on input line 1961.

[5122]
Package marginnote Info: Margin note 5123.1 is on absolute page 5123 on input l
ine 2008.
Package marginnote Info: right page because not two side mode on input line 200
8.
Package marginnote Info: xpos seems to be 285.25282pt on input line 2008.
Package marginnote Info: Margin note 5123.2 is on absolute page 5123 on input l
ine 2015.
Package marginnote Info: right page because not two side mode on input line 201
5.
Package marginnote Info: xpos seems to be 572.4025pt on input line 2015.
Package marginnote Info: Margin note 5123.3 is on absolute page 5123 on input l
ine 2020.
Package marginnote Info: right page because not two side mode on input line 202
0.
Package marginnote Info: xpos seems to be 70.859pt on input line 2020.
Package marginnote Info: Margin note 5123.4 is on absolute page 5123 on input l
ine 2025.
Package marginnote Info: right page because not two side mode on input line 202
5.
Package marginnote Info: xpos seems to be 71.10078pt on input line 2025.
Package marginnote Info: Margin note 5123.5 is on absolute page 5123 on input l
ine 2029.
Package marginnote Info: right page because not two side mode on input line 202
9.
Package marginnote Info: xpos seems to be 45.07863pt on input line 2029.
Package marginnote Info: Margin note 5123.6 is on absolute page 5123 on input l
ine 2033.
Package marginnote Info: right page because not two side mode on input line 203
3.
Package marginnote Info: xpos seems to be 445.87294pt on input line 2033.
Package marginnote Info: Margin note 5123.7 is on absolute page 5124 on input l
ine 2037.
Package marginnote Info: right page because not two side mode on input line 203
7.
Package marginnote Info: xpos seems to be 100.66212pt on input line 2037.
Package marginnote Info: Margin note 5123.8 is on absolute page 5124 on input l
ine 2041.
Package marginnote Info: right page because not two side mode on input line 204
1.
Package marginnote Info: xpos seems to be 403.87627pt on input line 2041.
Package marginnote Info: Margin note 5123.9 is on absolute page 5124 on input l
ine 2045.
Package marginnote Info: right page because not two side mode on input line 204
5.
Package marginnote Info: xpos seems to be 171.82399pt on input line 2045.
Package marginnote Info: Margin note 5123.10 is on absolute page 5124 on input 
line 2049.
Package marginnote Info: right page because not two side mode on input line 204
9.
Package marginnote Info: xpos seems to be 156.68079pt on input line 2049.
 [5123]
Package marginnote Info: Margin note 5124.1 is on absolute page 5124 on input l
ine 2055.
Package marginnote Info: right page because not two side mode on input line 205
5.
Package marginnote Info: xpos seems to be 529.7315pt on input line 2055.
Package marginnote Info: Margin note 5124.2 is on absolute page 5124 on input l
ine 2060.
Package marginnote Info: right page because not two side mode on input line 206
0.
Package marginnote Info: xpos seems to be 96.29518pt on input line 2060.
Package marginnote Info: Margin note 5124.3 is on absolute page 5124 on input l
ine 2064.
Package marginnote Info: right page because not two side mode on input line 206
4.
Package marginnote Info: xpos seems to be 358.94255pt on input line 2064.
Package marginnote Info: Margin note 5124.4 is on absolute page 5124 on input l
ine 2068.
Package marginnote Info: right page because not two side mode on input line 206
8.
Package marginnote Info: xpos seems to be 58.32445pt on input line 2068.
Package marginnote Info: Margin note 5124.5 is on absolute page 5124 on input l
ine 2072.
Package marginnote Info: right page because not two side mode on input line 207
2.
Package marginnote Info: xpos seems to be 64.63696pt on input line 2072.
Package marginnote Info: Margin note 5124.6 is on absolute page 5124 on input l
ine 2076.
Package marginnote Info: right page because not two side mode on input line 207
6.
Package marginnote Info: xpos seems to be 414.5691pt on input line 2076.
 [5124]
Package marginnote Info: Margin note 5125.1 is on absolute page 5125 on input l
ine 2125.
Package marginnote Info: right page because not two side mode on input line 212
5.
Package marginnote Info: xpos seems to be 290.54274pt on input line 2125.
Package marginnote Info: Margin note 5125.2 is on absolute page 5125 on input l
ine 2133.
Package marginnote Info: right page because not two side mode on input line 213
3.
Package marginnote Info: xpos seems to be 77.84586pt on input line 2133.
Package marginnote Info: Margin note 5125.3 is on absolute page 5125 on input l
ine 2143.
Package marginnote Info: right page because not two side mode on input line 214
3.
Package marginnote Info: xpos seems to be 90.00479pt on input line 2143.
Package marginnote Info: Margin note 5125.4 is on absolute page 5125 on input l
ine 2186.
Package marginnote Info: right page because not two side mode on input line 218
6.
Package marginnote Info: xpos seems to be 259.0065pt on input line 2186.
Package marginnote Info: Margin note 5125.5 is on absolute page 5126 on input l
ine 2194.
Package marginnote Info: right page because not two side mode on input line 219
4.
Package marginnote Info: xpos seems to be 77.39555pt on input line 2194.
 [5125]
Package marginnote Info: Margin note 5126.1 is on absolute page 5126 on input l
ine 2199.
Package marginnote Info: right page because not two side mode on input line 219
9.
Package marginnote Info: xpos seems to be 70.32092pt on input line 2199.
Package marginnote Info: Margin note 5126.2 is on absolute page 5126 on input l
ine 2247.
Package marginnote Info: right page because not two side mode on input line 224
7.
Package marginnote Info: xpos seems to be 60.46043pt on input line 2247.
Package marginnote Info: Margin note 5126.3 is on absolute page 5126 on input l
ine 2251.
Package marginnote Info: right page because not two side mode on input line 225
1.
Package marginnote Info: xpos seems to be 422.46544pt on input line 2251.
Package marginnote Info: Margin note 5126.4 is on absolute page 5126 on input l
ine 2255.
Package marginnote Info: right page because not two side mode on input line 225
5.
Package marginnote Info: xpos seems to be 158.71744pt on input line 2255.
Package marginnote Info: Margin note 5126.5 is on absolute page 5126 on input l
ine 2259.
Package marginnote Info: right page because not two side mode on input line 225
9.
Package marginnote Info: xpos seems to be 212.6996pt on input line 2259.
Package marginnote Info: Margin note 5126.6 is on absolute page 5126 on input l
ine 2264.
Package marginnote Info: right page because not two side mode on input line 226
4.
Package marginnote Info: xpos seems to be 75.73102pt on input line 2264.
Package marginnote Info: Margin note 5126.7 is on absolute page 5126 on input l
ine 2270.
Package marginnote Info: right page because not two side mode on input line 227
0.
Package marginnote Info: xpos seems to be 399.79309pt on input line 2270.
Package marginnote Info: Margin note 5126.8 is on absolute page 5127 on input l
ine 2274.
Package marginnote Info: right page because not two side mode on input line 227
4.
Package marginnote Info: xpos seems to be 313.08655pt on input line 2274.
 [5126]
Package marginnote Info: Margin note 5127.1 is on absolute page 5127 on input l
ine 2316.
Package marginnote Info: right page because not two side mode on input line 231
6.
Package marginnote Info: xpos seems to be 60.19302pt on input line 2316.
Package marginnote Info: Margin note 5127.2 is on absolute page 5127 on input l
ine 2320.
Package marginnote Info: right page because not two side mode on input line 232
0.
Package marginnote Info: xpos seems to be 499.91492pt on input line 2320.
Package marginnote Info: Margin note 5127.3 is on absolute page 5127 on input l
ine 2324.
Package marginnote Info: right page because not two side mode on input line 232
4.
Package marginnote Info: xpos seems to be 562.42685pt on input line 2324.
Package marginnote Info: Margin note 5127.4 is on absolute page 5127 on input l
ine 2330.
Package marginnote Info: right page because not two side mode on input line 233
0.
Package marginnote Info: xpos seems to be 361.42023pt on input line 2330.
Package marginnote Info: Margin note 5127.5 is on absolute page 5127 on input l
ine 2336.
Package marginnote Info: right page because not two side mode on input line 233
6.
Package marginnote Info: xpos seems to be 393.69302pt on input line 2336.
Package marginnote Info: Margin note 5127.6 is on absolute page 5127 on input l
ine 2340.
Package marginnote Info: right page because not two side mode on input line 234
0.
Package marginnote Info: xpos seems to be 203.24779pt on input line 2340.
Package marginnote Info: Margin note 5127.7 is on absolute page 5127 on input l
ine 2344.
Package marginnote Info: right page because not two side mode on input line 234
4.
Package marginnote Info: xpos seems to be 146.94347pt on input line 2344.
 [5127]
Package marginnote Info: Margin note 5128.1 is on absolute page 5128 on input l
ine 2388.
Package marginnote Info: right page because not two side mode on input line 238
8.
Package marginnote Info: xpos seems to be 499.5397pt on input line 2388.
Package marginnote Info: Margin note 5128.2 is on absolute page 5128 on input l
ine 2398.
Package marginnote Info: right page because not two side mode on input line 239
8.
Package marginnote Info: xpos seems to be 75.65794pt on input line 2398.
Package marginnote Info: Margin note 5128.3 is on absolute page 5128 on input l
ine 2403.
Package marginnote Info: right page because not two side mode on input line 240
3.
Package marginnote Info: xpos seems to be 68.98056pt on input line 2403.
Package marginnote Info: Margin note 5128.4 is on absolute page 5128 on input l
ine 2408.
Package marginnote Info: right page because not two side mode on input line 240
8.
Package marginnote Info: xpos seems to be 66.99046pt on input line 2408.
Package marginnote Info: Margin note 5128.5 is on absolute page 5128 on input l
ine 2415.
Package marginnote Info: right page because not two side mode on input line 241
5.
Package marginnote Info: xpos seems to be 78.05168pt on input line 2415.
Package marginnote Info: Margin note 5128.6 is on absolute page 5128 on input l
ine 2420.
Package marginnote Info: right page because not two side mode on input line 242
0.
Package marginnote Info: xpos seems to be 80.12582pt on input line 2420.
 [5128]
Package marginnote Info: Margin note 5129.1 is on absolute page 5129 on input l
ine 2482.
Package marginnote Info: right page because not two side mode on input line 248
2.
Package marginnote Info: xpos seems to be 80.81581pt on input line 2482.
Package marginnote Info: Margin note 5129.2 is on absolute page 5129 on input l
ine 2487.
Package marginnote Info: right page because not two side mode on input line 248
7.
Package marginnote Info: xpos seems to be 73.70743pt on input line 2487.
Package marginnote Info: Margin note 5129.3 is on absolute page 5129 on input l
ine 2530.
Package marginnote Info: right page because not two side mode on input line 253
0.
Package marginnote Info: xpos seems to be 70.33424pt on input line 2530.
Package marginnote Info: Margin note 5129.4 is on absolute page 5129 on input l
ine 2539.
Package marginnote Info: right page because not two side mode on input line 253
9.
Package marginnote Info: xpos seems to be 96.44778pt on input line 2539.
 [5129]
Package marginnote Info: Margin note 5130.1 is on absolute page 5130 on input l
ine 2590.
Package marginnote Info: right page because not two side mode on input line 259
0.
Package marginnote Info: xpos seems to be 56.135pt on input line 2590.
Package marginnote Info: Margin note 5130.2 is on absolute page 5130 on input l
ine 2598.
Package marginnote Info: right page because not two side mode on input line 259
8.
Package marginnote Info: xpos seems to be 368.68538pt on input line 2598.
Package marginnote Info: Margin note 5130.3 is on absolute page 5130 on input l
ine 2662.
Package marginnote Info: right page because not two side mode on input line 266
2.
Package marginnote Info: xpos seems to be 419.6148pt on input line 2662.
 [5130]
Package marginnote Info: Margin note 5131.1 is on absolute page 5131 on input l
ine 2673.
Package marginnote Info: right page because not two side mode on input line 267
3.
Package marginnote Info: xpos seems to be 67.9532pt on input line 2673.
Package marginnote Info: Margin note 5131.2 is on absolute page 5131 on input l
ine 2677.
Package marginnote Info: right page because not two side mode on input line 267
7.
Package marginnote Info: xpos seems to be 284.75597pt on input line 2677.
Package marginnote Info: Margin note 5131.3 is on absolute page 5131 on input l
ine 2682.
Package marginnote Info: right page because not two side mode on input line 268
2.
Package marginnote Info: xpos seems to be 67.60321pt on input line 2682.
Package marginnote Info: Margin note 5131.4 is on absolute page 5131 on input l
ine 2686.
Package marginnote Info: right page because not two side mode on input line 268
6.
Package marginnote Info: xpos seems to be 201.32442pt on input line 2686.
Package marginnote Info: Margin note 5131.5 is on absolute page 5131 on input l
ine 2691.
Package marginnote Info: right page because not two side mode on input line 269
1.
Package marginnote Info: xpos seems to be 67.47221pt on input line 2691.
Package marginnote Info: Margin note 5131.6 is on absolute page 5131 on input l
ine 2698.
Package marginnote Info: right page because not two side mode on input line 269
8.
Package marginnote Info: xpos seems to be 75.7081pt on input line 2698.
Package marginnote Info: Margin note 5131.7 is on absolute page 5131 on input l
ine 2717.
Package marginnote Info: right page because not two side mode on input line 271
7.
Package marginnote Info: xpos seems to be 95.02687pt on input line 2717.
Package marginnote Info: Margin note 5131.8 is on absolute page 5132 on input l
ine 2721.
Package marginnote Info: right page because not two side mode on input line 272
1.
Package marginnote Info: xpos seems to be 278.58205pt on input line 2721.
Package marginnote Info: Margin note 5131.9 is on absolute page 5132 on input l
ine 2725.
Package marginnote Info: right page because not two side mode on input line 272
5.
Package marginnote Info: xpos seems to be 341.12086pt on input line 2725.
 [5131]
Package marginnote Info: Margin note 5132.1 is on absolute page 5132 on input l
ine 2777.
Package marginnote Info: right page because not two side mode on input line 277
7.
Package marginnote Info: xpos seems to be 419.47481pt on input line 2777.
Package marginnote Info: Margin note 5132.2 is on absolute page 5132 on input l
ine 2787.
Package marginnote Info: right page because not two side mode on input line 278
7.
Package marginnote Info: xpos seems to be 67.15309pt on input line 2787.
Package marginnote Info: Margin note 5132.3 is on absolute page 5133 on input l
ine 2796.
Package marginnote Info: right page because not two side mode on input line 279
6.
Package marginnote Info: xpos seems to be 70.97656pt on input line 2796.
Package marginnote Info: Margin note 5132.4 is on absolute page 5133 on input l
ine 2800.
Package marginnote Info: right page because not two side mode on input line 280
0.
Package marginnote Info: xpos seems to be 52.49565pt on input line 2800.
 [5132]
Package marginnote Info: Margin note 5133.1 is on absolute page 5133 on input l
ine 2805.
Package marginnote Info: right page because not two side mode on input line 280
5.
Package marginnote Info: xpos seems to be 79.69691pt on input line 2805.
Package marginnote Info: Margin note 5133.2 is on absolute page 5133 on input l
ine 2857.
Package marginnote Info: right page because not two side mode on input line 285
7.
Package marginnote Info: xpos seems to be 505.84062pt on input line 2857.
Package marginnote Info: Margin note 5133.3 is on absolute page 5133 on input l
ine 2869.
Package marginnote Info: right page because not two side mode on input line 286
9.
Package marginnote Info: xpos seems to be 76.1828pt on input line 2869.
Package marginnote Info: Margin note 5133.4 is on absolute page 5133 on input l
ine 2873.
Package marginnote Info: right page because not two side mode on input line 287
3.
Package marginnote Info: xpos seems to be 249.0976pt on input line 2873.
Package marginnote Info: Margin note 5133.5 is on absolute page 5133 on input l
ine 2878.
Package marginnote Info: right page because not two side mode on input line 287
8.
Package marginnote Info: xpos seems to be 79.66467pt on input line 2878.

[5133]
Package marginnote Info: Margin note 5134.1 is on absolute page 5134 on input l
ine 2930.
Package marginnote Info: right page because not two side mode on input line 293
0.
Package marginnote Info: xpos seems to be 271.98293pt on input line 2930.
Package marginnote Info: Margin note 5134.2 is on absolute page 5134 on input l
ine 2943.
Package marginnote Info: right page because not two side mode on input line 294
3.
Package marginnote Info: xpos seems to be 496.35283pt on input line 2943.
Package marginnote Info: Margin note 5134.3 is on absolute page 5134 on input l
ine 2947.
Package marginnote Info: right page because not two side mode on input line 294
7.
Package marginnote Info: xpos seems to be 170.32634pt on input line 2947.
Package marginnote Info: Margin note 5134.4 is on absolute page 5134 on input l
ine 2951.
Package marginnote Info: right page because not two side mode on input line 295
1.
Package marginnote Info: xpos seems to be 292.51991pt on input line 2951.
Package marginnote Info: Margin note 5134.5 is on absolute page 5134 on input l
ine 2955.
Package marginnote Info: right page because not two side mode on input line 295
5.
Package marginnote Info: xpos seems to be 333.64868pt on input line 2955.
 [5134]) (./gospel_early_mormon_sources_1840.tex [5135]
Package marginnote Info: Margin note 5136.1 is on absolute page 5136 on input l
ine 60.
Package marginnote Info: right page because not two side mode on input line 60.

Package marginnote Info: xpos seems to be 285.34267pt on input line 60.
Package marginnote Info: Margin note 5136.2 is on absolute page 5136 on input l
ine 67.
Package marginnote Info: right page because not two side mode on input line 67.

Package marginnote Info: xpos seems to be 55.49051pt on input line 67.
 [5136

]
Package marginnote Info: Margin note 5137.1 is on absolute page 5137 on input l
ine 161.
Package marginnote Info: right page because not two side mode on input line 161
.
Package marginnote Info: xpos seems to be 456.10376pt on input line 161.
Package marginnote Info: Margin note 5137.2 is on absolute page 5137 on input l
ine 173.
Package marginnote Info: right page because not two side mode on input line 173
.
Package marginnote Info: xpos seems to be 73.45949pt on input line 173.
Package marginnote Info: Margin note 5137.3 is on absolute page 5137 on input l
ine 182.
Package marginnote Info: right page because not two side mode on input line 182
.
Package marginnote Info: xpos seems to be 96.47609pt on input line 182.
Package marginnote Info: Margin note 5137.4 is on absolute page 5137 on input l
ine 187.
Package marginnote Info: right page because not two side mode on input line 187
.
Package marginnote Info: xpos seems to be 71.6958pt on input line 187.
Package marginnote Info: Margin note 5137.5 is on absolute page 5137 on input l
ine 192.
Package marginnote Info: right page because not two side mode on input line 192
.
Package marginnote Info: xpos seems to be 70.43748pt on input line 192.
Package marginnote Info: Margin note 5137.6 is on absolute page 5137 on input l
ine 197.
Package marginnote Info: right page because not two side mode on input line 197
.
Package marginnote Info: xpos seems to be 70.97997pt on input line 197.
Package marginnote Info: Margin note 5137.7 is on absolute page 5137 on input l
ine 202.
Package marginnote Info: right page because not two side mode on input line 202
.
Package marginnote Info: xpos seems to be 70.69905pt on input line 202.
 [5137]
Package marginnote Info: Margin note 5138.1 is on absolute page 5138 on input l
ine 209.
Package marginnote Info: right page because not two side mode on input line 209
.
Package marginnote Info: xpos seems to be 76.39471pt on input line 209.
Package marginnote Info: Margin note 5138.2 is on absolute page 5138 on input l
ine 214.
Package marginnote Info: right page because not two side mode on input line 214
.
Package marginnote Info: xpos seems to be 75.48204pt on input line 214.
Package marginnote Info: Margin note 5138.3 is on absolute page 5138 on input l
ine 219.
Package marginnote Info: right page because not two side mode on input line 219
.
Package marginnote Info: xpos seems to be 75.30057pt on input line 219.
Package marginnote Info: Margin note 5138.4 is on absolute page 5138 on input l
ine 224.
Package marginnote Info: right page because not two side mode on input line 224
.
Package marginnote Info: xpos seems to be 75.34894pt on input line 224.
Package marginnote Info: Margin note 5138.5 is on absolute page 5138 on input l
ine 229.
Package marginnote Info: right page because not two side mode on input line 229
.
Package marginnote Info: xpos seems to be 57.37585pt on input line 229.

[5138]
Package marginnote Info: Margin note 5139.1 is on absolute page 5139 on input l
ine 354.
Package marginnote Info: right page because not two side mode on input line 354
.
Package marginnote Info: xpos seems to be 56.97878pt on input line 354.
Package marginnote Info: Margin note 5139.2 is on absolute page 5139 on input l
ine 359.
Package marginnote Info: right page because not two side mode on input line 359
.
Package marginnote Info: xpos seems to be 66.61357pt on input line 359.
Package marginnote Info: Margin note 5139.3 is on absolute page 5139 on input l
ine 366.
Package marginnote Info: right page because not two side mode on input line 366
.
Package marginnote Info: xpos seems to be 67.24812pt on input line 366.
Package marginnote Info: Margin note 5139.4 is on absolute page 5139 on input l
ine 373.
Package marginnote Info: right page because not two side mode on input line 373
.
Package marginnote Info: xpos seems to be 66.39227pt on input line 373.
Package marginnote Info: Margin note 5139.5 is on absolute page 5139 on input l
ine 378.
Package marginnote Info: right page because not two side mode on input line 378
.
Package marginnote Info: xpos seems to be 56.99883pt on input line 378.
Package marginnote Info: Margin note 5139.6 is on absolute page 5140 on input l
ine 383.
Package marginnote Info: right page because not two side mode on input line 383
.
Package marginnote Info: xpos seems to be 57.52158pt on input line 383.
 [5139]
Package marginnote Info: Margin note 5140.1 is on absolute page 5140 on input l
ine 388.
Package marginnote Info: right page because not two side mode on input line 388
.
Package marginnote Info: xpos seems to be 66.52303pt on input line 388.
Package marginnote Info: Margin note 5140.2 is on absolute page 5140 on input l
ine 393.
Package marginnote Info: right page because not two side mode on input line 393
.
Package marginnote Info: xpos seems to be 85.5095pt on input line 393.
Package marginnote Info: Margin note 5140.3 is on absolute page 5140 on input l
ine 398.
Package marginnote Info: right page because not two side mode on input line 398
.
Package marginnote Info: xpos seems to be 55.85254pt on input line 398.
Package marginnote Info: Margin note 5140.4 is on absolute page 5140 on input l
ine 403.
Package marginnote Info: right page because not two side mode on input line 403
.
Package marginnote Info: xpos seems to be 67.866pt on input line 403.
Package marginnote Info: Margin note 5140.5 is on absolute page 5140 on input l
ine 414.
Package marginnote Info: right page because not two side mode on input line 414
.
Package marginnote Info: xpos seems to be 56.88574pt on input line 414.
Package marginnote Info: Margin note 5140.6 is on absolute page 5140 on input l
ine 425.
Package marginnote Info: right page because not two side mode on input line 425
.
Package marginnote Info: xpos seems to be 57.00499pt on input line 425.
Package marginnote Info: Margin note 5140.7 is on absolute page 5140 on input l
ine 470.
Package marginnote Info: right page because not two side mode on input line 470
.
Package marginnote Info: xpos seems to be 76.21013pt on input line 470.
Package marginnote Info: Margin note 5140.8 is on absolute page 5140 on input l
ine 475.
Package marginnote Info: right page because not two side mode on input line 475
.
Package marginnote Info: xpos seems to be 71.37222pt on input line 475.
Package marginnote Info: Margin note 5140.9 is on absolute page 5141 on input l
ine 480.
Package marginnote Info: right page because not two side mode on input line 480
.
Package marginnote Info: xpos seems to be 66.45595pt on input line 480.
 [5140]
Package marginnote Info: Margin note 5141.1 is on absolute page 5141 on input l
ine 485.
Package marginnote Info: right page because not two side mode on input line 485
.
Package marginnote Info: xpos seems to be 67.18979pt on input line 485.
Package marginnote Info: Margin note 5141.2 is on absolute page 5141 on input l
ine 492.
Package marginnote Info: right page because not two side mode on input line 492
.
Package marginnote Info: xpos seems to be 67.32831pt on input line 492.
Package marginnote Info: Margin note 5141.3 is on absolute page 5141 on input l
ine 544.
Package marginnote Info: right page because not two side mode on input line 544
.
Package marginnote Info: xpos seems to be 103.95638pt on input line 544.
Package marginnote Info: Margin note 5141.4 is on absolute page 5141 on input l
ine 549.
Package marginnote Info: right page because not two side mode on input line 549
.
Package marginnote Info: xpos seems to be 66.6065pt on input line 549.
 [5141]
Package marginnote Info: Margin note 5142.1 is on absolute page 5142 on input l
ine 643.
Package marginnote Info: right page because not two side mode on input line 643
.
Package marginnote Info: xpos seems to be 65.25198pt on input line 643.
Package marginnote Info: Margin note 5142.2 is on absolute page 5142 on input l
ine 647.
Package marginnote Info: right page because not two side mode on input line 647
.
Package marginnote Info: xpos seems to be 387.00899pt on input line 647.
Package marginnote Info: Margin note 5142.3 is on absolute page 5142 on input l
ine 652.
Package marginnote Info: right page because not two side mode on input line 652
.
Package marginnote Info: xpos seems to be 72.35231pt on input line 652.
Package marginnote Info: Margin note 5142.4 is on absolute page 5142 on input l
ine 656.
Package marginnote Info: right page because not two side mode on input line 656
.
Package marginnote Info: xpos seems to be 302.74846pt on input line 656.
 [5142]
Package marginnote Info: Margin note 5143.1 is on absolute page 5143 on input l
ine 728.
Package marginnote Info: right page because not two side mode on input line 728
.
Package marginnote Info: xpos seems to be 511.42015pt on input line 728.
Package marginnote Info: Margin note 5143.2 is on absolute page 5143 on input l
ine 738.
Package marginnote Info: right page because not two side mode on input line 738
.
Package marginnote Info: xpos seems to be 56.98808pt on input line 738.
Package marginnote Info: Margin note 5143.3 is on absolute page 5143 on input l
ine 750.
Package marginnote Info: right page because not two side mode on input line 750
.
Package marginnote Info: xpos seems to be 76.41786pt on input line 750.
Package marginnote Info: Margin note 5143.4 is on absolute page 5143 on input l
ine 773.
Package marginnote Info: right page because not two side mode on input line 773
.
Package marginnote Info: xpos seems to be 77.66461pt on input line 773.
 [5143]
Package marginnote Info: Margin note 5144.1 is on absolute page 5144 on input l
ine 857.
Package marginnote Info: right page because not two side mode on input line 857
.
Package marginnote Info: xpos seems to be 78.7473pt on input line 857.
Package marginnote Info: Margin note 5144.2 is on absolute page 5144 on input l
ine 864.
Package marginnote Info: right page because not two side mode on input line 864
.
Package marginnote Info: xpos seems to be 67.07668pt on input line 864.
Package marginnote Info: Margin note 5144.3 is on absolute page 5144 on input l
ine 873.
Package marginnote Info: right page because not two side mode on input line 873
.
Package marginnote Info: xpos seems to be 66.54594pt on input line 873.
 [5144]
Package marginnote Info: Margin note 5145.1 is on absolute page 5145 on input l
ine 924.
Package marginnote Info: right page because not two side mode on input line 924
.
Package marginnote Info: xpos seems to be 66.88344pt on input line 924.
Package marginnote Info: Margin note 5145.2 is on absolute page 5145 on input l
ine 928.
Package marginnote Info: right page because not two side mode on input line 928
.
Package marginnote Info: xpos seems to be 168.01404pt on input line 928.
Package marginnote Info: Margin note 5145.3 is on absolute page 5145 on input l
ine 973.
Package marginnote Info: right page because not two side mode on input line 973
.
Package marginnote Info: xpos seems to be 77.71425pt on input line 973.
Package marginnote Info: Margin note 5145.4 is on absolute page 5145 on input l
ine 984.
Package marginnote Info: right page because not two side mode on input line 984
.
Package marginnote Info: xpos seems to be 66.05098pt on input line 984.
Package marginnote Info: Margin note 5145.5 is on absolute page 5146 on input l
ine 1040.
Package marginnote Info: right page because not two side mode on input line 104
0.
Package marginnote Info: xpos seems to be 440.66492pt on input line 1040.
 [5145]
Package marginnote Info: Margin note 5146.1 is on absolute page 5146 on input l
ine 1054.
Package marginnote Info: right page because not two side mode on input line 105
4.
Package marginnote Info: xpos seems to be 74.69005pt on input line 1054.
Package marginnote Info: Margin note 5146.2 is on absolute page 5146 on input l
ine 1059.
Package marginnote Info: right page because not two side mode on input line 105
9.
Package marginnote Info: xpos seems to be 62.83916pt on input line 1059.
Package marginnote Info: Margin note 5146.3 is on absolute page 5146 on input l
ine 1066.
Package marginnote Info: right page because not two side mode on input line 106
6.
Package marginnote Info: xpos seems to be 76.27034pt on input line 1066.
Package marginnote Info: Margin note 5146.4 is on absolute page 5146 on input l
ine 1073.
Package marginnote Info: right page because not two side mode on input line 107
3.
Package marginnote Info: xpos seems to be 62.77269pt on input line 1073.
 [5146]
Package marginnote Info: Margin note 5147.1 is on absolute page 5147 on input l
ine 1122.
Package marginnote Info: right page because not two side mode on input line 112
2.
Package marginnote Info: xpos seems to be 64.30489pt on input line 1122.
Package marginnote Info: Margin note 5147.2 is on absolute page 5147 on input l
ine 1133.
Package marginnote Info: right page because not two side mode on input line 113
3.
Package marginnote Info: xpos seems to be 73.6483pt on input line 1133.
Package marginnote Info: Margin note 5147.3 is on absolute page 5147 on input l
ine 1138.
Package marginnote Info: right page because not two side mode on input line 113
8.
Package marginnote Info: xpos seems to be 72.97223pt on input line 1138.
Package marginnote Info: Margin note 5147.4 is on absolute page 5147 on input l
ine 1145.
Package marginnote Info: right page because not two side mode on input line 114
5.
Package marginnote Info: xpos seems to be 74.15562pt on input line 1145.
Package marginnote Info: Margin note 5147.5 is on absolute page 5147 on input l
ine 1150.
Package marginnote Info: right page because not two side mode on input line 115
0.
Package marginnote Info: xpos seems to be 73.52754pt on input line 1150.
Package marginnote Info: Margin note 5147.6 is on absolute page 5147 on input l
ine 1157.
Package marginnote Info: right page because not two side mode on input line 115
7.
Package marginnote Info: xpos seems to be 74.53061pt on input line 1157.
 [5147]
Package marginnote Info: Margin note 5148.1 is on absolute page 5148 on input l
ine 1212.
Package marginnote Info: right page because not two side mode on input line 121
2.
Package marginnote Info: xpos seems to be 73.91643pt on input line 1212.
Package marginnote Info: Margin note 5148.2 is on absolute page 5148 on input l
ine 1221.
Package marginnote Info: right page because not two side mode on input line 122
1.
Package marginnote Info: xpos seems to be 73.87807pt on input line 1221.
Package marginnote Info: Margin note 5148.3 is on absolute page 5148 on input l
ine 1274.
Package marginnote Info: right page because not two side mode on input line 127
4.
Package marginnote Info: xpos seems to be 72.3178pt on input line 1274.
Package marginnote Info: Margin note 5148.4 is on absolute page 5148 on input l
ine 1281.
Package marginnote Info: right page because not two side mode on input line 128
1.
Package marginnote Info: xpos seems to be 64.30997pt on input line 1281.
Package marginnote Info: Margin note 5148.5 is on absolute page 5149 on input l
ine 1286.
Package marginnote Info: right page because not two side mode on input line 128
6.
Package marginnote Info: xpos seems to be 96.55032pt on input line 1286.
 [5148]
Package marginnote Info: Margin note 5149.1 is on absolute page 5149 on input l
ine 1295.
Package marginnote Info: right page because not two side mode on input line 129
5.
Package marginnote Info: xpos seems to be 93.40712pt on input line 1295.
Package marginnote Info: Margin note 5149.2 is on absolute page 5149 on input l
ine 1348.
Package marginnote Info: right page because not two side mode on input line 134
8.
Package marginnote Info: xpos seems to be 71.42181pt on input line 1348.
Package marginnote Info: Margin note 5149.3 is on absolute page 5149 on input l
ine 1355.
Package marginnote Info: right page because not two side mode on input line 135
5.
Package marginnote Info: xpos seems to be 73.17319pt on input line 1355.
Package marginnote Info: Margin note 5149.4 is on absolute page 5150 on input l
ine 1409.
Package marginnote Info: right page because not two side mode on input line 140
9.
Package marginnote Info: xpos seems to be 59.81357pt on input line 1409.
Package marginnote Info: Margin note 5149.5 is on absolute page 5150 on input l
ine 1413.
Package marginnote Info: right page because not two side mode on input line 141
3.
Package marginnote Info: xpos seems to be 265.0571pt on input line 1413.
Package marginnote Info: Margin note 5149.6 is on absolute page 5150 on input l
ine 1417.
Package marginnote Info: right page because not two side mode on input line 141
7.
Package marginnote Info: xpos seems to be 36.135pt on input line 1417.
Package marginnote Info: Margin note 5149.7 is on absolute page 5150 on input l
ine 1421.
Package marginnote Info: right page because not two side mode on input line 142
1.
Package marginnote Info: xpos seems to be 58.18576pt on input line 1421.
Package marginnote Info: Margin note 5149.8 is on absolute page 5150 on input l
ine 1425.
Package marginnote Info: right page because not two side mode on input line 142
5.
Package marginnote Info: xpos seems to be 278.14227pt on input line 1425.
Package marginnote Info: Margin note 5149.9 is on absolute page 5150 on input l
ine 1429.
Package marginnote Info: right page because not two side mode on input line 142
9.
Package marginnote Info: xpos seems to be 264.2699pt on input line 1429.
Package marginnote Info: Margin note 5149.10 is on absolute page 5150 on input 
line 1433.
Package marginnote Info: right page because not two side mode on input line 143
3.
Package marginnote Info: xpos seems to be 121.42914pt on input line 1433.
Package marginnote Info: Margin note 5149.11 is on absolute page 5150 on input 
line 1437.
Package marginnote Info: right page because not two side mode on input line 143
7.
Package marginnote Info: xpos seems to be 278.71443pt on input line 1437.

[5149]
Package marginnote Info: Margin note 5150.1 is on absolute page 5151 on input l
ine 1481.
Package marginnote Info: right page because not two side mode on input line 148
1.
Package marginnote Info: xpos seems to be 61.41489pt on input line 1481.
 [5150]
Package marginnote Info: Margin note 5151.1 is on absolute page 5151 on input l
ine 1490.
Package marginnote Info: right page because not two side mode on input line 149
0.
Package marginnote Info: xpos seems to be 69.15878pt on input line 1490.
Package marginnote Info: Margin note 5151.2 is on absolute page 5151 on input l
ine 1495.
Package marginnote Info: right page because not two side mode on input line 149
5.
Package marginnote Info: xpos seems to be 69.93634pt on input line 1495.
Package marginnote Info: Margin note 5151.3 is on absolute page 5151 on input l
ine 1500.
Package marginnote Info: right page because not two side mode on input line 150
0.
Package marginnote Info: xpos seems to be 71.25517pt on input line 1500.
Package marginnote Info: Margin note 5151.4 is on absolute page 5151 on input l
ine 1505.
Package marginnote Info: right page because not two side mode on input line 150
5.
Package marginnote Info: xpos seems to be 76.29234pt on input line 1505.
Package marginnote Info: Margin note 5151.5 is on absolute page 5151 on input l
ine 1509.
Package marginnote Info: right page because not two side mode on input line 150
9.
Package marginnote Info: xpos seems to be 401.09679pt on input line 1509.
Package marginnote Info: Margin note 5151.6 is on absolute page 5151 on input l
ine 1514.
Package marginnote Info: right page because not two side mode on input line 151
4.
Package marginnote Info: xpos seems to be 69.106pt on input line 1514.
Package marginnote Info: Margin note 5151.7 is on absolute page 5151 on input l
ine 1519.
Package marginnote Info: right page because not two side mode on input line 151
9.
Package marginnote Info: xpos seems to be 75.68231pt on input line 1519.
Package marginnote Info: Margin note 5151.8 is on absolute page 5151 on input l
ine 1524.
Package marginnote Info: right page because not two side mode on input line 152
4.
Package marginnote Info: xpos seems to be 77.11398pt on input line 1524.
Package marginnote Info: Margin note 5151.9 is on absolute page 5151 on input l
ine 1529.
Package marginnote Info: right page because not two side mode on input line 152
9.
Package marginnote Info: xpos seems to be 70.52084pt on input line 1529.
Package marginnote Info: Margin note 5151.10 is on absolute page 5151 on input 
line 1534.
Package marginnote Info: right page because not two side mode on input line 153
4.
Package marginnote Info: xpos seems to be 75.57376pt on input line 1534.
Package marginnote Info: Margin note 5151.11 is on absolute page 5151 on input 
line 1539.
Package marginnote Info: right page because not two side mode on input line 153
9.
Package marginnote Info: xpos seems to be 76.06259pt on input line 1539.
 [5151]
Package marginnote Info: Margin note 5152.1 is on absolute page 5152 on input l
ine 1544.
Package marginnote Info: right page because not two side mode on input line 154
4.
Package marginnote Info: xpos seems to be 75.49442pt on input line 1544.
Package marginnote Info: Margin note 5152.2 is on absolute page 5152 on input l
ine 1590.
Package marginnote Info: right page because not two side mode on input line 159
0.
Package marginnote Info: xpos seems to be 508.14067pt on input line 1590.
Package marginnote Info: Margin note 5152.3 is on absolute page 5152 on input l
ine 1602.
Package marginnote Info: right page because not two side mode on input line 160
2.
Package marginnote Info: xpos seems to be 57.1662pt on input line 1602.
Package marginnote Info: Margin note 5152.4 is on absolute page 5152 on input l
ine 1607.
Package marginnote Info: right page because not two side mode on input line 160
7.
Package marginnote Info: xpos seems to be 60.31111pt on input line 1607.
Package marginnote Info: Margin note 5152.5 is on absolute page 5152 on input l
ine 1612.
Package marginnote Info: right page because not two side mode on input line 161
2.
Package marginnote Info: xpos seems to be 94.11539pt on input line 1612.
Package marginnote Info: Margin note 5152.6 is on absolute page 5152 on input l
ine 1617.
Package marginnote Info: right page because not two side mode on input line 161
7.
Package marginnote Info: xpos seems to be 94.63452pt on input line 1617.
 [5152]
Package marginnote Info: Margin note 5153.1 is on absolute page 5153 on input l
ine 1676.
Package marginnote Info: right page because not two side mode on input line 167
6.
Package marginnote Info: xpos seems to be 86.79462pt on input line 1676.
Package marginnote Info: Margin note 5153.2 is on absolute page 5153 on input l
ine 1684.
Package marginnote Info: right page because not two side mode on input line 168
4.
Package marginnote Info: xpos seems to be 458.64pt on input line 1684.
Package marginnote Info: Margin note 5153.3 is on absolute page 5153 on input l
ine 1688.
Package marginnote Info: right page because not two side mode on input line 168
8.
Package marginnote Info: xpos seems to be 269.99107pt on input line 1688.
Package marginnote Info: Margin note 5153.4 is on absolute page 5153 on input l
ine 1693.
Package marginnote Info: right page because not two side mode on input line 169
3.
Package marginnote Info: xpos seems to be 60.14267pt on input line 1693.
Package marginnote Info: Margin note 5153.5 is on absolute page 5153 on input l
ine 1697.
Package marginnote Info: right page because not two side mode on input line 169
7.
Package marginnote Info: xpos seems to be 205.0289pt on input line 1697.
Package marginnote Info: Margin note 5153.6 is on absolute page 5153 on input l
ine 1702.
Package marginnote Info: right page because not two side mode on input line 170
2.
Package marginnote Info: xpos seems to be 60.25432pt on input line 1702.
Package marginnote Info: Margin note 5153.7 is on absolute page 5153 on input l
ine 1707.
Package marginnote Info: right page because not two side mode on input line 170
7.
Package marginnote Info: xpos seems to be 60.6952pt on input line 1707.
Package marginnote Info: Margin note 5153.8 is on absolute page 5153 on input l
ine 1712.
Package marginnote Info: right page because not two side mode on input line 171
2.
Package marginnote Info: xpos seems to be 56.91559pt on input line 1712.
Package marginnote Info: Margin note 5153.9 is on absolute page 5154 on input l
ine 1717.
Package marginnote Info: right page because not two side mode on input line 171
7.
Package marginnote Info: xpos seems to be 60.27158pt on input line 1717.
 [5153]
Package marginnote Info: Margin note 5154.1 is on absolute page 5154 on input l
ine 1722.
Package marginnote Info: right page because not two side mode on input line 172
2.
Package marginnote Info: xpos seems to be 71.5811pt on input line 1722.
Package marginnote Info: Margin note 5154.2 is on absolute page 5154 on input l
ine 1729.
Package marginnote Info: right page because not two side mode on input line 172
9.
Package marginnote Info: xpos seems to be 68.82211pt on input line 1729.
 [5154]
Package marginnote Info: Margin note 5155.1 is on absolute page 5155 on input l
ine 1829.
Package marginnote Info: right page because not two side mode on input line 182
9.
Package marginnote Info: xpos seems to be 512.38065pt on input line 1829.
Package marginnote Info: Margin note 5155.2 is on absolute page 5155 on input l
ine 1843.
Package marginnote Info: right page because not two side mode on input line 184
3.
Package marginnote Info: xpos seems to be 60.20033pt on input line 1843.
Package marginnote Info: Margin note 5155.3 is on absolute page 5155 on input l
ine 1850.
Package marginnote Info: right page because not two side mode on input line 185
0.
Package marginnote Info: xpos seems to be 91.53297pt on input line 1850.
Package marginnote Info: Margin note 5155.4 is on absolute page 5155 on input l
ine 1854.
Package marginnote Info: right page because not two side mode on input line 185
4.
Package marginnote Info: xpos seems to be 138.5737pt on input line 1854.
Package marginnote Info: Margin note 5155.5 is on absolute page 5155 on input l
ine 1858.
Package marginnote Info: right page because not two side mode on input line 185
8.
Package marginnote Info: xpos seems to be 344.74792pt on input line 1858.
Package marginnote Info: Margin note 5155.6 is on absolute page 5155 on input l
ine 1863.
Package marginnote Info: right page because not two side mode on input line 186
3.
Package marginnote Info: xpos seems to be 61.31253pt on input line 1863.
Package marginnote Info: Margin note 5155.7 is on absolute page 5155 on input l
ine 1868.
Package marginnote Info: right page because not two side mode on input line 186
8.
Package marginnote Info: xpos seems to be 76.92789pt on input line 1868.
 [5155]
Package marginnote Info: Margin note 5156.1 is on absolute page 5157 on input l
ine 2019.
Package marginnote Info: right page because not two side mode on input line 201
9.
Package marginnote Info: xpos seems to be 100.83429pt on input line 2019.
 [5156]
Package marginnote Info: Margin note 5157.1 is on absolute page 5157 on input l
ine 2030.
Package marginnote Info: right page because not two side mode on input line 203
0.
Package marginnote Info: xpos seems to be 64.355pt on input line 2030.
Package marginnote Info: Margin note 5157.2 is on absolute page 5157 on input l
ine 2039.
Package marginnote Info: right page because not two side mode on input line 203
9.
Package marginnote Info: xpos seems to be 72.66489pt on input line 2039.
Package marginnote Info: Margin note 5157.3 is on absolute page 5157 on input l
ine 2097.
Package marginnote Info: right page because not two side mode on input line 209
7.
Package marginnote Info: xpos seems to be 231.73816pt on input line 2097.
Package marginnote Info: Margin note 5157.4 is on absolute page 5157 on input l
ine 2109.
Package marginnote Info: right page because not two side mode on input line 210
9.
Package marginnote Info: xpos seems to be 70.49904pt on input line 2109.
Package marginnote Info: Margin note 5157.5 is on absolute page 5158 on input l
ine 2114.
Package marginnote Info: right page because not two side mode on input line 211
4.
Package marginnote Info: xpos seems to be 70.48352pt on input line 2114.
 [5157]
Package marginnote Info: Margin note 5158.1 is on absolute page 5158 on input l
ine 2121.
Package marginnote Info: right page because not two side mode on input line 212
1.
Package marginnote Info: xpos seems to be 89.24973pt on input line 2121.
Package marginnote Info: Margin note 5158.2 is on absolute page 5158 on input l
ine 2128.
Package marginnote Info: right page because not two side mode on input line 212
8.
Package marginnote Info: xpos seems to be 70.10269pt on input line 2128.
Package marginnote Info: Margin note 5158.3 is on absolute page 5158 on input l
ine 2133.
Package marginnote Info: right page because not two side mode on input line 213
3.
Package marginnote Info: xpos seems to be 74.69543pt on input line 2133.
Package marginnote Info: Margin note 5158.4 is on absolute page 5158 on input l
ine 2138.
Package marginnote Info: right page because not two side mode on input line 213
8.
Package marginnote Info: xpos seems to be 94.34341pt on input line 2138.
Package marginnote Info: Margin note 5158.5 is on absolute page 5158 on input l
ine 2143.
Package marginnote Info: right page because not two side mode on input line 214
3.
Package marginnote Info: xpos seems to be 64.33597pt on input line 2143.
Package marginnote Info: Margin note 5158.6 is on absolute page 5158 on input l
ine 2148.
Package marginnote Info: right page because not two side mode on input line 214
8.
Package marginnote Info: xpos seems to be 102.22644pt on input line 2148.
Package marginnote Info: Margin note 5158.7 is on absolute page 5158 on input l
ine 2153.
Package marginnote Info: right page because not two side mode on input line 215
3.
Package marginnote Info: xpos seems to be 74.76868pt on input line 2153.
 [5158]
Package marginnote Info: Margin note 5159.1 is on absolute page 5159 on input l
ine 2215.
Package marginnote Info: right page because not two side mode on input line 221
5.
Package marginnote Info: xpos seems to be 78.62303pt on input line 2215.
Package marginnote Info: Margin note 5159.2 is on absolute page 5159 on input l
ine 2224.
Package marginnote Info: right page because not two side mode on input line 222
4.
Package marginnote Info: xpos seems to be 104.95435pt on input line 2224.
Package marginnote Info: Margin note 5159.3 is on absolute page 5159 on input l
ine 2233.
Package marginnote Info: right page because not two side mode on input line 223
3.
Package marginnote Info: xpos seems to be 94.5251pt on input line 2233.
Package marginnote Info: Margin note 5159.4 is on absolute page 5160 on input l
ine 2293.
Package marginnote Info: right page because not two side mode on input line 229
3.
Package marginnote Info: xpos seems to be 57.07104pt on input line 2293.
Package marginnote Info: Margin note 5159.5 is on absolute page 5160 on input l
ine 2297.
Package marginnote Info: right page because not two side mode on input line 229
7.
Package marginnote Info: xpos seems to be 294.46887pt on input line 2297.
Package marginnote Info: Margin note 5159.6 is on absolute page 5160 on input l
ine 2301.
Package marginnote Info: right page because not two side mode on input line 230
1.
Package marginnote Info: xpos seems to be 290.80583pt on input line 2301.
Package marginnote Info: Margin note 5159.7 is on absolute page 5160 on input l
ine 2305.
Package marginnote Info: right page because not two side mode on input line 230
5.
Package marginnote Info: xpos seems to be 292.80829pt on input line 2305.
 [5159]
Package marginnote Info: Margin note 5160.1 is on absolute page 5160 on input l
ine 2353.
Package marginnote Info: right page because not two side mode on input line 235
3.
Package marginnote Info: xpos seems to be 85.62804pt on input line 2353.
Package marginnote Info: Margin note 5160.2 is on absolute page 5160 on input l
ine 2357.
Package marginnote Info: right page because not two side mode on input line 235
7.
Package marginnote Info: xpos seems to be 196.44695pt on input line 2357.
Package marginnote Info: Margin note 5160.3 is on absolute page 5160 on input l
ine 2361.
Package marginnote Info: right page because not two side mode on input line 236
1.
Package marginnote Info: xpos seems to be 360.98563pt on input line 2361.
Package marginnote Info: Margin note 5160.4 is on absolute page 5160 on input l
ine 2365.
Package marginnote Info: right page because not two side mode on input line 236
5.
Package marginnote Info: xpos seems to be 382.75449pt on input line 2365.
Package marginnote Info: Margin note 5160.5 is on absolute page 5160 on input l
ine 2369.
Package marginnote Info: right page because not two side mode on input line 236
9.
Package marginnote Info: xpos seems to be 356.88376pt on input line 2369.

[5160]
Package marginnote Info: Margin note 5161.1 is on absolute page 5161 on input l
ine 2374.
Package marginnote Info: right page because not two side mode on input line 237
4.
Package marginnote Info: xpos seems to be 72.83531pt on input line 2374.
Package marginnote Info: Margin note 5161.2 is on absolute page 5161 on input l
ine 2421.
Package marginnote Info: right page because not two side mode on input line 242
1.
Package marginnote Info: xpos seems to be 92.76459pt on input line 2421.
Package marginnote Info: Margin note 5161.3 is on absolute page 5161 on input l
ine 2428.
Package marginnote Info: right page because not two side mode on input line 242
8.
Package marginnote Info: xpos seems to be 70.18442pt on input line 2428.
Package marginnote Info: Margin note 5161.4 is on absolute page 5161 on input l
ine 2432.
Package marginnote Info: right page because not two side mode on input line 243
2.
Package marginnote Info: xpos seems to be 268.94612pt on input line 2432.
Package marginnote Info: Margin note 5161.5 is on absolute page 5161 on input l
ine 2437.
Package marginnote Info: right page because not two side mode on input line 243
7.
Package marginnote Info: xpos seems to be 67.71983pt on input line 2437.
Package marginnote Info: Margin note 5161.6 is on absolute page 5161 on input l
ine 2442.
Package marginnote Info: right page because not two side mode on input line 244
2.
Package marginnote Info: xpos seems to be 67.19778pt on input line 2442.
Package marginnote Info: Margin note 5161.7 is on absolute page 5161 on input l
ine 2449.
Package marginnote Info: right page because not two side mode on input line 244
9.
Package marginnote Info: xpos seems to be 70.68219pt on input line 2449.
 [5161]
Package marginnote Info: Margin note 5162.1 is on absolute page 5162 on input l
ine 2456.
Package marginnote Info: right page because not two side mode on input line 245
6.
Package marginnote Info: xpos seems to be 60.85405pt on input line 2456.
Package marginnote Info: Margin note 5162.2 is on absolute page 5162 on input l
ine 2461.
Package marginnote Info: right page because not two side mode on input line 246
1.
Package marginnote Info: xpos seems to be 67.40068pt on input line 2461.
Package marginnote Info: Margin note 5162.3 is on absolute page 5162 on input l
ine 2468.
Package marginnote Info: right page because not two side mode on input line 246
8.
Package marginnote Info: xpos seems to be 62.71288pt on input line 2468.
Package marginnote Info: Margin note 5162.4 is on absolute page 5162 on input l
ine 2517.
Package marginnote Info: right page because not two side mode on input line 251
7.
Package marginnote Info: xpos seems to be 62.72263pt on input line 2517.
Package marginnote Info: Margin note 5162.5 is on absolute page 5162 on input l
ine 2522.
Package marginnote Info: right page because not two side mode on input line 252
2.
Package marginnote Info: xpos seems to be 79.6401pt on input line 2522.
Package marginnote Info: Margin note 5162.6 is on absolute page 5162 on input l
ine 2526.
Package marginnote Info: right page because not two side mode on input line 252
6.
Package marginnote Info: xpos seems to be 315.04503pt on input line 2526.
Package marginnote Info: Margin note 5162.7 is on absolute page 5162 on input l
ine 2530.
Package marginnote Info: right page because not two side mode on input line 253
0.
Package marginnote Info: xpos seems to be 233.69476pt on input line 2530.
Package marginnote Info: Margin note 5162.8 is on absolute page 5163 on input l
ine 2535.
Package marginnote Info: right page because not two side mode on input line 253
5.
Package marginnote Info: xpos seems to be 113.89857pt on input line 2535.
Package marginnote Info: Margin note 5162.9 is on absolute page 5163 on input l
ine 2539.
Package marginnote Info: right page because not two side mode on input line 253
9.
Package marginnote Info: xpos seems to be 537.6852pt on input line 2539.
 [5162]
Package marginnote Info: Margin note 5163.1 is on absolute page 5163 on input l
ine 2544.
Package marginnote Info: right page because not two side mode on input line 254
4.
Package marginnote Info: xpos seems to be 97.9996pt on input line 2544.
Package marginnote Info: Margin note 5163.2 is on absolute page 5163 on input l
ine 2548.
Package marginnote Info: right page because not two side mode on input line 254
8.
Package marginnote Info: xpos seems to be 194.34633pt on input line 2548.
Package marginnote Info: Margin note 5163.3 is on absolute page 5163 on input l
ine 2553.
Package marginnote Info: right page because not two side mode on input line 255
3.
Package marginnote Info: xpos seems to be 76.70638pt on input line 2553.
Package marginnote Info: Margin note 5163.4 is on absolute page 5163 on input l
ine 2558.
Package marginnote Info: right page because not two side mode on input line 255
8.
Package marginnote Info: xpos seems to be 62.57375pt on input line 2558.
Package marginnote Info: Margin note 5163.5 is on absolute page 5163 on input l
ine 2563.
Package marginnote Info: right page because not two side mode on input line 256
3.
Package marginnote Info: xpos seems to be 73.02008pt on input line 2563.
Package marginnote Info: Margin note 5163.6 is on absolute page 5163 on input l
ine 2567.
Package marginnote Info: right page because not two side mode on input line 256
7.
Package marginnote Info: xpos seems to be 406.60352pt on input line 2567.
Package marginnote Info: Margin note 5163.7 is on absolute page 5163 on input l
ine 2571.
Package marginnote Info: right page because not two side mode on input line 257
1.
Package marginnote Info: xpos seems to be 156.07431pt on input line 2571.
Package marginnote Info: Margin note 5163.8 is on absolute page 5163 on input l
ine 2576.
Package marginnote Info: right page because not two side mode on input line 257
6.
Package marginnote Info: xpos seems to be 70.56493pt on input line 2576.
Package marginnote Info: Margin note 5163.9 is on absolute page 5163 on input l
ine 2580.
Package marginnote Info: right page because not two side mode on input line 258
0.
Package marginnote Info: xpos seems to be 335.17511pt on input line 2580.
Package marginnote Info: Margin note 5163.10 is on absolute page 5163 on input 
line 2585.
Package marginnote Info: right page because not two side mode on input line 258
5.
Package marginnote Info: xpos seems to be 66.71416pt on input line 2585.
Package marginnote Info: Margin note 5163.11 is on absolute page 5163 on input 
line 2590.
Package marginnote Info: right page because not two side mode on input line 259
0.
Package marginnote Info: xpos seems to be 75.80426pt on input line 2590.
Package marginnote Info: Margin note 5163.12 is on absolute page 5163 on input 
line 2594.
Package marginnote Info: right page because not two side mode on input line 259
4.
Package marginnote Info: xpos seems to be 87.45049pt on input line 2594.
Package marginnote Info: Margin note 5163.13 is on absolute page 5164 on input 
line 2598.
Package marginnote Info: right page because not two side mode on input line 259
8.
Package marginnote Info: xpos seems to be 334.81177pt on input line 2598.
Package marginnote Info: Margin note 5163.14 is on absolute page 5164 on input 
line 2602.
Package marginnote Info: right page because not two side mode on input line 260
2.
Package marginnote Info: xpos seems to be 110.04471pt on input line 2602.
 [5163]
Package marginnote Info: Margin note 5164.1 is on absolute page 5164 on input l
ine 2607.
Package marginnote Info: right page because not two side mode on input line 260
7.
Package marginnote Info: xpos seems to be 70.09642pt on input line 2607.
Package marginnote Info: Margin note 5164.2 is on absolute page 5164 on input l
ine 2611.
Package marginnote Info: right page because not two side mode on input line 261
1.
Package marginnote Info: xpos seems to be 186.09549pt on input line 2611.
Package marginnote Info: Margin note 5164.3 is on absolute page 5164 on input l
ine 2616.
Package marginnote Info: right page because not two side mode on input line 261
6.
Package marginnote Info: xpos seems to be 60.36037pt on input line 2616.
Package marginnote Info: Margin note 5164.4 is on absolute page 5164 on input l
ine 2621.
Package marginnote Info: right page because not two side mode on input line 262
1.
Package marginnote Info: xpos seems to be 67.331pt on input line 2621.
Package marginnote Info: Margin note 5164.5 is on absolute page 5164 on input l
ine 2630.
Package marginnote Info: right page because not two side mode on input line 263
0.
Package marginnote Info: xpos seems to be 60.68314pt on input line 2630.
Package marginnote Info: Margin note 5164.6 is on absolute page 5164 on input l
ine 2634.
Package marginnote Info: right page because not two side mode on input line 263
4.
Package marginnote Info: xpos seems to be 216.63857pt on input line 2634.
 [5164]
Package marginnote Info: Margin note 5165.1 is on absolute page 5165 on input l
ine 2684.
Package marginnote Info: right page because not two side mode on input line 268
4.
Package marginnote Info: xpos seems to be 486.08101pt on input line 2684.
Package marginnote Info: Margin note 5165.2 is on absolute page 5165 on input l
ine 2702.
Package marginnote Info: right page because not two side mode on input line 270
2.
Package marginnote Info: xpos seems to be 67.6635pt on input line 2702.
Package marginnote Info: Margin note 5165.3 is on absolute page 5165 on input l
ine 2709.
Package marginnote Info: right page because not two side mode on input line 270
9.
Package marginnote Info: xpos seems to be 75.12173pt on input line 2709.
Package marginnote Info: Margin note 5165.4 is on absolute page 5165 on input l
ine 2716.
Package marginnote Info: right page because not two side mode on input line 271
6.
Package marginnote Info: xpos seems to be 70.4227pt on input line 2716.
Package marginnote Info: Margin note 5165.5 is on absolute page 5165 on input l
ine 2723.
Package marginnote Info: right page because not two side mode on input line 272
3.
Package marginnote Info: xpos seems to be 60.69212pt on input line 2723.
 [5165]
Package marginnote Info: Margin note 5166.1 is on absolute page 5166 on input l
ine 2782.
Package marginnote Info: right page because not two side mode on input line 278
2.
Package marginnote Info: xpos seems to be 56.135pt on input line 2782.
Package marginnote Info: Margin note 5166.2 is on absolute page 5166 on input l
ine 2788.
Package marginnote Info: right page because not two side mode on input line 278
8.
Package marginnote Info: xpos seems to be 557.84198pt on input line 2788.
Package marginnote Info: Margin note 5166.3 is on absolute page 5166 on input l
ine 2793.
Package marginnote Info: right page because not two side mode on input line 279
3.
Package marginnote Info: xpos seems to be 71.73853pt on input line 2793.
Package marginnote Info: Margin note 5166.4 is on absolute page 5166 on input l
ine 2853.
Package marginnote Info: right page because not two side mode on input line 285
3.
Package marginnote Info: xpos seems to be 439.45592pt on input line 2853.
Package marginnote Info: Margin note 5166.5 is on absolute page 5167 on input l
ine 2864.
Package marginnote Info: right page because not two side mode on input line 286
4.
Package marginnote Info: xpos seems to be 356.93738pt on input line 2864.
 [5166]
Package marginnote Info: Margin note 5167.1 is on absolute page 5167 on input l
ine 2869.
Package marginnote Info: right page because not two side mode on input line 286
9.
Package marginnote Info: xpos seems to be 70.96527pt on input line 2869.
Package marginnote Info: Margin note 5167.2 is on absolute page 5167 on input l
ine 2874.
Package marginnote Info: right page because not two side mode on input line 287
4.
Package marginnote Info: xpos seems to be 60.99838pt on input line 2874.
Package marginnote Info: Margin note 5167.3 is on absolute page 5167 on input l
ine 2878.
Package marginnote Info: right page because not two side mode on input line 287
8.
Package marginnote Info: xpos seems to be 484.62708pt on input line 2878.
Package marginnote Info: Margin note 5167.4 is on absolute page 5167 on input l
ine 2883.
Package marginnote Info: right page because not two side mode on input line 288
3.
Package marginnote Info: xpos seems to be 78.8467pt on input line 2883.
Package marginnote Info: Margin note 5167.5 is on absolute page 5167 on input l
ine 2888.
Package marginnote Info: right page because not two side mode on input line 288
8.
Package marginnote Info: xpos seems to be 57.05667pt on input line 2888.
Package marginnote Info: Margin note 5167.6 is on absolute page 5167 on input l
ine 2892.
Package marginnote Info: right page because not two side mode on input line 289
2.
Package marginnote Info: xpos seems to be 408.23618pt on input line 2892.
Package marginnote Info: Margin note 5167.7 is on absolute page 5167 on input l
ine 2897.
Package marginnote Info: right page because not two side mode on input line 289
7.
Package marginnote Info: xpos seems to be 57.01079pt on input line 2897.
 [5167]
Package marginnote Info: Margin note 5168.1 is on absolute page 5168 on input l
ine 2902.
Package marginnote Info: right page because not two side mode on input line 290
2.
Package marginnote Info: xpos seems to be 60.45627pt on input line 2902.
Package marginnote Info: Margin note 5168.2 is on absolute page 5168 on input l
ine 2909.
Package marginnote Info: right page because not two side mode on input line 290
9.
Package marginnote Info: xpos seems to be 78.98775pt on input line 2909.
Package marginnote Info: Margin note 5168.3 is on absolute page 5168 on input l
ine 2916.
Package marginnote Info: right page because not two side mode on input line 291
6.
Package marginnote Info: xpos seems to be 71.53278pt on input line 2916.
Package marginnote Info: Margin note 5168.4 is on absolute page 5168 on input l
ine 2923.
Package marginnote Info: right page because not two side mode on input line 292
3.
Package marginnote Info: xpos seems to be 56.50862pt on input line 2923.
Package marginnote Info: Margin note 5168.5 is on absolute page 5168 on input l
ine 2928.
Package marginnote Info: right page because not two side mode on input line 292
8.
Package marginnote Info: xpos seems to be 89.56792pt on input line 2928.
Package marginnote Info: Margin note 5168.6 is on absolute page 5168 on input l
ine 2933.
Package marginnote Info: right page because not two side mode on input line 293
3.
Package marginnote Info: xpos seems to be 67.81474pt on input line 2933.
Package marginnote Info: Margin note 5168.7 is on absolute page 5168 on input l
ine 2937.
Package marginnote Info: right page because not two side mode on input line 293
7.
Package marginnote Info: xpos seems to be 92.95784pt on input line 2937.
Package marginnote Info: Margin note 5168.8 is on absolute page 5168 on input l
ine 2942.
Package marginnote Info: right page because not two side mode on input line 294
2.
Package marginnote Info: xpos seems to be 57.2131pt on input line 2942.
Package marginnote Info: Margin note 5168.9 is on absolute page 5169 on input l
ine 2946.
Package marginnote Info: right page because not two side mode on input line 294
6.
Package marginnote Info: xpos seems to be 428.43932pt on input line 2946.
 [5168]
Package marginnote Info: Margin note 5169.1 is on absolute page 5169 on input l
ine 2951.
Package marginnote Info: right page because not two side mode on input line 295
1.
Package marginnote Info: xpos seems to be 67.51556pt on input line 2951.
Package marginnote Info: Margin note 5169.2 is on absolute page 5169 on input l
ine 2960.
Package marginnote Info: right page because not two side mode on input line 296
0.
Package marginnote Info: xpos seems to be 75.6899pt on input line 2960.
)
(./gospel_early_mormon_sources_1841.tex [5169]
Package marginnote Info: Margin note 5170.1 is on absolute page 5170 on input l
ine 64.
Package marginnote Info: right page because not two side mode on input line 64.

Package marginnote Info: xpos seems to be 58.55331pt on input line 64.
Package marginnote Info: Margin note 5170.2 is on absolute page 5170 on input l
ine 71.
Package marginnote Info: right page because not two side mode on input line 71.

Package marginnote Info: xpos seems to be 75.44763pt on input line 71.
Package marginnote Info: Margin note 5170.3 is on absolute page 5170 on input l
ine 75.
Package marginnote Info: right page because not two side mode on input line 75.

Package marginnote Info: xpos seems to be 328.2516pt on input line 75.
Package marginnote Info: Margin note 5170.4 is on absolute page 5170 on input l
ine 79.
Package marginnote Info: right page because not two side mode on input line 79.

Package marginnote Info: xpos seems to be 76.52968pt on input line 79.
 [5170

]
Package marginnote Info: Margin note 5171.1 is on absolute page 5171 on input l
ine 124.
Package marginnote Info: right page because not two side mode on input line 124
.
Package marginnote Info: xpos seems to be 166.24095pt on input line 124.
Package marginnote Info: Margin note 5171.2 is on absolute page 5171 on input l
ine 132.
Package marginnote Info: right page because not two side mode on input line 132
.
Package marginnote Info: xpos seems to be 65.22322pt on input line 132.
Package marginnote Info: Margin note 5171.3 is on absolute page 5171 on input l
ine 139.
Package marginnote Info: right page because not two side mode on input line 139
.
Package marginnote Info: xpos seems to be 69.97292pt on input line 139.
Package marginnote Info: Margin note 5171.4 is on absolute page 5171 on input l
ine 148.
Package marginnote Info: right page because not two side mode on input line 148
.
Package marginnote Info: xpos seems to be 487.08199pt on input line 148.
Package marginnote Info: Margin note 5171.5 is on absolute page 5171 on input l
ine 156.
Package marginnote Info: right page because not two side mode on input line 156
.
Package marginnote Info: xpos seems to be 296.10654pt on input line 156.
Package marginnote Info: Margin note 5171.6 is on absolute page 5171 on input l
ine 162.
Package marginnote Info: right page because not two side mode on input line 162
.
Package marginnote Info: xpos seems to be 291.24265pt on input line 162.
Package marginnote Info: Margin note 5171.7 is on absolute page 5171 on input l
ine 169.
Package marginnote Info: right page because not two side mode on input line 169
.
Package marginnote Info: xpos seems to be 131.8124pt on input line 169.
Package marginnote Info: Margin note 5171.8 is on absolute page 5171 on input l
ine 174.
Package marginnote Info: right page because not two side mode on input line 174
.
Package marginnote Info: xpos seems to be 72.7347pt on input line 174.
Package marginnote Info: Margin note 5171.9 is on absolute page 5172 on input l
ine 218.
Package marginnote Info: right page because not two side mode on input line 218
.
Package marginnote Info: xpos seems to be 160.92087pt on input line 218.
 [5171]
Package marginnote Info: Margin note 5172.1 is on absolute page 5172 on input l
ine 224.
Package marginnote Info: right page because not two side mode on input line 224
.
Package marginnote Info: xpos seems to be 288.12265pt on input line 224.
Package marginnote Info: Margin note 5172.2 is on absolute page 5172 on input l
ine 231.
Package marginnote Info: right page because not two side mode on input line 231
.
Package marginnote Info: xpos seems to be 180.89238pt on input line 231.
Package marginnote Info: Margin note 5172.3 is on absolute page 5172 on input l
ine 235.
Package marginnote Info: right page because not two side mode on input line 235
.
Package marginnote Info: xpos seems to be 357.0031pt on input line 235.
Package marginnote Info: Margin note 5172.4 is on absolute page 5172 on input l
ine 285.
Package marginnote Info: right page because not two side mode on input line 285
.
Package marginnote Info: xpos seems to be 90.59468pt on input line 285.
Package marginnote Info: Margin note 5172.5 is on absolute page 5172 on input l
ine 294.
Package marginnote Info: right page because not two side mode on input line 294
.
Package marginnote Info: xpos seems to be 94.27032pt on input line 294.
Package marginnote Info: Margin note 5172.6 is on absolute page 5172 on input l
ine 301.
Package marginnote Info: right page because not two side mode on input line 301
.
Package marginnote Info: xpos seems to be 67.07529pt on input line 301.
 [5172]
Package marginnote Info: Margin note 5173.1 is on absolute page 5173 on input l
ine 347.
Package marginnote Info: right page because not two side mode on input line 347
.
Package marginnote Info: xpos seems to be 175.9535pt on input line 347.
Package marginnote Info: Margin note 5173.2 is on absolute page 5173 on input l
ine 361.
Package marginnote Info: right page because not two side mode on input line 361
.
Package marginnote Info: xpos seems to be 72.71036pt on input line 361.
Package marginnote Info: Margin note 5173.3 is on absolute page 5173 on input l
ine 365.
Package marginnote Info: right page because not two side mode on input line 365
.
Package marginnote Info: xpos seems to be 239.561pt on input line 365.
Package marginnote Info: Margin note 5173.4 is on absolute page 5173 on input l
ine 370.
Package marginnote Info: right page because not two side mode on input line 370
.
Package marginnote Info: xpos seems to be 67.47348pt on input line 370.
Package marginnote Info: Margin note 5173.5 is on absolute page 5173 on input l
ine 374.
Package marginnote Info: right page because not two side mode on input line 374
.
Package marginnote Info: xpos seems to be 366.26915pt on input line 374.
Package marginnote Info: Margin note 5173.6 is on absolute page 5173 on input l
ine 379.
Package marginnote Info: right page because not two side mode on input line 379
.
Package marginnote Info: xpos seems to be 70.11346pt on input line 379.
Package marginnote Info: Margin note 5173.7 is on absolute page 5173 on input l
ine 384.
Package marginnote Info: right page because not two side mode on input line 384
.
Package marginnote Info: xpos seems to be 70.45453pt on input line 384.
Package marginnote Info: Margin note 5173.8 is on absolute page 5174 on input l
ine 389.
Package marginnote Info: right page because not two side mode on input line 389
.
Package marginnote Info: xpos seems to be 86.18973pt on input line 389.
Package marginnote Info: Margin note 5173.9 is on absolute page 5174 on input l
ine 393.
Package marginnote Info: right page because not two side mode on input line 393
.
Package marginnote Info: xpos seems to be 450.04707pt on input line 393.
 [5173]
Package marginnote Info: Margin note 5174.1 is on absolute page 5174 on input l
ine 398.
Package marginnote Info: right page because not two side mode on input line 398
.
Package marginnote Info: xpos seems to be 70.79077pt on input line 398.
Package marginnote Info: Margin note 5174.2 is on absolute page 5174 on input l
ine 405.
Package marginnote Info: right page because not two side mode on input line 405
.
Package marginnote Info: xpos seems to be 70.6716pt on input line 405.
Package marginnote Info: Margin note 5174.3 is on absolute page 5174 on input l
ine 410.
Package marginnote Info: right page because not two side mode on input line 410
.
Package marginnote Info: xpos seems to be 70.22975pt on input line 410.
Package marginnote Info: Margin note 5174.4 is on absolute page 5174 on input l
ine 415.
Package marginnote Info: right page because not two side mode on input line 415
.
Package marginnote Info: xpos seems to be 70.83734pt on input line 415.
Package marginnote Info: Margin note 5174.5 is on absolute page 5174 on input l
ine 419.
Package marginnote Info: right page because not two side mode on input line 419
.
Package marginnote Info: xpos seems to be 286.19861pt on input line 419.
Package marginnote Info: Margin note 5174.6 is on absolute page 5174 on input l
ine 424.
Package marginnote Info: right page because not two side mode on input line 424
.
Package marginnote Info: xpos seems to be 67.4833pt on input line 424.
Package marginnote Info: Margin note 5174.7 is on absolute page 5174 on input l
ine 428.
Package marginnote Info: right page because not two side mode on input line 428
.
Package marginnote Info: xpos seems to be 255.35342pt on input line 428.
Package marginnote Info: Margin note 5174.8 is on absolute page 5175 on input l
ine 433.
Package marginnote Info: right page because not two side mode on input line 433
.
Package marginnote Info: xpos seems to be 76.54965pt on input line 433.
Package marginnote Info: Margin note 5174.9 is on absolute page 5175 on input l
ine 437.
Package marginnote Info: right page because not two side mode on input line 437
.
Package marginnote Info: xpos seems to be 178.38281pt on input line 437.

[5174]
Package marginnote Info: Margin note 5175.1 is on absolute page 5175 on input l
ine 442.
Package marginnote Info: right page because not two side mode on input line 442
.
Package marginnote Info: xpos seems to be 76.54367pt on input line 442.
Package marginnote Info: Margin note 5175.2 is on absolute page 5175 on input l
ine 447.
Package marginnote Info: right page because not two side mode on input line 447
.
Package marginnote Info: xpos seems to be 60.62961pt on input line 447.
Package marginnote Info: Margin note 5175.3 is on absolute page 5175 on input l
ine 452.
Package marginnote Info: right page because not two side mode on input line 452
.
Package marginnote Info: xpos seems to be 60.25598pt on input line 452.
Package marginnote Info: Margin note 5175.4 is on absolute page 5175 on input l
ine 456.
Package marginnote Info: right page because not two side mode on input line 456
.
Package marginnote Info: xpos seems to be 224.06314pt on input line 456.
Package marginnote Info: Margin note 5175.5 is on absolute page 5175 on input l
ine 461.
Package marginnote Info: right page because not two side mode on input line 461
.
Package marginnote Info: xpos seems to be 62.78194pt on input line 461.
Package marginnote Info: Margin note 5175.6 is on absolute page 5175 on input l
ine 466.
Package marginnote Info: right page because not two side mode on input line 466
.
Package marginnote Info: xpos seems to be 72.04834pt on input line 466.
Package marginnote Info: Margin note 5175.7 is on absolute page 5175 on input l
ine 477.
Package marginnote Info: right page because not two side mode on input line 477
.
Package marginnote Info: xpos seems to be 67.0888pt on input line 477.
Package marginnote Info: Margin note 5175.8 is on absolute page 5175 on input l
ine 481.
Package marginnote Info: right page because not two side mode on input line 481
.
Package marginnote Info: xpos seems to be 153.56044pt on input line 481.
Package marginnote Info: Margin note 5175.9 is on absolute page 5175 on input l
ine 486.
Package marginnote Info: right page because not two side mode on input line 486
.
Package marginnote Info: xpos seems to be 62.65906pt on input line 486.
 [5175]
Package marginnote Info: Margin note 5176.1 is on absolute page 5176 on input l
ine 491.
Package marginnote Info: right page because not two side mode on input line 491
.
Package marginnote Info: xpos seems to be 67.51042pt on input line 491.
 [5176] [5177] [5178] [5179] [5180]
Package marginnote Info: Margin note 5181.1 is on absolute page 5181 on input l
ine 722.
Package marginnote Info: right page because not two side mode on input line 722
.
Package marginnote Info: xpos seems to be 471.94565pt on input line 722.
Package marginnote Info: Margin note 5181.2 is on absolute page 5181 on input l
ine 732.
Package marginnote Info: right page because not two side mode on input line 732
.
Package marginnote Info: xpos seems to be 60.35202pt on input line 732.
Package marginnote Info: Margin note 5181.3 is on absolute page 5181 on input l
ine 737.
Package marginnote Info: right page because not two side mode on input line 737
.
Package marginnote Info: xpos seems to be 56.83743pt on input line 737.
 [5181]
Package marginnote Info: Margin note 5182.1 is on absolute page 5182 on input l
ine 744.
Package marginnote Info: right page because not two side mode on input line 744
.
Package marginnote Info: xpos seems to be 64.51843pt on input line 744.
Package marginnote Info: Margin note 5182.2 is on absolute page 5182 on input l
ine 757.
Package marginnote Info: right page because not two side mode on input line 757
.
Package marginnote Info: xpos seems to be 67.04343pt on input line 757.
Package marginnote Info: Margin note 5182.3 is on absolute page 5182 on input l
ine 770.
Package marginnote Info: right page because not two side mode on input line 770
.
Package marginnote Info: xpos seems to be 64.52867pt on input line 770.
 [5182]
Package marginnote Info: Margin note 5183.1 is on absolute page 5183 on input l
ine 889.
Package marginnote Info: right page because not two side mode on input line 889
.
Package marginnote Info: xpos seems to be 75.15465pt on input line 889.
Package marginnote Info: Margin note 5183.2 is on absolute page 5183 on input l
ine 898.
Package marginnote Info: right page because not two side mode on input line 898
.
Package marginnote Info: xpos seems to be 75.07936pt on input line 898.
Package marginnote Info: Margin note 5183.3 is on absolute page 5183 on input l
ine 903.
Package marginnote Info: right page because not two side mode on input line 903
.
Package marginnote Info: xpos seems to be 83.64738pt on input line 903.
Package marginnote Info: Margin note 5183.4 is on absolute page 5183 on input l
ine 953.
Package marginnote Info: right page because not two side mode on input line 953
.
Package marginnote Info: xpos seems to be 76.99498pt on input line 953.
Package marginnote Info: Margin note 5183.5 is on absolute page 5183 on input l
ine 958.
Package marginnote Info: right page because not two side mode on input line 958
.
Package marginnote Info: xpos seems to be 82.58711pt on input line 958.
 [5183]
Package marginnote Info: Margin note 5184.1 is on absolute page 5184 on input l
ine 1053.
Package marginnote Info: right page because not two side mode on input line 105
3.
Package marginnote Info: xpos seems to be 467.97064pt on input line 1053.
Package marginnote Info: Margin note 5184.2 is on absolute page 5184 on input l
ine 1063.
Package marginnote Info: right page because not two side mode on input line 106
3.
Package marginnote Info: xpos seems to be 56.97258pt on input line 1063.
 [5184]
Package marginnote Info: Margin note 5185.1 is on absolute page 5185 on input l
ine 1166.
Package marginnote Info: right page because not two side mode on input line 116
6.
Package marginnote Info: xpos seems to be 85.28554pt on input line 1166.
Package marginnote Info: Margin note 5185.2 is on absolute page 5185 on input l
ine 1170.
Package marginnote Info: right page because not two side mode on input line 117
0.
Package marginnote Info: xpos seems to be 349.94708pt on input line 1170.
Package marginnote Info: Margin note 5185.3 is on absolute page 5185 on input l
ine 1177.
Package marginnote Info: right page because not two side mode on input line 117
7.
Package marginnote Info: xpos seems to be 83.40994pt on input line 1177.

[5185]
Package marginnote Info: Margin note 5186.1 is on absolute page 5186 on input l
ine 1275.
Package marginnote Info: right page because not two side mode on input line 127
5.
Package marginnote Info: xpos seems to be 76.10759pt on input line 1275.
Package marginnote Info: Margin note 5186.2 is on absolute page 5186 on input l
ine 1279.
Package marginnote Info: right page because not two side mode on input line 127
9.
Package marginnote Info: xpos seems to be 53.5419pt on input line 1279.
 [5186]
Package marginnote Info: Margin note 5187.1 is on absolute page 5187 on input l
ine 1325.
Package marginnote Info: right page because not two side mode on input line 132
5.
Package marginnote Info: xpos seems to be 446.91122pt on input line 1325.
Package marginnote Info: Margin note 5187.2 is on absolute page 5187 on input l
ine 1334.
Package marginnote Info: right page because not two side mode on input line 133
4.
Package marginnote Info: xpos seems to be 456.36476pt on input line 1334.
Package marginnote Info: Margin note 5187.3 is on absolute page 5187 on input l
ine 1387.
Package marginnote Info: right page because not two side mode on input line 138
7.
Package marginnote Info: xpos seems to be 82.79726pt on input line 1387.
Package marginnote Info: Margin note 5187.4 is on absolute page 5187 on input l
ine 1392.
Package marginnote Info: right page because not two side mode on input line 139
2.
Package marginnote Info: xpos seems to be 64.35706pt on input line 1392.
 [5187]
Package marginnote Info: Margin note 5188.1 is on absolute page 5188 on input l
ine 1437.
Package marginnote Info: right page because not two side mode on input line 143
7.
Package marginnote Info: xpos seems to be 318.52187pt on input line 1437.
Package marginnote Info: Margin note 5188.2 is on absolute page 5188 on input l
ine 1447.
Package marginnote Info: right page because not two side mode on input line 144
7.
Package marginnote Info: xpos seems to be 75.43213pt on input line 1447.
Package marginnote Info: Margin note 5188.3 is on absolute page 5188 on input l
ine 1451.
Package marginnote Info: right page because not two side mode on input line 145
1.
Package marginnote Info: xpos seems to be 116.1027pt on input line 1451.
Package marginnote Info: Margin note 5188.4 is on absolute page 5188 on input l
ine 1455.
Package marginnote Info: right page because not two side mode on input line 145
5.
Package marginnote Info: xpos seems to be 226.06447pt on input line 1455.
Package marginnote Info: Margin note 5188.5 is on absolute page 5188 on input l
ine 1460.
Package marginnote Info: right page because not two side mode on input line 146
0.
Package marginnote Info: xpos seems to be 73.8866pt on input line 1460.
Package marginnote Info: Margin note 5188.6 is on absolute page 5188 on input l
ine 1467.
Package marginnote Info: right page because not two side mode on input line 146
7.
Package marginnote Info: xpos seems to be 60.29672pt on input line 1467.
Package marginnote Info: Margin note 5188.7 is on absolute page 5188 on input l
ine 1474.
Package marginnote Info: right page because not two side mode on input line 147
4.
Package marginnote Info: xpos seems to be 89.35832pt on input line 1474.
Package marginnote Info: Margin note 5188.8 is on absolute page 5188 on input l
ine 1479.
Package marginnote Info: right page because not two side mode on input line 147
9.
Package marginnote Info: xpos seems to be 73.24922pt on input line 1479.
Package marginnote Info: Margin note 5188.9 is on absolute page 5188 on input l
ine 1484.
Package marginnote Info: right page because not two side mode on input line 148
4.
Package marginnote Info: xpos seems to be 72.71283pt on input line 1484.
 [5188
pdfTeX warning (ext4): destination with the same identifier (name{EMS-1841-JS-C
IR-21-MAR-1841-MC-b}) has been already used, duplicate ignored
<argument> ...shipout:D \box_use:N \l_shipout_box 
                                                  \__shipout_drop_firstpage_...
l.1511 				\end{description}
                            ]
Package marginnote Info: Margin note 5189.1 is on absolute page 5189 on input l
ine 1534.
Package marginnote Info: right page because not two side mode on input line 153
4.
Package marginnote Info: xpos seems to be 75.67879pt on input line 1534.
Package marginnote Info: Margin note 5189.2 is on absolute page 5189 on input l
ine 1539.
Package marginnote Info: right page because not two side mode on input line 153
9.
Package marginnote Info: xpos seems to be 64.48976pt on input line 1539.
Package marginnote Info: Margin note 5189.3 is on absolute page 5189 on input l
ine 1543.
Package marginnote Info: right page because not two side mode on input line 154
3.
Package marginnote Info: xpos seems to be 540.88484pt on input line 1543.
Package marginnote Info: Margin note 5189.4 is on absolute page 5189 on input l
ine 1547.
Package marginnote Info: right page because not two side mode on input line 154
7.
Package marginnote Info: xpos seems to be 510.9338pt on input line 1547.
Package marginnote Info: Margin note 5189.5 is on absolute page 5189 on input l
ine 1597.
Package marginnote Info: right page because not two side mode on input line 159
7.
Package marginnote Info: xpos seems to be 75.79865pt on input line 1597.
Package marginnote Info: Margin note 5189.6 is on absolute page 5189 on input l
ine 1602.
Package marginnote Info: right page because not two side mode on input line 160
2.
Package marginnote Info: xpos seems to be 101.31105pt on input line 1602.
 [5189]
Package marginnote Info: Margin note 5190.1 is on absolute page 5190 on input l
ine 1689.
Package marginnote Info: right page because not two side mode on input line 168
9.
Package marginnote Info: xpos seems to be 70.83311pt on input line 1689.
Package marginnote Info: Margin note 5190.2 is on absolute page 5190 on input l
ine 1696.
Package marginnote Info: right page because not two side mode on input line 169
6.
Package marginnote Info: xpos seems to be 69.51088pt on input line 1696.
Package marginnote Info: Margin note 5190.3 is on absolute page 5190 on input l
ine 1707.
Package marginnote Info: right page because not two side mode on input line 170
7.
Package marginnote Info: xpos seems to be 70.62064pt on input line 1707.
Package marginnote Info: Margin note 5190.4 is on absolute page 5190 on input l
ine 1712.
Package marginnote Info: right page because not two side mode on input line 171
2.
Package marginnote Info: xpos seems to be 70.07788pt on input line 1712.
Package marginnote Info: Margin note 5190.5 is on absolute page 5190 on input l
ine 1716.
Package marginnote Info: right page because not two side mode on input line 171
6.
Package marginnote Info: xpos seems to be 525.97794pt on input line 1716.
Package marginnote Info: Margin note 5190.6 is on absolute page 5191 on input l
ine 1721.
Package marginnote Info: right page because not two side mode on input line 172
1.
Package marginnote Info: xpos seems to be 78.8142pt on input line 1721.
 [5190]
Package marginnote Info: Margin note 5191.1 is on absolute page 5191 on input l
ine 1728.
Package marginnote Info: right page because not two side mode on input line 172
8.
Package marginnote Info: xpos seems to be 78.42564pt on input line 1728.
Package marginnote Info: Margin note 5191.2 is on absolute page 5191 on input l
ine 1733.
Package marginnote Info: right page because not two side mode on input line 173
3.
Package marginnote Info: xpos seems to be 71.61575pt on input line 1733.
Package marginnote Info: Margin note 5191.3 is on absolute page 5191 on input l
ine 1739.
Package marginnote Info: right page because not two side mode on input line 173
9.
Package marginnote Info: xpos seems to be 72.82497pt on input line 1739.
Package marginnote Info: Margin note 5191.4 is on absolute page 5191 on input l
ine 1765.
Package marginnote Info: right page because not two side mode on input line 176
5.
Package marginnote Info: xpos seems to be 62.41435pt on input line 1765.
Package marginnote Info: Margin note 5191.5 is on absolute page 5191 on input l
ine 1772.
Package marginnote Info: right page because not two side mode on input line 177
2.
Package marginnote Info: xpos seems to be 77.4307pt on input line 1772.
Package marginnote Info: Margin note 5191.6 is on absolute page 5191 on input l
ine 1779.
Package marginnote Info: right page because not two side mode on input line 177
9.
Package marginnote Info: xpos seems to be 68.49681pt on input line 1779.
 [5191]
Package marginnote Info: Margin note 5192.1 is on absolute page 5192 on input l
ine 1832.
Package marginnote Info: right page because not two side mode on input line 183
2.
Package marginnote Info: xpos seems to be 84.90608pt on input line 1832.
Package marginnote Info: Margin note 5192.2 is on absolute page 5192 on input l
ine 1839.
Package marginnote Info: right page because not two side mode on input line 183
9.
Package marginnote Info: xpos seems to be 81.858pt on input line 1839.
Package marginnote Info: Margin note 5192.3 is on absolute page 5192 on input l
ine 1846.
Package marginnote Info: right page because not two side mode on input line 184
6.
Package marginnote Info: xpos seems to be 80.9415pt on input line 1846.
Package marginnote Info: Margin note 5192.4 is on absolute page 5192 on input l
ine 1855.
Package marginnote Info: right page because not two side mode on input line 185
5.
Package marginnote Info: xpos seems to be 83.19814pt on input line 1855.
 [5192]
Package marginnote Info: Margin note 5193.1 is on absolute page 5193 on input l
ine 1990.
Package marginnote Info: right page because not two side mode on input line 199
0.
Package marginnote Info: xpos seems to be 249.95294pt on input line 1990.
Package marginnote Info: Margin note 5193.2 is on absolute page 5193 on input l
ine 2001.
Package marginnote Info: right page because not two side mode on input line 200
1.
Package marginnote Info: xpos seems to be 354.97174pt on input line 2001.
Package marginnote Info: Margin note 5193.3 is on absolute page 5193 on input l
ine 2006.
Package marginnote Info: right page because not two side mode on input line 200
6.
Package marginnote Info: xpos seems to be 69.23851pt on input line 2006.
Package marginnote Info: Margin note 5193.4 is on absolute page 5193 on input l
ine 2013.
Package marginnote Info: right page because not two side mode on input line 201
3.
Package marginnote Info: xpos seems to be 80.73927pt on input line 2013.
Package marginnote Info: Margin note 5193.5 is on absolute page 5193 on input l
ine 2020.
Package marginnote Info: right page because not two side mode on input line 202
0.
Package marginnote Info: xpos seems to be 75.5982pt on input line 2020.
Package marginnote Info: Margin note 5193.6 is on absolute page 5194 on input l
ine 2027.
Package marginnote Info: right page because not two side mode on input line 202
7.
Package marginnote Info: xpos seems to be 79.11253pt on input line 2027.
 [5193]
Package marginnote Info: Margin note 5194.1 is on absolute page 5194 on input l
ine 2083.
Package marginnote Info: right page because not two side mode on input line 208
3.
Package marginnote Info: xpos seems to be 66.48453pt on input line 2083.
Package marginnote Info: Margin note 5194.2 is on absolute page 5194 on input l
ine 2087.
Package marginnote Info: right page because not two side mode on input line 208
7.
Package marginnote Info: xpos seems to be 211.30237pt on input line 2087.
Package marginnote Info: Margin note 5194.3 is on absolute page 5194 on input l
ine 2092.
Package marginnote Info: right page because not two side mode on input line 209
2.
Package marginnote Info: xpos seems to be 66.87212pt on input line 2092.
Package marginnote Info: Margin note 5194.4 is on absolute page 5194 on input l
ine 2097.
Package marginnote Info: right page because not two side mode on input line 209
7.
Package marginnote Info: xpos seems to be 70.3362pt on input line 2097.
Package marginnote Info: Margin note 5194.5 is on absolute page 5194 on input l
ine 2101.
Package marginnote Info: right page because not two side mode on input line 210
1.
Package marginnote Info: xpos seems to be 459.41583pt on input line 2101.
Package marginnote Info: Margin note 5194.6 is on absolute page 5194 on input l
ine 2106.
Package marginnote Info: right page because not two side mode on input line 210
6.
Package marginnote Info: xpos seems to be 60.70749pt on input line 2106.
Package marginnote Info: Margin note 5194.7 is on absolute page 5195 on input l
ine 2111.
Package marginnote Info: right page because not two side mode on input line 211
1.
Package marginnote Info: xpos seems to be 70.39514pt on input line 2111.
 [5194]
Package marginnote Info: Margin note 5195.1 is on absolute page 5195 on input l
ine 2116.
Package marginnote Info: right page because not two side mode on input line 211
6.
Package marginnote Info: xpos seems to be 75.34953pt on input line 2116.
Package marginnote Info: Margin note 5195.2 is on absolute page 5195 on input l
ine 2123.
Package marginnote Info: right page because not two side mode on input line 212
3.
Package marginnote Info: xpos seems to be 69.83913pt on input line 2123.
Package marginnote Info: Margin note 5195.3 is on absolute page 5195 on input l
ine 2170.
Package marginnote Info: right page because not two side mode on input line 217
0.
Package marginnote Info: xpos seems to be 273.2397pt on input line 2170.
Package marginnote Info: Margin note 5195.4 is on absolute page 5195 on input l
ine 2177.
Package marginnote Info: right page because not two side mode on input line 217
7.
Package marginnote Info: xpos seems to be 468.0358pt on input line 2177.
Package marginnote Info: Margin note 5195.5 is on absolute page 5196 on input l
ine 2222.
Package marginnote Info: right page because not two side mode on input line 222
2.
Package marginnote Info: xpos seems to be 271.2397pt on input line 2222.
Package marginnote Info: Margin note 5195.6 is on absolute page 5196 on input l
ine 2229.
Package marginnote Info: right page because not two side mode on input line 222
9.
Package marginnote Info: xpos seems to be 429.62454pt on input line 2229.

[5195] [5196] [5197]
Package marginnote Info: Margin note 5198.1 is on absolute page 5198 on input l
ine 2570.
Package marginnote Info: right page because not two side mode on input line 257
0.
Package marginnote Info: xpos seems to be 78.30331pt on input line 2570.
Package marginnote Info: Margin note 5198.2 is on absolute page 5198 on input l
ine 2577.
Package marginnote Info: right page because not two side mode on input line 257
7.
Package marginnote Info: xpos seems to be 96.94814pt on input line 2577.
Package marginnote Info: Margin note 5198.3 is on absolute page 5199 on input l
ine 2584.
Package marginnote Info: right page because not two side mode on input line 258
4.
Package marginnote Info: xpos seems to be 95.36444pt on input line 2584.
 [5198]
Package marginnote Info: Margin note 5199.1 is on absolute page 5199 on input l
ine 2641.
Package marginnote Info: right page because not two side mode on input line 264
1.
Package marginnote Info: xpos seems to be 94.3459pt on input line 2641.
Package marginnote Info: Margin note 5199.2 is on absolute page 5199 on input l
ine 2645.
Package marginnote Info: right page because not two side mode on input line 264
5.
Package marginnote Info: xpos seems to be 526.44083pt on input line 2645.
Package marginnote Info: Margin note 5199.3 is on absolute page 5199 on input l
ine 2690.
Package marginnote Info: right page because not two side mode on input line 269
0.
Package marginnote Info: xpos seems to be 68.80246pt on input line 2690.
Package marginnote Info: Margin note 5199.4 is on absolute page 5199 on input l
ine 2694.
Package marginnote Info: right page because not two side mode on input line 269
4.
Package marginnote Info: xpos seems to be 170.94392pt on input line 2694.
Package marginnote Info: Margin note 5199.5 is on absolute page 5200 on input l
ine 2699.
Package marginnote Info: right page because not two side mode on input line 269
9.
Package marginnote Info: xpos seems to be 66.94086pt on input line 2699.
Package marginnote Info: Margin note 5199.6 is on absolute page 5200 on input l
ine 2703.
Package marginnote Info: right page because not two side mode on input line 270
3.
Package marginnote Info: xpos seems to be 232.87749pt on input line 2703.
Package marginnote Info: Margin note 5199.7 is on absolute page 5200 on input l
ine 2707.
Package marginnote Info: right page because not two side mode on input line 270
7.
Package marginnote Info: xpos seems to be 435.7659pt on input line 2707.
 [5199]
Package marginnote Info: Margin note 5200.1 is on absolute page 5200 on input l
ine 2753.
Package marginnote Info: right page because not two side mode on input line 275
3.
Package marginnote Info: xpos seems to be 502.15465pt on input line 2753.
Package marginnote Info: Margin note 5200.2 is on absolute page 5200 on input l
ine 2766.
Package marginnote Info: right page because not two side mode on input line 276
6.
Package marginnote Info: xpos seems to be 528.81863pt on input line 2766.
Package marginnote Info: Margin note 5200.3 is on absolute page 5200 on input l
ine 2770.
Package marginnote Info: right page because not two side mode on input line 277
0.
Package marginnote Info: xpos seems to be 89.86218pt on input line 2770.
Package marginnote Info: Margin note 5200.4 is on absolute page 5200 on input l
ine 2774.
Package marginnote Info: right page because not two side mode on input line 277
4.
Package marginnote Info: xpos seems to be 248.0732pt on input line 2774.
Package marginnote Info: Margin note 5200.5 is on absolute page 5200 on input l
ine 2778.
Package marginnote Info: right page because not two side mode on input line 277
8.
Package marginnote Info: xpos seems to be 151.07806pt on input line 2778.
Package marginnote Info: Margin note 5200.6 is on absolute page 5201 on input l
ine 2784.
Package marginnote Info: right page because not two side mode on input line 278
4.
Package marginnote Info: xpos seems to be 337.52385pt on input line 2784.
 [5200]
Package marginnote Info: Margin note 5201.1 is on absolute page 5201 on input l
ine 2793.
Package marginnote Info: right page because not two side mode on input line 279
3.
Package marginnote Info: xpos seems to be 171.62564pt on input line 2793.
Package marginnote Info: Margin note 5201.2 is on absolute page 5201 on input l
ine 2853.
Package marginnote Info: right page because not two side mode on input line 285
3.
Package marginnote Info: xpos seems to be 260.84314pt on input line 2853.
Package marginnote Info: Margin note 5201.3 is on absolute page 5201 on input l
ine 2861.
Package marginnote Info: right page because not two side mode on input line 286
1.
Package marginnote Info: xpos seems to be 81.62724pt on input line 2861.
Package marginnote Info: Margin note 5201.4 is on absolute page 5201 on input l
ine 2868.
Package marginnote Info: right page because not two side mode on input line 286
8.
Package marginnote Info: xpos seems to be 74.96313pt on input line 2868.
Package marginnote Info: Margin note 5201.5 is on absolute page 5201 on input l
ine 2872.
Package marginnote Info: right page because not two side mode on input line 287
2.
Package marginnote Info: xpos seems to be 535.97386pt on input line 2872.
Package marginnote Info: Margin note 5201.6 is on absolute page 5201 on input l
ine 2876.
Package marginnote Info: right page because not two side mode on input line 287
6.
Package marginnote Info: xpos seems to be 268.02725pt on input line 2876.
Package marginnote Info: Margin note 5201.7 is on absolute page 5202 on input l
ine 2880.
Package marginnote Info: right page because not two side mode on input line 288
0.
Package marginnote Info: xpos seems to be 208.82567pt on input line 2880.
 [5201]
Package marginnote Info: Margin note 5202.1 is on absolute page 5202 on input l
ine 2930.
Package marginnote Info: right page because not two side mode on input line 293
0.
Package marginnote Info: xpos seems to be 291.1276pt on input line 2930.
Package marginnote Info: Margin note 5202.2 is on absolute page 5202 on input l
ine 2940.
Package marginnote Info: right page because not two side mode on input line 294
0.
Package marginnote Info: xpos seems to be 67.02539pt on input line 2940.
Package marginnote Info: Margin note 5202.3 is on absolute page 5202 on input l
ine 2944.
Package marginnote Info: right page because not two side mode on input line 294
4.
Package marginnote Info: xpos seems to be 276.42673pt on input line 2944.
Package marginnote Info: Margin note 5202.4 is on absolute page 5202 on input l
ine 2949.
Package marginnote Info: right page because not two side mode on input line 294
9.
Package marginnote Info: xpos seems to be 56.94403pt on input line 2949.
Package marginnote Info: Margin note 5202.5 is on absolute page 5202 on input l
ine 2953.
Package marginnote Info: right page because not two side mode on input line 295
3.
Package marginnote Info: xpos seems to be 226.09596pt on input line 2953.
Package marginnote Info: Margin note 5202.6 is on absolute page 5202 on input l
ine 2958.
Package marginnote Info: right page because not two side mode on input line 295
8.
Package marginnote Info: xpos seems to be 82.61795pt on input line 2958.
Package marginnote Info: Margin note 5202.7 is on absolute page 5202 on input l
ine 2965.
Package marginnote Info: right page because not two side mode on input line 296
5.
Package marginnote Info: xpos seems to be 86.15688pt on input line 2965.
 [5202]
Package marginnote Info: Margin note 5203.1 is on absolute page 5203 on input l
ine 3039.
Package marginnote Info: right page because not two side mode on input line 303
9.
Package marginnote Info: xpos seems to be 83.4878pt on input line 3039.
Package marginnote Info: Margin note 5203.2 is on absolute page 5203 on input l
ine 3044.
Package marginnote Info: right page because not two side mode on input line 304
4.
Package marginnote Info: xpos seems to be 76.17645pt on input line 3044.
Package marginnote Info: Margin note 5203.3 is on absolute page 5203 on input l
ine 3049.
Package marginnote Info: right page because not two side mode on input line 304
9.
Package marginnote Info: xpos seems to be 96.50484pt on input line 3049.
Package marginnote Info: Margin note 5203.4 is on absolute page 5203 on input l
ine 3053.
Package marginnote Info: right page because not two side mode on input line 305
3.
Package marginnote Info: xpos seems to be 527.63258pt on input line 3053.
Package marginnote Info: Margin note 5203.5 is on absolute page 5203 on input l
ine 3057.
Package marginnote Info: right page because not two side mode on input line 305
7.
Package marginnote Info: xpos seems to be 98.13953pt on input line 3057.
Package marginnote Info: Margin note 5203.6 is on absolute page 5203 on input l
ine 3061.
Package marginnote Info: right page because not two side mode on input line 306
1.
Package marginnote Info: xpos seems to be 490.89423pt on input line 3061.
Package marginnote Info: Margin note 5203.7 is on absolute page 5203 on input l
ine 3066.
Package marginnote Info: right page because not two side mode on input line 306
6.
Package marginnote Info: xpos seems to be 72.5524pt on input line 3066.
Package marginnote Info: Margin note 5203.8 is on absolute page 5203 on input l
ine 3071.
Package marginnote Info: right page because not two side mode on input line 307
1.
Package marginnote Info: xpos seems to be 68.38742pt on input line 3071.
Package marginnote Info: Margin note 5203.9 is on absolute page 5203 on input l
ine 3075.
Package marginnote Info: right page because not two side mode on input line 307
5.
Package marginnote Info: xpos seems to be 430.1405pt on input line 3075.
Package marginnote Info: Margin note 5203.10 is on absolute page 5204 on input 
line 3079.
Package marginnote Info: right page because not two side mode on input line 307
9.
Package marginnote Info: xpos seems to be 426.78862pt on input line 3079.
 [5203]
Package marginnote Info: Margin note 5204.1 is on absolute page 5204 on input l
ine 3084.
Package marginnote Info: right page because not two side mode on input line 308
4.
Package marginnote Info: xpos seems to be 70.19394pt on input line 3084.
Package marginnote Info: Margin note 5204.2 is on absolute page 5204 on input l
ine 3089.
Package marginnote Info: right page because not two side mode on input line 308
9.
Package marginnote Info: xpos seems to be 72.07324pt on input line 3089.
Package marginnote Info: Margin note 5204.3 is on absolute page 5204 on input l
ine 3096.
Package marginnote Info: right page because not two side mode on input line 309
6.
Package marginnote Info: xpos seems to be 70.03691pt on input line 3096.
Package marginnote Info: Margin note 5204.4 is on absolute page 5204 on input l
ine 3142.
Package marginnote Info: right page because not two side mode on input line 314
2.
Package marginnote Info: xpos seems to be 87.2605pt on input line 3142.
Package marginnote Info: Margin note 5204.5 is on absolute page 5204 on input l
ine 3146.
Package marginnote Info: right page because not two side mode on input line 314
6.
Package marginnote Info: xpos seems to be 218.0917pt on input line 3146.
Package marginnote Info: Margin note 5204.6 is on absolute page 5204 on input l
ine 3151.
Package marginnote Info: right page because not two side mode on input line 315
1.
Package marginnote Info: xpos seems to be 76.26471pt on input line 3151.
Package marginnote Info: Margin note 5204.7 is on absolute page 5204 on input l
ine 3160.
Package marginnote Info: right page because not two side mode on input line 316
0.
Package marginnote Info: xpos seems to be 83.13847pt on input line 3160.
Package marginnote Info: Margin note 5204.8 is on absolute page 5205 on input l
ine 3167.
Package marginnote Info: right page because not two side mode on input line 316
7.
Package marginnote Info: xpos seems to be 74.39471pt on input line 3167.
 [5204]
Package marginnote Info: Margin note 5205.1 is on absolute page 5205 on input l
ine 3178.
Package marginnote Info: right page because not two side mode on input line 317
8.
Package marginnote Info: xpos seems to be 112.89072pt on input line 3178.
Package marginnote Info: Margin note 5205.2 is on absolute page 5205 on input l
ine 3183.
Package marginnote Info: right page because not two side mode on input line 318
3.
Package marginnote Info: xpos seems to be 56.14598pt on input line 3183.
Package marginnote Info: Margin note 5205.3 is on absolute page 5205 on input l
ine 3188.
Package marginnote Info: right page because not two side mode on input line 318
8.
Package marginnote Info: xpos seems to be 56.12091pt on input line 3188.
Package marginnote Info: Margin note 5205.4 is on absolute page 5205 on input l
ine 3236.
Package marginnote Info: right page because not two side mode on input line 323
6.
Package marginnote Info: xpos seems to be 70.37474pt on input line 3236.
Package marginnote Info: Margin note 5205.5 is on absolute page 5205 on input l
ine 3259.
Package marginnote Info: right page because not two side mode on input line 325
9.
Package marginnote Info: xpos seems to be 70.37474pt on input line 3259.
 [5205]
Package marginnote Info: Margin note 5206.1 is on absolute page 5206 on input l
ine 3322.
Package marginnote Info: right page because not two side mode on input line 332
2.
Package marginnote Info: xpos seems to be 92.0446pt on input line 3322.
Package marginnote Info: Margin note 5206.2 is on absolute page 5206 on input l
ine 3331.
Package marginnote Info: right page because not two side mode on input line 333
1.
Package marginnote Info: xpos seems to be 76.47281pt on input line 3331.
Package marginnote Info: Margin note 5206.3 is on absolute page 5206 on input l
ine 3335.
Package marginnote Info: right page because not two side mode on input line 333
5.
Package marginnote Info: xpos seems to be 541.64125pt on input line 3335.
Package marginnote Info: Margin note 5206.4 is on absolute page 5206 on input l
ine 3339.
Package marginnote Info: right page because not two side mode on input line 333
9.
Package marginnote Info: xpos seems to be 432.94936pt on input line 3339.
Package marginnote Info: Margin note 5206.5 is on absolute page 5206 on input l
ine 3344.
Package marginnote Info: right page because not two side mode on input line 334
4.
Package marginnote Info: xpos seems to be 75.66284pt on input line 3344.
Package marginnote Info: Margin note 5206.6 is on absolute page 5206 on input l
ine 3348.
Package marginnote Info: right page because not two side mode on input line 334
8.
Package marginnote Info: xpos seems to be 89.7837pt on input line 3348.
Package marginnote Info: Margin note 5206.7 is on absolute page 5206 on input l
ine 3352.
Package marginnote Info: right page because not two side mode on input line 335
2.
Package marginnote Info: xpos seems to be 265.98964pt on input line 3352.
Package marginnote Info: Margin note 5206.8 is on absolute page 5207 on input l
ine 3356.
Package marginnote Info: right page because not two side mode on input line 335
6.
Package marginnote Info: xpos seems to be 86.51814pt on input line 3356.
Package marginnote Info: Margin note 5206.9 is on absolute page 5207 on input l
ine 3360.
Package marginnote Info: right page because not two side mode on input line 336
0.
Package marginnote Info: xpos seems to be 171.4723pt on input line 3360.

[5206]
Package marginnote Info: Margin note 5207.1 is on absolute page 5207 on input l
ine 3365.
Package marginnote Info: right page because not two side mode on input line 336
5.
Package marginnote Info: xpos seems to be 74.96535pt on input line 3365.
Package marginnote Info: Margin note 5207.2 is on absolute page 5207 on input l
ine 3424.
Package marginnote Info: right page because not two side mode on input line 342
4.
Package marginnote Info: xpos seems to be 63.91489pt on input line 3424.
Package marginnote Info: Margin note 5207.3 is on absolute page 5207 on input l
ine 3431.
Package marginnote Info: right page because not two side mode on input line 343
1.
Package marginnote Info: xpos seems to be 63.91489pt on input line 3431.
Package marginnote Info: Margin note 5207.4 is on absolute page 5207 on input l
ine 3438.
Package marginnote Info: right page because not two side mode on input line 343
8.
Package marginnote Info: xpos seems to be 63.91489pt on input line 3438.
Package marginnote Info: Margin note 5207.5 is on absolute page 5207 on input l
ine 3444.
Package marginnote Info: right page because not two side mode on input line 344
4.
Package marginnote Info: xpos seems to be 559.19806pt on input line 3444.
 [5207]
Package marginnote Info: Margin note 5208.1 is on absolute page 5208 on input l
ine 3451.
Package marginnote Info: right page because not two side mode on input line 345
1.
Package marginnote Info: xpos seems to be 79.65485pt on input line 3451.
Package marginnote Info: Margin note 5208.2 is on absolute page 5208 on input l
ine 3464.
Package marginnote Info: right page because not two side mode on input line 346
4.
Package marginnote Info: xpos seems to be 63.91489pt on input line 3464.
Package marginnote Info: Margin note 5208.3 is on absolute page 5208 on input l
ine 3477.
Package marginnote Info: right page because not two side mode on input line 347
7.
Package marginnote Info: xpos seems to be 69.40486pt on input line 3477.
Package marginnote Info: Margin note 5208.4 is on absolute page 5208 on input l
ine 3490.
Package marginnote Info: right page because not two side mode on input line 349
0.
Package marginnote Info: xpos seems to be 64.26318pt on input line 3490.
Package marginnote Info: Margin note 5208.5 is on absolute page 5208 on input l
ine 3497.
Package marginnote Info: right page because not two side mode on input line 349
7.
Package marginnote Info: xpos seems to be 56.11461pt on input line 3497.
Package marginnote Info: Margin note 5208.6 is on absolute page 5208 on input l
ine 3549.
Package marginnote Info: right page because not two side mode on input line 354
9.
Package marginnote Info: xpos seems to be 76.75555pt on input line 3549.
Package marginnote Info: Margin note 5208.7 is on absolute page 5208 on input l
ine 3553.
Package marginnote Info: right page because not two side mode on input line 355
3.
Package marginnote Info: xpos seems to be 447.4494pt on input line 3553.
 [5208]
Package marginnote Info: Margin note 5209.1 is on absolute page 5209 on input l
ine 3597.
Package marginnote Info: right page because not two side mode on input line 359
7.
Package marginnote Info: xpos seems to be 62.87003pt on input line 3597.
Package marginnote Info: Margin note 5209.2 is on absolute page 5209 on input l
ine 3603.
Package marginnote Info: right page because not two side mode on input line 360
3.
Package marginnote Info: xpos seems to be 222.16664pt on input line 3603.
Package marginnote Info: Margin note 5209.3 is on absolute page 5209 on input l
ine 3607.
Package marginnote Info: right page because not two side mode on input line 360
7.
Package marginnote Info: xpos seems to be 348.92569pt on input line 3607.
Package marginnote Info: Margin note 5209.4 is on absolute page 5209 on input l
ine 3612.
Package marginnote Info: right page because not two side mode on input line 361
2.
Package marginnote Info: xpos seems to be 72.46185pt on input line 3612.
Package marginnote Info: Margin note 5209.5 is on absolute page 5209 on input l
ine 3616.
Package marginnote Info: right page because not two side mode on input line 361
6.
Package marginnote Info: xpos seems to be 337.6689pt on input line 3616.
Package marginnote Info: Margin note 5209.6 is on absolute page 5209 on input l
ine 3662.
Package marginnote Info: right page because not two side mode on input line 366
2.
Package marginnote Info: xpos seems to be 493.85062pt on input line 3662.
 [5209]
Package marginnote Info: Margin note 5210.1 is on absolute page 5210 on input l
ine 3672.
Package marginnote Info: right page because not two side mode on input line 367
2.
Package marginnote Info: xpos seems to be 62.68462pt on input line 3672.
Package marginnote Info: Margin note 5210.2 is on absolute page 5211 on input l
ine 3786.
Package marginnote Info: right page because not two side mode on input line 378
6.
Package marginnote Info: xpos seems to be 273.37274pt on input line 3786.
 [5210]
Package marginnote Info: Margin note 5211.1 is on absolute page 5211 on input l
ine 3801.
Package marginnote Info: right page because not two side mode on input line 380
1.
Package marginnote Info: xpos seems to be 500.42276pt on input line 3801.
Package marginnote Info: Margin note 5211.2 is on absolute page 5211 on input l
ine 3811.
Package marginnote Info: right page because not two side mode on input line 381
1.
Package marginnote Info: xpos seems to be 81.38348pt on input line 3811.
Package marginnote Info: Margin note 5211.3 is on absolute page 5211 on input l
ine 3828.
Package marginnote Info: right page because not two side mode on input line 382
8.
Package marginnote Info: xpos seems to be 75.55432pt on input line 3828.
Package marginnote Info: Margin note 5211.4 is on absolute page 5211 on input l
ine 3877.
Package marginnote Info: right page because not two side mode on input line 387
7.
Package marginnote Info: xpos seems to be 63.91489pt on input line 3877.
Package marginnote Info: Margin note 5211.5 is on absolute page 5211 on input l
ine 3883.
Package marginnote Info: right page because not two side mode on input line 388
3.
Package marginnote Info: xpos seems to be 559.45721pt on input line 3883.
 [5211]
Package marginnote Info: Margin note 5212.1 is on absolute page 5212 on input l
ine 3928.
Package marginnote Info: right page because not two side mode on input line 392
8.
Package marginnote Info: xpos seems to be 65.1612pt on input line 3928.
Package marginnote Info: Margin note 5212.2 is on absolute page 5212 on input l
ine 3932.
Package marginnote Info: right page because not two side mode on input line 393
2.
Package marginnote Info: xpos seems to be 217.41936pt on input line 3932.
Package marginnote Info: Margin note 5212.3 is on absolute page 5212 on input l
ine 3982.
Package marginnote Info: right page because not two side mode on input line 398
2.
Package marginnote Info: xpos seems to be 82.6164pt on input line 3982.
Package marginnote Info: Margin note 5212.4 is on absolute page 5212 on input l
ine 3986.
Package marginnote Info: right page because not two side mode on input line 398
6.
Package marginnote Info: xpos seems to be 409.04333pt on input line 3986.
Package marginnote Info: Margin note 5212.5 is on absolute page 5212 on input l
ine 3990.
Package marginnote Info: right page because not two side mode on input line 399
0.
Package marginnote Info: xpos seems to be 316.34953pt on input line 3990.
Package marginnote Info: Margin note 5212.6 is on absolute page 5212 on input l
ine 3994.
Package marginnote Info: right page because not two side mode on input line 399
4.
Package marginnote Info: xpos seems to be 415.65909pt on input line 3994.
Package marginnote Info: Margin note 5212.7 is on absolute page 5212 on input l
ine 3999.
Package marginnote Info: right page because not two side mode on input line 399
9.
Package marginnote Info: xpos seems to be 66.75061pt on input line 3999.
 [5212]
Package marginnote Info: Margin note 5213.1 is on absolute page 5214 on input l
ine 4135.
Package marginnote Info: right page because not two side mode on input line 413
5.
Package marginnote Info: xpos seems to be 478.90204pt on input line 4135.
)
(./gospel_early_mormon_sources_1842.tex [5213] [5214]
Package marginnote Info: Margin note 5215.1 is on absolute page 5215 on input l
ine 60.
Package marginnote Info: right page because not two side mode on input line 60.

Package marginnote Info: xpos seems to be 499.95454pt on input line 60.
Package marginnote Info: Margin note 5215.2 is on absolute page 5215 on input l
ine 76.
Package marginnote Info: right page because not two side mode on input line 76.

Package marginnote Info: xpos seems to be 56.98076pt on input line 76.
Package marginnote Info: Margin note 5215.3 is on absolute page 5215 on input l
ine 85.
Package marginnote Info: right page because not two side mode on input line 85.

Package marginnote Info: xpos seems to be 56.7499pt on input line 85.
Package marginnote Info: Margin note 5215.4 is on absolute page 5215 on input l
ine 89.
Package marginnote Info: right page because not two side mode on input line 89.

Package marginnote Info: xpos seems to be 430.12834pt on input line 89.
Package marginnote Info: Margin note 5215.5 is on absolute page 5215 on input l
ine 94.
Package marginnote Info: right page because not two side mode on input line 94.

Package marginnote Info: xpos seems to be 70.54916pt on input line 94.
Package marginnote Info: Margin note 5215.6 is on absolute page 5215 on input l
ine 99.
Package marginnote Info: right page because not two side mode on input line 99.

Package marginnote Info: xpos seems to be 70.23112pt on input line 99.
Package marginnote Info: Margin note 5215.7 is on absolute page 5216 on input l
ine 103.
Package marginnote Info: right page because not two side mode on input line 103
.
Package marginnote Info: xpos seems to be 106.80688pt on input line 103.
 [5215

]
Package marginnote Info: Margin note 5216.1 is on absolute page 5216 on input l
ine 108.
Package marginnote Info: right page because not two side mode on input line 108
.
Package marginnote Info: xpos seems to be 60.41916pt on input line 108.
Package marginnote Info: Margin note 5216.2 is on absolute page 5216 on input l
ine 112.
Package marginnote Info: right page because not two side mode on input line 112
.
Package marginnote Info: xpos seems to be 252.73907pt on input line 112.
Package marginnote Info: Margin note 5216.3 is on absolute page 5216 on input l
ine 116.
Package marginnote Info: right page because not two side mode on input line 116
.
Package marginnote Info: xpos seems to be 164.42262pt on input line 116.
 [5216]
Package marginnote Info: Margin note 5217.1 is on absolute page 5217 on input l
ine 236.
Package marginnote Info: right page because not two side mode on input line 236
.
Package marginnote Info: xpos seems to be 67.79607pt on input line 236.
Package marginnote Info: Margin note 5217.2 is on absolute page 5217 on input l
ine 240.
Package marginnote Info: right page because not two side mode on input line 240
.
Package marginnote Info: xpos seems to be 561.33165pt on input line 240.
Package marginnote Info: Margin note 5217.3 is on absolute page 5217 on input l
ine 244.
Package marginnote Info: right page because not two side mode on input line 244
.
Package marginnote Info: xpos seems to be 115.96783pt on input line 244.
Package marginnote Info: Margin note 5217.4 is on absolute page 5217 on input l
ine 290.
Package marginnote Info: right page because not two side mode on input line 290
.
Package marginnote Info: xpos seems to be 309.35248pt on input line 290.
Package marginnote Info: Margin note 5217.5 is on absolute page 5217 on input l
ine 298.
Package marginnote Info: right page because not two side mode on input line 298
.
Package marginnote Info: xpos seems to be 57.34966pt on input line 298.
Package marginnote Info: Margin note 5217.6 is on absolute page 5217 on input l
ine 303.
Package marginnote Info: right page because not two side mode on input line 303
.
Package marginnote Info: xpos seems to be 68.39316pt on input line 303.
Package marginnote Info: Margin note 5217.7 is on absolute page 5217 on input l
ine 307.
Package marginnote Info: right page because not two side mode on input line 307
.
Package marginnote Info: xpos seems to be 415.72691pt on input line 307.
Package marginnote Info: Margin note 5217.8 is on absolute page 5217 on input l
ine 311.
Package marginnote Info: right page because not two side mode on input line 311
.
Package marginnote Info: xpos seems to be 282.05435pt on input line 311.
Package marginnote Info: Margin note 5217.9 is on absolute page 5217 on input l
ine 316.
Package marginnote Info: right page because not two side mode on input line 316
.
Package marginnote Info: xpos seems to be 67.31308pt on input line 316.
Package marginnote Info: Margin note 5217.10 is on absolute page 5218 on input 
line 320.
Package marginnote Info: right page because not two side mode on input line 320
.
Package marginnote Info: xpos seems to be 271.94377pt on input line 320.
 [5217]
Package marginnote Info: Margin note 5218.1 is on absolute page 5218 on input l
ine 327.
Package marginnote Info: right page because not two side mode on input line 327
.
Package marginnote Info: xpos seems to be 57.02725pt on input line 327.
Package marginnote Info: Margin note 5218.2 is on absolute page 5218 on input l
ine 331.
Package marginnote Info: right page because not two side mode on input line 331
.
Package marginnote Info: xpos seems to be 122.29274pt on input line 331.
Package marginnote Info: Margin note 5218.3 is on absolute page 5218 on input l
ine 336.
Package marginnote Info: right page because not two side mode on input line 336
.
Package marginnote Info: xpos seems to be 78.80148pt on input line 336.
Package marginnote Info: Margin note 5218.4 is on absolute page 5218 on input l
ine 340.
Package marginnote Info: right page because not two side mode on input line 340
.
Package marginnote Info: xpos seems to be 551.03157pt on input line 340.
Package marginnote Info: Margin note 5218.5 is on absolute page 5218 on input l
ine 347.
Package marginnote Info: right page because not two side mode on input line 347
.
Package marginnote Info: xpos seems to be 62.57404pt on input line 347.
Package marginnote Info: Margin note 5218.6 is on absolute page 5218 on input l
ine 351.
Package marginnote Info: right page because not two side mode on input line 351
.
Package marginnote Info: xpos seems to be 238.13667pt on input line 351.
Package marginnote Info: Margin note 5218.7 is on absolute page 5218 on input l
ine 355.
Package marginnote Info: right page because not two side mode on input line 355
.
Package marginnote Info: xpos seems to be 202.09602pt on input line 355.
Package marginnote Info: Margin note 5218.8 is on absolute page 5218 on input l
ine 360.
Package marginnote Info: right page because not two side mode on input line 360
.
Package marginnote Info: xpos seems to be 65.38428pt on input line 360.
Package marginnote Info: Margin note 5218.9 is on absolute page 5218 on input l
ine 365.
Package marginnote Info: right page because not two side mode on input line 365
.
Package marginnote Info: xpos seems to be 66.96043pt on input line 365.
Package marginnote Info: Margin note 5218.10 is on absolute page 5218 on input 
line 369.
Package marginnote Info: right page because not two side mode on input line 369
.
Package marginnote Info: xpos seems to be 550.67548pt on input line 369.
Package marginnote Info: Margin note 5218.11 is on absolute page 5218 on input 
line 373.
Package marginnote Info: right page because not two side mode on input line 373
.
Package marginnote Info: xpos seems to be 399.05475pt on input line 373.
Package marginnote Info: Margin note 5218.12 is on absolute page 5219 on input 
line 378.
Package marginnote Info: right page because not two side mode on input line 378
.
Package marginnote Info: xpos seems to be 78.8073pt on input line 378.

[5218]
Package marginnote Info: Margin note 5219.1 is on absolute page 5219 on input l
ine 383.
Package marginnote Info: right page because not two side mode on input line 383
.
Package marginnote Info: xpos seems to be 79.77231pt on input line 383.
Package marginnote Info: Margin note 5219.2 is on absolute page 5219 on input l
ine 388.
Package marginnote Info: right page because not two side mode on input line 388
.
Package marginnote Info: xpos seems to be 67.93593pt on input line 388.
Package marginnote Info: Margin note 5219.3 is on absolute page 5219 on input l
ine 392.
Package marginnote Info: right page because not two side mode on input line 392
.
Package marginnote Info: xpos seems to be 313.74216pt on input line 392.
Package marginnote Info: Margin note 5219.4 is on absolute page 5219 on input l
ine 397.
Package marginnote Info: right page because not two side mode on input line 397
.
Package marginnote Info: xpos seems to be 79.6444pt on input line 397.
Package marginnote Info: Margin note 5219.5 is on absolute page 5219 on input l
ine 402.
Package marginnote Info: right page because not two side mode on input line 402
.
Package marginnote Info: xpos seems to be 63.06184pt on input line 402.
Package marginnote Info: Margin note 5219.6 is on absolute page 5219 on input l
ine 407.
Package marginnote Info: right page because not two side mode on input line 407
.
Package marginnote Info: xpos seems to be 106.59138pt on input line 407.
Package marginnote Info: Margin note 5219.7 is on absolute page 5219 on input l
ine 412.
Package marginnote Info: right page because not two side mode on input line 412
.
Package marginnote Info: xpos seems to be 71.21454pt on input line 412.
Package marginnote Info: Margin note 5219.8 is on absolute page 5219 on input l
ine 417.
Package marginnote Info: right page because not two side mode on input line 417
.
Package marginnote Info: xpos seems to be 67.50497pt on input line 417.
Package marginnote Info: Margin note 5219.9 is on absolute page 5219 on input l
ine 428.
Package marginnote Info: right page because not two side mode on input line 428
.
Package marginnote Info: xpos seems to be 67.48685pt on input line 428.
Package marginnote Info: Margin note 5219.10 is on absolute page 5220 on input 
line 441.
Package marginnote Info: right page because not two side mode on input line 441
.
Package marginnote Info: xpos seems to be 68.18799pt on input line 441.
 [5219]
Package marginnote Info: Margin note 5220.1 is on absolute page 5220 on input l
ine 450.
Package marginnote Info: right page because not two side mode on input line 450
.
Package marginnote Info: xpos seems to be 67.54471pt on input line 450.
Package marginnote Info: Margin note 5220.2 is on absolute page 5220 on input l
ine 500.
Package marginnote Info: right page because not two side mode on input line 500
.
Package marginnote Info: xpos seems to be 198.7434pt on input line 500.
Package marginnote Info: Margin note 5220.3 is on absolute page 5220 on input l
ine 508.
Package marginnote Info: right page because not two side mode on input line 508
.
Package marginnote Info: xpos seems to be 85.4951pt on input line 508.
Package marginnote Info: Margin note 5220.4 is on absolute page 5221 on input l
ine 564.
Package marginnote Info: right page because not two side mode on input line 564
.
Package marginnote Info: xpos seems to be 299.03253pt on input line 564.
 [5220]
Package marginnote Info: Margin note 5221.1 is on absolute page 5221 on input l
ine 572.
Package marginnote Info: right page because not two side mode on input line 572
.
Package marginnote Info: xpos seems to be 62.97176pt on input line 572.
Package marginnote Info: Margin note 5221.2 is on absolute page 5221 on input l
ine 577.
Package marginnote Info: right page because not two side mode on input line 577
.
Package marginnote Info: xpos seems to be 62.72404pt on input line 577.
 [5221]
Package marginnote Info: Margin note 5222.1 is on absolute page 5222 on input l
ine 721.
Package marginnote Info: right page because not two side mode on input line 721
.
Package marginnote Info: xpos seems to be 252.55762pt on input line 721.
Package marginnote Info: Margin note 5222.2 is on absolute page 5222 on input l
ine 735.
Package marginnote Info: right page because not two side mode on input line 735
.
Package marginnote Info: xpos seems to be 559.44727pt on input line 735.
Package marginnote Info: Margin note 5222.3 is on absolute page 5222 on input l
ine 746.
Package marginnote Info: right page because not two side mode on input line 746
.
Package marginnote Info: xpos seems to be 282.89278pt on input line 746.
Package marginnote Info: Margin note 5222.4 is on absolute page 5222 on input l
ine 755.
Package marginnote Info: right page because not two side mode on input line 755
.
Package marginnote Info: xpos seems to be 282.89278pt on input line 755.
Package marginnote Info: Margin note 5222.5 is on absolute page 5222 on input l
ine 773.
Package marginnote Info: right page because not two side mode on input line 773
.
Package marginnote Info: xpos seems to be 493.90686pt on input line 773.
 [5222]
Package marginnote Info: Margin note 5223.1 is on absolute page 5223 on input l
ine 788.
Package marginnote Info: right page because not two side mode on input line 788
.
Package marginnote Info: xpos seems to be 263.47765pt on input line 788.
Package marginnote Info: Margin note 5223.2 is on absolute page 5223 on input l
ine 797.
Package marginnote Info: right page because not two side mode on input line 797
.
Package marginnote Info: xpos seems to be 357.73964pt on input line 797.
Package marginnote Info: Margin note 5223.3 is on absolute page 5223 on input l
ine 803.
Package marginnote Info: right page because not two side mode on input line 803
.
Package marginnote Info: xpos seems to be 284.14278pt on input line 803.
Package marginnote Info: Margin note 5223.4 is on absolute page 5223 on input l
ine 812.
Package marginnote Info: right page because not two side mode on input line 812
.
Package marginnote Info: xpos seems to be 284.14278pt on input line 812.
Package marginnote Info: Margin note 5223.5 is on absolute page 5223 on input l
ine 822.
Package marginnote Info: right page because not two side mode on input line 822
.
Package marginnote Info: xpos seems to be 95.81425pt on input line 822.
Package marginnote Info: Margin note 5223.6 is on absolute page 5223 on input l
ine 829.
Package marginnote Info: right page because not two side mode on input line 829
.
Package marginnote Info: xpos seems to be 95.8949pt on input line 829.
Package marginnote Info: Margin note 5223.7 is on absolute page 5224 on input l
ine 879.
Package marginnote Info: right page because not two side mode on input line 879
.
Package marginnote Info: xpos seems to be 521.20047pt on input line 879.
 [5223]
Package marginnote Info: Margin note 5224.1 is on absolute page 5224 on input l
ine 893.
Package marginnote Info: right page because not two side mode on input line 893
.
Package marginnote Info: xpos seems to be 80.61801pt on input line 893.

Overfull \hbox (2.86497pt too wide) in paragraph at lines 901--912
[][] 
 []

Package marginnote Info: Margin note 5224.2 is on absolute page 5224 on input l
ine 920.
Package marginnote Info: right page because not two side mode on input line 920
.
Package marginnote Info: xpos seems to be 77.23045pt on input line 920.
Package marginnote Info: Margin note 5224.3 is on absolute page 5224 on input l
ine 941.
Package marginnote Info: right page because not two side mode on input line 941
.
Package marginnote Info: xpos seems to be 108.10927pt on input line 941.
Package marginnote Info: Margin note 5224.4 is on absolute page 5224 on input l
ine 946.
Package marginnote Info: right page because not two side mode on input line 946
.
Package marginnote Info: xpos seems to be 76.67282pt on input line 946.
Package marginnote Info: Margin note 5224.5 is on absolute page 5224 on input l
ine 951.
Package marginnote Info: right page because not two side mode on input line 951
.
Package marginnote Info: xpos seems to be 67.79478pt on input line 951.
Package marginnote Info: Margin note 5224.6 is on absolute page 5224 on input l
ine 962.
Package marginnote Info: right page because not two side mode on input line 962
.
Package marginnote Info: xpos seems to be 98.59294pt on input line 962.
Package marginnote Info: Margin note 5224.7 is on absolute page 5224 on input l
ine 971.
Package marginnote Info: right page because not two side mode on input line 971
.
Package marginnote Info: xpos seems to be 95.40791pt on input line 971.
Package marginnote Info: Margin note 5224.8 is on absolute page 5225 on input l
ine 978.
Package marginnote Info: right page because not two side mode on input line 978
.
Package marginnote Info: xpos seems to be 76.87355pt on input line 978.
[5224]
Package marginnote Info: Margin note 5225.1 is on absolute page 5225 on input l
ine 985.
Package marginnote Info: right page because not two side mode on input line 985
.
Package marginnote Info: xpos seems to be 66.89699pt on input line 985.
Package marginnote Info: Margin note 5225.2 is on absolute page 5225 on input l
ine 990.
Package marginnote Info: right page because not two side mode on input line 990
.
Package marginnote Info: xpos seems to be 77.56503pt on input line 990.
Package marginnote Info: Margin note 5225.3 is on absolute page 5225 on input l
ine 1007.
Package marginnote Info: right page because not two side mode on input line 100
7.
Package marginnote Info: xpos seems to be 76.79057pt on input line 1007.
Package marginnote Info: Margin note 5225.4 is on absolute page 5225 on input l
ine 1020.
Package marginnote Info: right page because not two side mode on input line 102
0.
Package marginnote Info: xpos seems to be 77.15115pt on input line 1020.
Package marginnote Info: Margin note 5225.5 is on absolute page 5225 on input l
ine 1029.
Package marginnote Info: right page because not two side mode on input line 102
9.
Package marginnote Info: xpos seems to be 77.00673pt on input line 1029.
Package marginnote Info: Margin note 5225.6 is on absolute page 5225 on input l
ine 1042.
Package marginnote Info: right page because not two side mode on input line 104
2.
Package marginnote Info: xpos seems to be 77.4842pt on input line 1042.
Package marginnote Info: Margin note 5225.7 is on absolute page 5225 on input l
ine 1047.
Package marginnote Info: right page because not two side mode on input line 104
7.
Package marginnote Info: xpos seems to be 76.99657pt on input line 1047.
Package marginnote Info: Margin note 5225.8 is on absolute page 5225 on input l
ine 1054.
Package marginnote Info: right page because not two side mode on input line 105
4.
Package marginnote Info: xpos seems to be 101.1916pt on input line 1054.
Package marginnote Info: Margin note 5225.9 is on absolute page 5225 on input l
ine 1059.
Package marginnote Info: right page because not two side mode on input line 105
9.
Package marginnote Info: xpos seems to be 75.87657pt on input line 1059.
Package marginnote Info: Margin note 5225.10 is on absolute page 5225 on input 
line 1064.
Package marginnote Info: right page because not two side mode on input line 106
4.
Package marginnote Info: xpos seems to be 77.00214pt on input line 1064.
 [5225]
Package marginnote Info: Margin note 5226.1 is on absolute page 5226 on input l
ine 1073.
Package marginnote Info: right page because not two side mode on input line 107
3.
Package marginnote Info: xpos seems to be 104.77483pt on input line 1073.
Package marginnote Info: Margin note 5226.2 is on absolute page 5226 on input l
ine 1082.
Package marginnote Info: right page because not two side mode on input line 108
2.
Package marginnote Info: xpos seems to be 77.67638pt on input line 1082.

Overfull \hbox (2.86497pt too wide) in paragraph at lines 1084--1087
[][] 
 []

Package marginnote Info: Margin note 5226.3 is on absolute page 5226 on input l
ine 1099.
Package marginnote Info: right page because not two side mode on input line 109
9.
Package marginnote Info: xpos seems to be 70.55515pt on input line 1099.
Package marginnote Info: Margin note 5226.4 is on absolute page 5226 on input l
ine 1108.
Package marginnote Info: right page because not two side mode on input line 110
8.
Package marginnote Info: xpos seems to be 60.88498pt on input line 1108.

Overfull \hbox (2.86497pt too wide) in paragraph at lines 1114--1120
[][] 
 []

Package marginnote Info: Margin note 5226.5 is on absolute page 5226 on input l
ine 1124.
Package marginnote Info: right page because not two side mode on input line 112
4.
Package marginnote Info: xpos seems to be 76.72624pt on input line 1124.

Overfull \hbox (2.86497pt too wide) in paragraph at lines 1128--1132
[][] 
 []

Package marginnote Info: Margin note 5226.6 is on absolute page 5226 on input l
ine 1136.
Package marginnote Info: right page because not two side mode on input line 113
6.
Package marginnote Info: xpos seems to be 78.55902pt on input line 1136.
Package marginnote Info: Margin note 5226.7 is on absolute page 5226 on input l
ine 1141.
Package marginnote Info: right page because not two side mode on input line 114
1.
Package marginnote Info: xpos seems to be 70.37474pt on input line 1141.
[5226]
Package marginnote Info: Margin note 5227.1 is on absolute page 5227 on input l
ine 1195.
Package marginnote Info: right page because not two side mode on input line 119
5.
Package marginnote Info: xpos seems to be 70.06473pt on input line 1195.
Package marginnote Info: Margin note 5227.2 is on absolute page 5227 on input l
ine 1199.
Package marginnote Info: right page because not two side mode on input line 119
9.
Package marginnote Info: xpos seems to be 137.94344pt on input line 1199.
Package marginnote Info: Margin note 5227.3 is on absolute page 5227 on input l
ine 1203.
Package marginnote Info: right page because not two side mode on input line 120
3.
Package marginnote Info: xpos seems to be 210.20541pt on input line 1203.
Package marginnote Info: Margin note 5227.4 is on absolute page 5227 on input l
ine 1207.
Package marginnote Info: right page because not two side mode on input line 120
7.
Package marginnote Info: xpos seems to be 475.44649pt on input line 1207.
Package marginnote Info: Margin note 5227.5 is on absolute page 5227 on input l
ine 1211.
Package marginnote Info: right page because not two side mode on input line 121
1.
Package marginnote Info: xpos seems to be 269.82816pt on input line 1211.
Package marginnote Info: Margin note 5227.6 is on absolute page 5227 on input l
ine 1216.
Package marginnote Info: right page because not two side mode on input line 121
6.
Package marginnote Info: xpos seems to be 73.52184pt on input line 1216.
Package marginnote Info: Margin note 5227.7 is on absolute page 5227 on input l
ine 1220.
Package marginnote Info: right page because not two side mode on input line 122
0.
Package marginnote Info: xpos seems to be 385.44926pt on input line 1220.
Package marginnote Info: Margin note 5227.8 is on absolute page 5227 on input l
ine 1224.
Package marginnote Info: right page because not two side mode on input line 122
4.
Package marginnote Info: xpos seems to be 439.09097pt on input line 1224.
Package marginnote Info: Margin note 5227.9 is on absolute page 5227 on input l
ine 1233.
Package marginnote Info: right page because not two side mode on input line 123
3.
Package marginnote Info: xpos seems to be 170.98782pt on input line 1233.
Package marginnote Info: Margin note 5227.10 is on absolute page 5227 on input 
line 1237.
Package marginnote Info: right page because not two side mode on input line 123
7.
Package marginnote Info: xpos seems to be 571.08163pt on input line 1237.
Package marginnote Info: Margin note 5227.11 is on absolute page 5227 on input 
line 1242.
Package marginnote Info: right page because not two side mode on input line 124
2.
Package marginnote Info: xpos seems to be 77.65776pt on input line 1242.
Package marginnote Info: Margin note 5227.12 is on absolute page 5227 on input 
line 1247.
Package marginnote Info: right page because not two side mode on input line 124
7.
Package marginnote Info: xpos seems to be 78.79303pt on input line 1247.
Package marginnote Info: Margin note 5227.13 is on absolute page 5227 on input 
line 1252.
Package marginnote Info: right page because not two side mode on input line 125
2.
Package marginnote Info: xpos seems to be 71.04622pt on input line 1252.
Package marginnote Info: Margin note 5227.14 is on absolute page 5227 on input 
line 1256.
Package marginnote Info: right page because not two side mode on input line 125
6.
Package marginnote Info: xpos seems to be 157.21878pt on input line 1256.
 [5227]
Package marginnote Info: Margin note 5228.1 is on absolute page 5228 on input l
ine 1261.
Package marginnote Info: right page because not two side mode on input line 126
1.
Package marginnote Info: xpos seems to be 60.03998pt on input line 1261.
Package marginnote Info: Margin note 5228.2 is on absolute page 5228 on input l
ine 1266.
Package marginnote Info: right page because not two side mode on input line 126
6.
Package marginnote Info: xpos seems to be 65.41045pt on input line 1266.
Package marginnote Info: Margin note 5228.3 is on absolute page 5228 on input l
ine 1270.
Package marginnote Info: right page because not two side mode on input line 127
0.
Package marginnote Info: xpos seems to be 313.92657pt on input line 1270.
Package marginnote Info: Margin note 5228.4 is on absolute page 5228 on input l
ine 1275.
Package marginnote Info: right page because not two side mode on input line 127
5.
Package marginnote Info: xpos seems to be 70.80414pt on input line 1275.
Package marginnote Info: Margin note 5228.5 is on absolute page 5228 on input l
ine 1319.
Package marginnote Info: right page because not two side mode on input line 131
9.
Package marginnote Info: xpos seems to be 95.36444pt on input line 1319.
Package marginnote Info: Margin note 5228.6 is on absolute page 5228 on input l
ine 1326.
Package marginnote Info: right page because not two side mode on input line 132
6.
Package marginnote Info: xpos seems to be 73.3343pt on input line 1326.
Package marginnote Info: Margin note 5228.7 is on absolute page 5228 on input l
ine 1330.
Package marginnote Info: right page because not two side mode on input line 133
0.
Package marginnote Info: xpos seems to be 350.26285pt on input line 1330.
Package marginnote Info: Margin note 5228.8 is on absolute page 5228 on input l
ine 1336.
Package marginnote Info: right page because not two side mode on input line 133
6.
Package marginnote Info: xpos seems to be 83.90915pt on input line 1336.
Package marginnote Info: Margin note 5228.9 is on absolute page 5229 on input l
ine 1341.
Package marginnote Info: right page because not two side mode on input line 134
1.
Package marginnote Info: xpos seems to be 82.5949pt on input line 1341.
Package marginnote Info: Margin note 5228.10 is on absolute page 5229 on input 
line 1345.
Package marginnote Info: right page because not two side mode on input line 134
5.
Package marginnote Info: xpos seems to be 61.13503pt on input line 1345.
Package marginnote Info: Margin note 5228.11 is on absolute page 5229 on input 
line 1349.
Package marginnote Info: right page because not two side mode on input line 134
9.
Package marginnote Info: xpos seems to be 337.2212pt on input line 1349.
Package marginnote Info: Margin note 5228.12 is on absolute page 5229 on input 
line 1353.
Package marginnote Info: right page because not two side mode on input line 135
3.
Package marginnote Info: xpos seems to be 241.60245pt on input line 1353.
Package marginnote Info: Margin note 5228.13 is on absolute page 5229 on input 
line 1357.
Package marginnote Info: right page because not two side mode on input line 135
7.
Package marginnote Info: xpos seems to be 391.91714pt on input line 1357.
Package marginnote Info: Margin note 5228.14 is on absolute page 5229 on input 
line 1361.
Package marginnote Info: right page because not two side mode on input line 136
1.
Package marginnote Info: xpos seems to be 61.13503pt on input line 1361.
 [5228]
Package marginnote Info: Margin note 5229.1 is on absolute page 5229 on input l
ine 1366.
Package marginnote Info: right page because not two side mode on input line 136
6.
Package marginnote Info: xpos seems to be 87.60072pt on input line 1366.
Package marginnote Info: Margin note 5229.2 is on absolute page 5229 on input l
ine 1372.
Package marginnote Info: right page because not two side mode on input line 137
2.
Package marginnote Info: xpos seems to be 133.61624pt on input line 1372.
Package marginnote Info: Margin note 5229.3 is on absolute page 5229 on input l
ine 1376.
Package marginnote Info: right page because not two side mode on input line 137
6.
Package marginnote Info: xpos seems to be 381.45757pt on input line 1376.
Package marginnote Info: Margin note 5229.4 is on absolute page 5229 on input l
ine 1380.
Package marginnote Info: right page because not two side mode on input line 138
0.
Package marginnote Info: xpos seems to be 388.15698pt on input line 1380.
Package marginnote Info: Margin note 5229.5 is on absolute page 5229 on input l
ine 1385.
Package marginnote Info: right page because not two side mode on input line 138
5.
Package marginnote Info: xpos seems to be 78.9617pt on input line 1385.
Package marginnote Info: Margin note 5229.6 is on absolute page 5229 on input l
ine 1389.
Package marginnote Info: right page because not two side mode on input line 138
9.
Package marginnote Info: xpos seems to be 369.14194pt on input line 1389.
Package marginnote Info: Margin note 5229.7 is on absolute page 5229 on input l
ine 1395.
Package marginnote Info: right page because not two side mode on input line 139
5.
Package marginnote Info: xpos seems to be 70.0129pt on input line 1395.
 [5229]
Package marginnote Info: Margin note 5230.1 is on absolute page 5230 on input l
ine 1445.
Package marginnote Info: right page because not two side mode on input line 144
5.
Package marginnote Info: xpos seems to be 66.436pt on input line 1445.
Package marginnote Info: Margin note 5230.2 is on absolute page 5230 on input l
ine 1450.
Package marginnote Info: right page because not two side mode on input line 145
0.
Package marginnote Info: xpos seems to be 398.77217pt on input line 1450.
Package marginnote Info: Margin note 5230.3 is on absolute page 5230 on input l
ine 1495.
Package marginnote Info: right page because not two side mode on input line 149
5.
Package marginnote Info: xpos seems to be 64.30489pt on input line 1495.
Package marginnote Info: Margin note 5230.4 is on absolute page 5230 on input l
ine 1501.
Package marginnote Info: right page because not two side mode on input line 150
1.
Package marginnote Info: xpos seems to be 100.78816pt on input line 1501.
Package marginnote Info: Margin note 5230.5 is on absolute page 5230 on input l
ine 1506.
Package marginnote Info: right page because not two side mode on input line 150
6.
Package marginnote Info: xpos seems to be 61.51855pt on input line 1506.
Package marginnote Info: Margin note 5230.6 is on absolute page 5230 on input l
ine 1511.
Package marginnote Info: right page because not two side mode on input line 151
1.
Package marginnote Info: xpos seems to be 67.72997pt on input line 1511.
Package marginnote Info: Margin note 5230.7 is on absolute page 5230 on input l
ine 1515.
Package marginnote Info: right page because not two side mode on input line 151
5.
Package marginnote Info: xpos seems to be 538.87767pt on input line 1515.
Package marginnote Info: Margin note 5230.8 is on absolute page 5231 on input l
ine 1519.
Package marginnote Info: right page because not two side mode on input line 151
9.
Package marginnote Info: xpos seems to be 283.3033pt on input line 1519.
 [5230]
Package marginnote Info: Margin note 5231.1 is on absolute page 5231 on input l
ine 1524.
Package marginnote Info: right page because not two side mode on input line 152
4.
Package marginnote Info: xpos seems to be 75.3159pt on input line 1524.
Package marginnote Info: Margin note 5231.2 is on absolute page 5231 on input l
ine 1529.
Package marginnote Info: right page because not two side mode on input line 152
9.
Package marginnote Info: xpos seems to be 74.31044pt on input line 1529.
Package marginnote Info: Margin note 5231.3 is on absolute page 5231 on input l
ine 1534.
Package marginnote Info: right page because not two side mode on input line 153
4.
Package marginnote Info: xpos seems to be 64.67477pt on input line 1534.
Package marginnote Info: Margin note 5231.4 is on absolute page 5231 on input l
ine 1594.
Package marginnote Info: right page because not two side mode on input line 159
4.
Package marginnote Info: xpos seems to be 451.47473pt on input line 1594.
Package marginnote Info: Margin note 5231.5 is on absolute page 5231 on input l
ine 1606.
Package marginnote Info: right page because not two side mode on input line 160
6.
Package marginnote Info: xpos seems to be 78.36119pt on input line 1606.
Package marginnote Info: Margin note 5231.6 is on absolute page 5231 on input l
ine 1610.
Package marginnote Info: right page because not two side mode on input line 161
0.
Package marginnote Info: xpos seems to be 523.22621pt on input line 1610.
Package marginnote Info: Margin note 5231.7 is on absolute page 5231 on input l
ine 1615.
Package marginnote Info: right page because not two side mode on input line 161
5.
Package marginnote Info: xpos seems to be 73.20528pt on input line 1615.
Package marginnote Info: Margin note 5231.8 is on absolute page 5231 on input l
ine 1619.
Package marginnote Info: right page because not two side mode on input line 161
9.
Package marginnote Info: xpos seems to be 255.94868pt on input line 1619.
Package marginnote Info: Margin note 5231.9 is on absolute page 5232 on input l
ine 1624.
Package marginnote Info: right page because not two side mode on input line 162
4.
Package marginnote Info: xpos seems to be 77.00673pt on input line 1624.
 [5231]
Package marginnote Info: Margin note 5232.1 is on absolute page 5232 on input l
ine 1635.
Package marginnote Info: right page because not two side mode on input line 163
5.
Package marginnote Info: xpos seems to be 86.31801pt on input line 1635.
Package marginnote Info: Margin note 5232.2 is on absolute page 5232 on input l
ine 1640.
Package marginnote Info: right page because not two side mode on input line 164
0.
Package marginnote Info: xpos seems to be 262.66255pt on input line 1640.
Package marginnote Info: Margin note 5232.3 is on absolute page 5232 on input l
ine 1690.
Package marginnote Info: right page because not two side mode on input line 169
0.
Package marginnote Info: xpos seems to be 113.0399pt on input line 1690.
Package marginnote Info: Margin note 5232.4 is on absolute page 5232 on input l
ine 1695.
Package marginnote Info: right page because not two side mode on input line 169
5.
Package marginnote Info: xpos seems to be 66.78957pt on input line 1695.
Package marginnote Info: Margin note 5232.5 is on absolute page 5232 on input l
ine 1700.
Package marginnote Info: right page because not two side mode on input line 170
0.
Package marginnote Info: xpos seems to be 81.67963pt on input line 1700.
Package marginnote Info: Margin note 5232.6 is on absolute page 5232 on input l
ine 1704.
Package marginnote Info: right page because not two side mode on input line 170
4.
Package marginnote Info: xpos seems to be 72.71431pt on input line 1704.
Package marginnote Info: Margin note 5232.7 is on absolute page 5232 on input l
ine 1709.
Package marginnote Info: right page because not two side mode on input line 170
9.
Package marginnote Info: xpos seems to be 80.36847pt on input line 1709.
Package marginnote Info: Margin note 5232.8 is on absolute page 5232 on input l
ine 1714.
Package marginnote Info: right page because not two side mode on input line 171
4.
Package marginnote Info: xpos seems to be 86.16031pt on input line 1714.
Package marginnote Info: Margin note 5232.9 is on absolute page 5233 on input l
ine 1719.
Package marginnote Info: right page because not two side mode on input line 171
9.
Package marginnote Info: xpos seems to be 61.27382pt on input line 1719.
 [5232]
Package marginnote Info: Margin note 5233.1 is on absolute page 5233 on input l
ine 1771.
Package marginnote Info: right page because not two side mode on input line 177
1.
Package marginnote Info: xpos seems to be 96.3061pt on input line 1771.
Package marginnote Info: Margin note 5233.2 is on absolute page 5233 on input l
ine 1775.
Package marginnote Info: right page because not two side mode on input line 177
5.
Package marginnote Info: xpos seems to be 530.26793pt on input line 1775.
Package marginnote Info: Margin note 5233.3 is on absolute page 5233 on input l
ine 1779.
Package marginnote Info: right page because not two side mode on input line 177
9.
Package marginnote Info: xpos seems to be 265.69374pt on input line 1779.
Package marginnote Info: Margin note 5233.4 is on absolute page 5233 on input l
ine 1783.
Package marginnote Info: right page because not two side mode on input line 178
3.
Package marginnote Info: xpos seems to be 473.49771pt on input line 1783.
Package marginnote Info: Margin note 5233.5 is on absolute page 5234 on input l
ine 1833.
Package marginnote Info: right page because not two side mode on input line 183
3.
Package marginnote Info: xpos seems to be 76.14102pt on input line 1833.
Package marginnote Info: Margin note 5233.6 is on absolute page 5234 on input l
ine 1838.
Package marginnote Info: right page because not two side mode on input line 183
8.
Package marginnote Info: xpos seems to be 131.46869pt on input line 1838.
Package marginnote Info: Margin note 5233.7 is on absolute page 5234 on input l
ine 1842.
Package marginnote Info: right page because not two side mode on input line 184
2.
Package marginnote Info: xpos seems to be 521.84724pt on input line 1842.
Package marginnote Info: Margin note 5233.8 is on absolute page 5234 on input l
ine 1846.
Package marginnote Info: right page because not two side mode on input line 184
6.
Package marginnote Info: xpos seems to be 382.6051pt on input line 1846.
Package marginnote Info: Margin note 5233.9 is on absolute page 5234 on input l
ine 1850.
Package marginnote Info: right page because not two side mode on input line 185
0.
Package marginnote Info: xpos seems to be 188.34825pt on input line 1850.
Package marginnote Info: Margin note 5233.10 is on absolute page 5234 on input 
line 1854.
Package marginnote Info: right page because not two side mode on input line 185
4.
Package marginnote Info: xpos seems to be 86.69864pt on input line 1854.
 [5233] [5234]
Package marginnote Info: Margin note 5235.1 is on absolute page 5235 on input l
ine 1915.
Package marginnote Info: right page because not two side mode on input line 191
5.
Package marginnote Info: xpos seems to be 100.40703pt on input line 1915.
Package marginnote Info: Margin note 5235.2 is on absolute page 5235 on input l
ine 1919.
Package marginnote Info: right page because not two side mode on input line 191
9.
Package marginnote Info: xpos seems to be 496.4764pt on input line 1919.
Package marginnote Info: Margin note 5235.3 is on absolute page 5235 on input l
ine 1923.
Package marginnote Info: right page because not two side mode on input line 192
3.
Package marginnote Info: xpos seems to be 284.62802pt on input line 1923.
Package marginnote Info: Margin note 5235.4 is on absolute page 5235 on input l
ine 1927.
Package marginnote Info: right page because not two side mode on input line 192
7.
Package marginnote Info: xpos seems to be 120.4582pt on input line 1927.
Package marginnote Info: Margin note 5235.5 is on absolute page 5235 on input l
ine 1931.
Package marginnote Info: right page because not two side mode on input line 193
1.
Package marginnote Info: xpos seems to be 91.24294pt on input line 1931.
Package marginnote Info: Margin note 5235.6 is on absolute page 5235 on input l
ine 1935.
Package marginnote Info: right page because not two side mode on input line 193
5.
Package marginnote Info: xpos seems to be 182.95947pt on input line 1935.
Package marginnote Info: Margin note 5235.7 is on absolute page 5235 on input l
ine 1939.
Package marginnote Info: right page because not two side mode on input line 193
9.
Package marginnote Info: xpos seems to be 451.0416pt on input line 1939.
Package marginnote Info: Margin note 5235.8 is on absolute page 5235 on input l
ine 1943.
Package marginnote Info: right page because not two side mode on input line 194
3.
Package marginnote Info: xpos seems to be 243.74846pt on input line 1943.
Package marginnote Info: Margin note 5235.9 is on absolute page 5235 on input l
ine 1948.
Package marginnote Info: right page because not two side mode on input line 194
8.
Package marginnote Info: xpos seems to be 88.91452pt on input line 1948.
Package marginnote Info: Margin note 5235.10 is on absolute page 5235 on input 
line 1959.
Package marginnote Info: right page because not two side mode on input line 195
9.
Package marginnote Info: xpos seems to be 71.2163pt on input line 1959.
Package marginnote Info: Margin note 5235.11 is on absolute page 5235 on input 
line 1963.
Package marginnote Info: right page because not two side mode on input line 196
3.
Package marginnote Info: xpos seems to be 404.76817pt on input line 1963.
Package marginnote Info: Margin note 5235.12 is on absolute page 5235 on input 
line 1967.
Package marginnote Info: right page because not two side mode on input line 196
7.
Package marginnote Info: xpos seems to be 309.28935pt on input line 1967.
 [5235]
Package marginnote Info: Margin note 5236.1 is on absolute page 5236 on input l
ine 2014.
Package marginnote Info: right page because not two side mode on input line 201
4.
Package marginnote Info: xpos seems to be 70.37474pt on input line 2014.
Package marginnote Info: Margin note 5236.2 is on absolute page 5236 on input l
ine 2020.
Package marginnote Info: right page because not two side mode on input line 202
0.
Package marginnote Info: xpos seems to be 103.67422pt on input line 2020.
Package marginnote Info: Margin note 5236.3 is on absolute page 5236 on input l
ine 2027.
Package marginnote Info: right page because not two side mode on input line 202
7.
Package marginnote Info: xpos seems to be 103.39508pt on input line 2027.
Package marginnote Info: Margin note 5236.4 is on absolute page 5236 on input l
ine 2032.
Package marginnote Info: right page because not two side mode on input line 203
2.
Package marginnote Info: xpos seems to be 66.36707pt on input line 2032.
Package marginnote Info: Margin note 5236.5 is on absolute page 5236 on input l
ine 2036.
Package marginnote Info: right page because not two side mode on input line 203
6.
Package marginnote Info: xpos seems to be 36.135pt on input line 2036.
Package marginnote Info: Margin note 5236.6 is on absolute page 5236 on input l
ine 2040.
Package marginnote Info: right page because not two side mode on input line 204
0.
Package marginnote Info: xpos seems to be 367.30777pt on input line 2040.
Package marginnote Info: Margin note 5236.7 is on absolute page 5236 on input l
ine 2045.
Package marginnote Info: right page because not two side mode on input line 204
5.
Package marginnote Info: xpos seems to be 66.59792pt on input line 2045.
Package marginnote Info: Margin note 5236.8 is on absolute page 5236 on input l
ine 2050.
Package marginnote Info: right page because not two side mode on input line 205
0.
Package marginnote Info: xpos seems to be 103.40414pt on input line 2050.
Package marginnote Info: Margin note 5236.9 is on absolute page 5236 on input l
ine 2055.
Package marginnote Info: right page because not two side mode on input line 205
5.
Package marginnote Info: xpos seems to be 66.5894pt on input line 2055.
Package marginnote Info: Margin note 5236.10 is on absolute page 5236 on input 
line 2060.
Package marginnote Info: right page because not two side mode on input line 206
0.
Package marginnote Info: xpos seems to be 95.20616pt on input line 2060.
Package marginnote Info: Margin note 5236.11 is on absolute page 5237 on input 
line 2065.
Package marginnote Info: right page because not two side mode on input line 206
5.
Package marginnote Info: xpos seems to be 66.7119pt on input line 2065.
 [5236]
Package marginnote Info: Margin note 5237.1 is on absolute page 5237 on input l
ine 2070.
Package marginnote Info: right page because not two side mode on input line 207
0.
Package marginnote Info: xpos seems to be 66.77245pt on input line 2070.
Package marginnote Info: Margin note 5237.2 is on absolute page 5237 on input l
ine 2075.
Package marginnote Info: right page because not two side mode on input line 207
5.
Package marginnote Info: xpos seems to be 66.8445pt on input line 2075.
Package marginnote Info: Margin note 5237.3 is on absolute page 5237 on input l
ine 2080.
Package marginnote Info: right page because not two side mode on input line 208
0.
Package marginnote Info: xpos seems to be 66.29681pt on input line 2080.
Package marginnote Info: Margin note 5237.4 is on absolute page 5237 on input l
ine 2084.
Package marginnote Info: right page because not two side mode on input line 208
4.
Package marginnote Info: xpos seems to be 460.64998pt on input line 2084.
Package marginnote Info: Margin note 5237.5 is on absolute page 5237 on input l
ine 2089.
Package marginnote Info: right page because not two side mode on input line 208
9.
Package marginnote Info: xpos seems to be 70.3342pt on input line 2089.
Package marginnote Info: Margin note 5237.6 is on absolute page 5237 on input l
ine 2093.
Package marginnote Info: right page because not two side mode on input line 209
3.
Package marginnote Info: xpos seems to be 139.03203pt on input line 2093.
Package marginnote Info: Margin note 5237.7 is on absolute page 5237 on input l
ine 2097.
Package marginnote Info: right page because not two side mode on input line 209
7.
Package marginnote Info: xpos seems to be 453.87955pt on input line 2097.
Package marginnote Info: Margin note 5237.8 is on absolute page 5237 on input l
ine 2102.
Package marginnote Info: right page because not two side mode on input line 210
2.
Package marginnote Info: xpos seems to be 77.76479pt on input line 2102.
Package marginnote Info: Margin note 5237.9 is on absolute page 5237 on input l
ine 2109.
Package marginnote Info: right page because not two side mode on input line 210
9.
Package marginnote Info: xpos seems to be 66.6114pt on input line 2109.
Package marginnote Info: Margin note 5237.10 is on absolute page 5237 on input 
line 2114.
Package marginnote Info: right page because not two side mode on input line 211
4.
Package marginnote Info: xpos seems to be 66.83273pt on input line 2114.
Package marginnote Info: Margin note 5237.11 is on absolute page 5237 on input 
line 2119.
Package marginnote Info: right page because not two side mode on input line 211
9.
Package marginnote Info: xpos seems to be 66.24298pt on input line 2119.
Package marginnote Info: Margin note 5237.12 is on absolute page 5237 on input 
line 2124.
Package marginnote Info: right page because not two side mode on input line 212
4.
Package marginnote Info: xpos seems to be 67.48506pt on input line 2124.
Package marginnote Info: Margin note 5237.13 is on absolute page 5237 on input 
line 2129.
Package marginnote Info: right page because not two side mode on input line 212
9.
Package marginnote Info: xpos seems to be 73.26201pt on input line 2129.
Package marginnote Info: Margin note 5237.14 is on absolute page 5237 on input 
line 2134.
Package marginnote Info: right page because not two side mode on input line 213
4.
Package marginnote Info: xpos seems to be 80.05241pt on input line 2134.

[5237]
Package marginnote Info: Margin note 5238.1 is on absolute page 5238 on input l
ine 2141.
Package marginnote Info: right page because not two side mode on input line 214
1.
Package marginnote Info: xpos seems to be 60.39061pt on input line 2141.
Package marginnote Info: Margin note 5238.2 is on absolute page 5238 on input l
ine 2146.
Package marginnote Info: right page because not two side mode on input line 214
6.
Package marginnote Info: xpos seems to be 76.8433pt on input line 2146.
Package marginnote Info: Margin note 5238.3 is on absolute page 5238 on input l
ine 2200.
Package marginnote Info: right page because not two side mode on input line 220
0.
Package marginnote Info: xpos seems to be 93.94972pt on input line 2200.
Package marginnote Info: Margin note 5238.4 is on absolute page 5238 on input l
ine 2204.
Package marginnote Info: right page because not two side mode on input line 220
4.
Package marginnote Info: xpos seems to be 561.00604pt on input line 2204.
Package marginnote Info: Margin note 5238.5 is on absolute page 5238 on input l
ine 2208.
Package marginnote Info: right page because not two side mode on input line 220
8.
Package marginnote Info: xpos seems to be 472.17094pt on input line 2208.
 [5238]
Package marginnote Info: Margin note 5239.1 is on absolute page 5239 on input l
ine 2297.
Package marginnote Info: right page because not two side mode on input line 229
7.
Package marginnote Info: xpos seems to be 86.33467pt on input line 2297.
Package marginnote Info: Margin note 5239.2 is on absolute page 5239 on input l
ine 2303.
Package marginnote Info: right page because not two side mode on input line 230
3.
Package marginnote Info: xpos seems to be 279.53606pt on input line 2303.
Package marginnote Info: Margin note 5239.3 is on absolute page 5239 on input l
ine 2308.
Package marginnote Info: right page because not two side mode on input line 230
8.
Package marginnote Info: xpos seems to be 77.96358pt on input line 2308.
Package marginnote Info: Margin note 5239.4 is on absolute page 5239 on input l
ine 2313.
Package marginnote Info: right page because not two side mode on input line 231
3.
Package marginnote Info: xpos seems to be 75.0748pt on input line 2313.
Package marginnote Info: Margin note 5239.5 is on absolute page 5239 on input l
ine 2320.
Package marginnote Info: right page because not two side mode on input line 232
0.
Package marginnote Info: xpos seems to be 79.7822pt on input line 2320.
Package marginnote Info: Margin note 5239.6 is on absolute page 5239 on input l
ine 2324.
Package marginnote Info: right page because not two side mode on input line 232
4.
Package marginnote Info: xpos seems to be 199.76268pt on input line 2324.
Package marginnote Info: Margin note 5239.7 is on absolute page 5239 on input l
ine 2328.
Package marginnote Info: right page because not two side mode on input line 232
8.
Package marginnote Info: xpos seems to be 141.21907pt on input line 2328.
Package marginnote Info: Margin note 5239.8 is on absolute page 5239 on input l
ine 2332.
Package marginnote Info: right page because not two side mode on input line 233
2.
Package marginnote Info: xpos seems to be 160.87811pt on input line 2332.
Package marginnote Info: Margin note 5239.9 is on absolute page 5239 on input l
ine 2339.
Package marginnote Info: right page because not two side mode on input line 233
9.
Package marginnote Info: xpos seems to be 60.3261pt on input line 2339.
Package marginnote Info: Margin note 5239.10 is on absolute page 5239 on input 
line 2343.
Package marginnote Info: right page because not two side mode on input line 234
3.
Package marginnote Info: xpos seems to be 230.72495pt on input line 2343.
Package marginnote Info: Margin note 5239.11 is on absolute page 5239 on input 
line 2348.
Package marginnote Info: right page because not two side mode on input line 234
8.
Package marginnote Info: xpos seems to be 60.26942pt on input line 2348.
Package marginnote Info: Margin note 5239.12 is on absolute page 5239 on input 
line 2355.
Package marginnote Info: right page because not two side mode on input line 235
5.
Package marginnote Info: xpos seems to be 74.20564pt on input line 2355.
 [5239]
Package marginnote Info: Margin note 5240.1 is on absolute page 5240 on input l
ine 2405.
Package marginnote Info: right page because not two side mode on input line 240
5.
Package marginnote Info: xpos seems to be 70.51344pt on input line 2405.
Package marginnote Info: Margin note 5240.2 is on absolute page 5240 on input l
ine 2409.
Package marginnote Info: right page because not two side mode on input line 240
9.
Package marginnote Info: xpos seems to be 496.41397pt on input line 2409.
Package marginnote Info: Margin note 5240.3 is on absolute page 5240 on input l
ine 2453.
Package marginnote Info: right page because not two side mode on input line 245
3.
Package marginnote Info: xpos seems to be 104.00418pt on input line 2453.
Package marginnote Info: Margin note 5240.4 is on absolute page 5240 on input l
ine 2461.
Package marginnote Info: right page because not two side mode on input line 246
1.
Package marginnote Info: xpos seems to be 173.34546pt on input line 2461.
Package marginnote Info: Margin note 5240.5 is on absolute page 5240 on input l
ine 2465.
Package marginnote Info: right page because not two side mode on input line 246
5.
Package marginnote Info: xpos seems to be 351.82413pt on input line 2465.
 [5240]
Package marginnote Info: Margin note 5241.1 is on absolute page 5241 on input l
ine 2513.
Package marginnote Info: right page because not two side mode on input line 251
3.
Package marginnote Info: xpos seems to be 543.30942pt on input line 2513.
Package marginnote Info: Margin note 5241.2 is on absolute page 5241 on input l
ine 2521.
Package marginnote Info: right page because not two side mode on input line 252
1.
Package marginnote Info: xpos seems to be 81.12935pt on input line 2521.
Package marginnote Info: Margin note 5241.3 is on absolute page 5241 on input l
ine 2528.
Package marginnote Info: right page because not two side mode on input line 252
8.
Package marginnote Info: xpos seems to be 100.9329pt on input line 2528.
Package marginnote Info: Margin note 5241.4 is on absolute page 5241 on input l
ine 2533.
Package marginnote Info: right page because not two side mode on input line 253
3.
Package marginnote Info: xpos seems to be 103.18573pt on input line 2533.
Package marginnote Info: Margin note 5241.5 is on absolute page 5241 on input l
ine 2537.
Package marginnote Info: right page because not two side mode on input line 253
7.
Package marginnote Info: xpos seems to be 229.04907pt on input line 2537.
Package marginnote Info: Margin note 5241.6 is on absolute page 5241 on input l
ine 2544.
Package marginnote Info: right page because not two side mode on input line 254
4.
Package marginnote Info: xpos seems to be 92.14807pt on input line 2544.
Package marginnote Info: Margin note 5241.7 is on absolute page 5241 on input l
ine 2549.
Package marginnote Info: right page because not two side mode on input line 254
9.
Package marginnote Info: xpos seems to be 60.17676pt on input line 2549.
Package marginnote Info: Margin note 5241.8 is on absolute page 5241 on input l
ine 2554.
Package marginnote Info: right page because not two side mode on input line 255
4.
Package marginnote Info: xpos seems to be 67.38635pt on input line 2554.
Package marginnote Info: Margin note 5241.9 is on absolute page 5241 on input l
ine 2559.
Package marginnote Info: right page because not two side mode on input line 255
9.
Package marginnote Info: xpos seems to be 78.83467pt on input line 2559.
Package marginnote Info: Margin note 5241.10 is on absolute page 5241 on input 
line 2565.
Package marginnote Info: right page because not two side mode on input line 256
5.
Package marginnote Info: xpos seems to be 137.92601pt on input line 2565.
Package marginnote Info: Margin note 5241.11 is on absolute page 5241 on input 
line 2569.
Package marginnote Info: right page because not two side mode on input line 256
9.
Package marginnote Info: xpos seems to be 372.37494pt on input line 2569.
Package marginnote Info: Margin note 5241.12 is on absolute page 5242 on input 
line 2574.
Package marginnote Info: right page because not two side mode on input line 257
4.
Package marginnote Info: xpos seems to be 81.755pt on input line 2574.
 [5241]
Package marginnote Info: Margin note 5242.1 is on absolute page 5242 on input l
ine 2579.
Package marginnote Info: right page because not two side mode on input line 257
9.
Package marginnote Info: xpos seems to be 78.48761pt on input line 2579.
Package marginnote Info: Margin note 5242.2 is on absolute page 5242 on input l
ine 2627.
Package marginnote Info: right page because not two side mode on input line 262
7.
Package marginnote Info: xpos seems to be 513.33441pt on input line 2627.
Package marginnote Info: Margin note 5242.3 is on absolute page 5242 on input l
ine 2634.
Package marginnote Info: right page because not two side mode on input line 263
4.
Package marginnote Info: xpos seems to be 508.60396pt on input line 2634.
Package marginnote Info: Margin note 5242.4 is on absolute page 5242 on input l
ine 2638.
Package marginnote Info: right page because not two side mode on input line 263
8.
Package marginnote Info: xpos seems to be 275.40385pt on input line 2638.
Package marginnote Info: Margin note 5242.5 is on absolute page 5242 on input l
ine 2642.
Package marginnote Info: right page because not two side mode on input line 264
2.
Package marginnote Info: xpos seems to be 486.25092pt on input line 2642.
Package marginnote Info: Margin note 5242.6 is on absolute page 5242 on input l
ine 2646.
Package marginnote Info: right page because not two side mode on input line 264
6.
Package marginnote Info: xpos seems to be 166.8406pt on input line 2646.
Package marginnote Info: Margin note 5242.7 is on absolute page 5242 on input l
ine 2650.
Package marginnote Info: right page because not two side mode on input line 265
0.
Package marginnote Info: xpos seems to be 560.51497pt on input line 2650.
 [5242]
Package marginnote Info: Margin note 5243.1 is on absolute page 5243 on input l
ine 2657.
Package marginnote Info: right page because not two side mode on input line 265
7.
Package marginnote Info: xpos seems to be 60.37799pt on input line 2657.
Package marginnote Info: Margin note 5243.2 is on absolute page 5243 on input l
ine 2670.
Package marginnote Info: right page because not two side mode on input line 267
0.
Package marginnote Info: xpos seems to be 65.02184pt on input line 2670.
Package marginnote Info: Margin note 5243.3 is on absolute page 5243 on input l
ine 2691.
Package marginnote Info: right page because not two side mode on input line 269
1.
Package marginnote Info: xpos seems to be 67.37914pt on input line 2691.
Package marginnote Info: Margin note 5243.4 is on absolute page 5244 on input l
ine 2757.
Package marginnote Info: right page because not two side mode on input line 275
7.
Package marginnote Info: xpos seems to be 73.7128pt on input line 2757.
Package marginnote Info: Margin note 5243.5 is on absolute page 5244 on input l
ine 2763.
Package marginnote Info: right page because not two side mode on input line 276
3.
Package marginnote Info: xpos seems to be 252.07823pt on input line 2763.
 [5243]
Package marginnote Info: Margin note 5244.1 is on absolute page 5244 on input l
ine 2768.
Package marginnote Info: right page because not two side mode on input line 276
8.
Package marginnote Info: xpos seems to be 74.67395pt on input line 2768.
Package marginnote Info: Margin note 5244.2 is on absolute page 5244 on input l
ine 2814.
Package marginnote Info: right page because not two side mode on input line 281
4.
Package marginnote Info: xpos seems to be 514.0243pt on input line 2814.
Package marginnote Info: Margin note 5244.3 is on absolute page 5244 on input l
ine 2823.
Package marginnote Info: right page because not two side mode on input line 282
3.
Package marginnote Info: xpos seems to be 383.3854pt on input line 2823.
Package marginnote Info: Margin note 5244.4 is on absolute page 5244 on input l
ine 2827.
Package marginnote Info: right page because not two side mode on input line 282
7.
Package marginnote Info: xpos seems to be 80.32886pt on input line 2827.
 [5244]
Package marginnote Info: Margin note 5245.1 is on absolute page 5245 on input l
ine 2880.
Package marginnote Info: right page because not two side mode on input line 288
0.
Package marginnote Info: xpos seems to be 67.17564pt on input line 2880.
Package marginnote Info: Margin note 5245.2 is on absolute page 5245 on input l
ine 2887.
Package marginnote Info: right page because not two side mode on input line 288
7.
Package marginnote Info: xpos seems to be 60.25151pt on input line 2887.
Package marginnote Info: Margin note 5245.3 is on absolute page 5245 on input l
ine 2891.
Package marginnote Info: right page because not two side mode on input line 289
1.
Package marginnote Info: xpos seems to be 509.96132pt on input line 2891.
Package marginnote Info: Margin note 5245.4 is on absolute page 5245 on input l
ine 2896.
Package marginnote Info: right page because not two side mode on input line 289
6.
Package marginnote Info: xpos seems to be 66.64699pt on input line 2896.
Package marginnote Info: Margin note 5245.5 is on absolute page 5245 on input l
ine 2901.
Package marginnote Info: right page because not two side mode on input line 290
1.
Package marginnote Info: xpos seems to be 72.36797pt on input line 2901.
Package marginnote Info: Margin note 5245.6 is on absolute page 5245 on input l
ine 2905.
Package marginnote Info: right page because not two side mode on input line 290
5.
Package marginnote Info: xpos seems to be 64.41844pt on input line 2905.
Package marginnote Info: Margin note 5245.7 is on absolute page 5245 on input l
ine 2909.
Package marginnote Info: right page because not two side mode on input line 290
9.
Package marginnote Info: xpos seems to be 127.7021pt on input line 2909.
Package marginnote Info: Margin note 5245.8 is on absolute page 5245 on input l
ine 2914.
Package marginnote Info: right page because not two side mode on input line 291
4.
Package marginnote Info: xpos seems to be 69.42517pt on input line 2914.
Package marginnote Info: Margin note 5245.9 is on absolute page 5245 on input l
ine 2919.
Package marginnote Info: right page because not two side mode on input line 291
9.
Package marginnote Info: xpos seems to be 97.89612pt on input line 2919.
Package marginnote Info: Margin note 5245.10 is on absolute page 5245 on input 
line 2924.
Package marginnote Info: right page because not two side mode on input line 292
4.
Package marginnote Info: xpos seems to be 76.3656pt on input line 2924.
Package marginnote Info: Margin note 5245.11 is on absolute page 5246 on input 
line 2929.
Package marginnote Info: right page because not two side mode on input line 292
9.
Package marginnote Info: xpos seems to be 61.18707pt on input line 2929.
Package marginnote Info: Margin note 5245.12 is on absolute page 5246 on input 
line 2933.
Package marginnote Info: right page because not two side mode on input line 293
3.
Package marginnote Info: xpos seems to be 120.15953pt on input line 2933.
 [5245]
Package marginnote Info: Margin note 5246.1 is on absolute page 5246 on input l
ine 2938.
Package marginnote Info: right page because not two side mode on input line 293
8.
Package marginnote Info: xpos seems to be 84.8797pt on input line 2938.
Package marginnote Info: Margin note 5246.2 is on absolute page 5246 on input l
ine 2943.
Package marginnote Info: right page because not two side mode on input line 294
3.
Package marginnote Info: xpos seems to be 67.73465pt on input line 2943.
Package marginnote Info: Margin note 5246.3 is on absolute page 5246 on input l
ine 2948.
Package marginnote Info: right page because not two side mode on input line 294
8.
Package marginnote Info: xpos seems to be 70.07938pt on input line 2948.
Package marginnote Info: Margin note 5246.4 is on absolute page 5246 on input l
ine 2953.
Package marginnote Info: right page because not two side mode on input line 295
3.
Package marginnote Info: xpos seems to be 63.11407pt on input line 2953.
Package marginnote Info: Margin note 5246.5 is on absolute page 5246 on input l
ine 2964.
Package marginnote Info: right page because not two side mode on input line 296
4.
Package marginnote Info: xpos seems to be 427.06105pt on input line 2964.
Package marginnote Info: Margin note 5246.6 is on absolute page 5246 on input l
ine 2980.
Package marginnote Info: right page because not two side mode on input line 298
0.
Package marginnote Info: xpos seems to be 70.27312pt on input line 2980.
Package marginnote Info: Margin note 5246.7 is on absolute page 5246 on input l
ine 2987.
Package marginnote Info: right page because not two side mode on input line 298
7.
Package marginnote Info: xpos seems to be 77.38626pt on input line 2987.
Package marginnote Info: Margin note 5246.8 is on absolute page 5246 on input l
ine 2991.
Package marginnote Info: right page because not two side mode on input line 299
1.
Package marginnote Info: xpos seems to be 353.0099pt on input line 2991.
Package marginnote Info: Margin note 5246.9 is on absolute page 5246 on input l
ine 2995.
Package marginnote Info: right page because not two side mode on input line 299
5.
Package marginnote Info: xpos seems to be 476.23485pt on input line 2995.
Package marginnote Info: Margin note 5246.10 is on absolute page 5246 on input 
line 3000.
Package marginnote Info: right page because not two side mode on input line 300
0.
Package marginnote Info: xpos seems to be 93.88889pt on input line 3000.
 [5246]
Package marginnote Info: Margin note 5247.1 is on absolute page 5247 on input l
ine 3026.
Package marginnote Info: right page because not two side mode on input line 302
6.
Package marginnote Info: xpos seems to be 76.4834pt on input line 3026.
Package marginnote Info: Margin note 5247.2 is on absolute page 5247 on input l
ine 3031.
Package marginnote Info: right page because not two side mode on input line 303
1.
Package marginnote Info: xpos seems to be 60.19502pt on input line 3031.
Package marginnote Info: Margin note 5247.3 is on absolute page 5247 on input l
ine 3035.
Package marginnote Info: right page because not two side mode on input line 303
5.
Package marginnote Info: xpos seems to be 282.39438pt on input line 3035.
Package marginnote Info: Margin note 5247.4 is on absolute page 5247 on input l
ine 3040.
Package marginnote Info: right page because not two side mode on input line 304
0.
Package marginnote Info: xpos seems to be 67.50285pt on input line 3040.
Package marginnote Info: Margin note 5247.5 is on absolute page 5247 on input l
ine 3044.
Package marginnote Info: right page because not two side mode on input line 304
4.
Package marginnote Info: xpos seems to be 504.0023pt on input line 3044.
Package marginnote Info: Margin note 5247.6 is on absolute page 5247 on input l
ine 3049.
Package marginnote Info: right page because not two side mode on input line 304
9.
Package marginnote Info: xpos seems to be 75.96935pt on input line 3049.
Package marginnote Info: Margin note 5247.7 is on absolute page 5247 on input l
ine 3053.
Package marginnote Info: right page because not two side mode on input line 305
3.
Package marginnote Info: xpos seems to be 412.85507pt on input line 3053.
Package marginnote Info: Margin note 5247.8 is on absolute page 5247 on input l
ine 3109.
Package marginnote Info: right page because not two side mode on input line 310
9.
Package marginnote Info: xpos seems to be 514.08441pt on input line 3109.
Package marginnote Info: Margin note 5247.9 is on absolute page 5248 on input l
ine 3121.
Package marginnote Info: right page because not two side mode on input line 312
1.
Package marginnote Info: xpos seems to be 60.27094pt on input line 3121.
 [5247]
Package marginnote Info: Margin note 5248.1 is on absolute page 5248 on input l
ine 3126.
Package marginnote Info: right page because not two side mode on input line 312
6.
Package marginnote Info: xpos seems to be 78.109pt on input line 3126.
Package marginnote Info: Margin note 5248.2 is on absolute page 5248 on input l
ine 3130.
Package marginnote Info: right page because not two side mode on input line 313
0.
Package marginnote Info: xpos seems to be 491.26671pt on input line 3130.
Package marginnote Info: Margin note 5248.3 is on absolute page 5248 on input l
ine 3134.
Package marginnote Info: right page because not two side mode on input line 313
4.
Package marginnote Info: xpos seems to be 504.03201pt on input line 3134.
Package marginnote Info: Margin note 5248.4 is on absolute page 5248 on input l
ine 3139.
Package marginnote Info: right page because not two side mode on input line 313
9.
Package marginnote Info: xpos seems to be 70.72429pt on input line 3139.
Package marginnote Info: Margin note 5248.5 is on absolute page 5248 on input l
ine 3146.
Package marginnote Info: right page because not two side mode on input line 314
6.
Package marginnote Info: xpos seems to be 61.54144pt on input line 3146.
Package marginnote Info: Margin note 5248.6 is on absolute page 5248 on input l
ine 3152.
Package marginnote Info: right page because not two side mode on input line 315
2.
Package marginnote Info: xpos seems to be 379.16083pt on input line 3152.
Package marginnote Info: Margin note 5248.7 is on absolute page 5248 on input l
ine 3157.
Package marginnote Info: right page because not two side mode on input line 315
7.
Package marginnote Info: xpos seems to be 70.37474pt on input line 3157.
Package marginnote Info: Margin note 5248.8 is on absolute page 5248 on input l
ine 3164.
Package marginnote Info: right page because not two side mode on input line 316
4.
Package marginnote Info: xpos seems to be 57.00499pt on input line 3164.
Package marginnote Info: Margin note 5248.9 is on absolute page 5248 on input l
ine 3173.
Package marginnote Info: right page because not two side mode on input line 317
3.
Package marginnote Info: xpos seems to be 60.16173pt on input line 3173.
Package marginnote Info: Margin note 5248.10 is on absolute page 5248 on input 
line 3180.
Package marginnote Info: right page because not two side mode on input line 318
0.
Package marginnote Info: xpos seems to be 63.32585pt on input line 3180.
Package marginnote Info: Margin note 5248.11 is on absolute page 5248 on input 
line 3185.
Package marginnote Info: right page because not two side mode on input line 318
5.
Package marginnote Info: xpos seems to be 56.92885pt on input line 3185.
Package marginnote Info: Margin note 5248.12 is on absolute page 5248 on input 
line 3190.
Package marginnote Info: right page because not two side mode on input line 319
0.
Package marginnote Info: xpos seems to be 60.2167pt on input line 3190.

[5248]
Package marginnote Info: Margin note 5249.1 is on absolute page 5249 on input l
ine 3195.
Package marginnote Info: right page because not two side mode on input line 319
5.
Package marginnote Info: xpos seems to be 62.57924pt on input line 3195.
Package marginnote Info: Margin note 5249.2 is on absolute page 5249 on input l
ine 3247.
Package marginnote Info: right page because not two side mode on input line 324
7.
Package marginnote Info: xpos seems to be 514.08441pt on input line 3247.
Package marginnote Info: Margin note 5249.3 is on absolute page 5249 on input l
ine 3257.
Package marginnote Info: right page because not two side mode on input line 325
7.
Package marginnote Info: xpos seems to be 67.2787pt on input line 3257.
Package marginnote Info: Margin note 5249.4 is on absolute page 5249 on input l
ine 3261.
Package marginnote Info: right page because not two side mode on input line 326
1.
Package marginnote Info: xpos seems to be 124.17342pt on input line 3261.
Package marginnote Info: Margin note 5249.5 is on absolute page 5249 on input l
ine 3266.
Package marginnote Info: right page because not two side mode on input line 326
6.
Package marginnote Info: xpos seems to be 56.9549pt on input line 3266.
Package marginnote Info: Margin note 5249.6 is on absolute page 5249 on input l
ine 3274.
Package marginnote Info: right page because not two side mode on input line 327
4.
Package marginnote Info: xpos seems to be 246.13873pt on input line 3274.
 [5249]
Package marginnote Info: Margin note 5250.1 is on absolute page 5250 on input l
ine 3349.
Package marginnote Info: right page because not two side mode on input line 334
9.
Package marginnote Info: xpos seems to be 295.15758pt on input line 3349.
Package marginnote Info: Margin note 5250.2 is on absolute page 5250 on input l
ine 3358.
Package marginnote Info: right page because not two side mode on input line 335
8.
Package marginnote Info: xpos seems to be 197.72032pt on input line 3358.
Package marginnote Info: Margin note 5250.3 is on absolute page 5250 on input l
ine 3363.
Package marginnote Info: right page because not two side mode on input line 336
3.
Package marginnote Info: xpos seems to be 60.2964pt on input line 3363.
Package marginnote Info: Margin note 5250.4 is on absolute page 5250 on input l
ine 3367.
Package marginnote Info: right page because not two side mode on input line 336
7.
Package marginnote Info: xpos seems to be 167.96732pt on input line 3367.
Package marginnote Info: Margin note 5250.5 is on absolute page 5250 on input l
ine 3416.
Package marginnote Info: right page because not two side mode on input line 341
6.
Package marginnote Info: xpos seems to be 76.89627pt on input line 3416.
Package marginnote Info: Margin note 5250.6 is on absolute page 5250 on input l
ine 3420.
Package marginnote Info: right page because not two side mode on input line 342
0.
Package marginnote Info: xpos seems to be 436.28711pt on input line 3420.
Package marginnote Info: Margin note 5250.7 is on absolute page 5250 on input l
ine 3424.
Package marginnote Info: right page because not two side mode on input line 342
4.
Package marginnote Info: xpos seems to be 313.56294pt on input line 3424.
Package marginnote Info: Margin note 5250.8 is on absolute page 5250 on input l
ine 3428.
Package marginnote Info: right page because not two side mode on input line 342
8.
Package marginnote Info: xpos seems to be 36.135pt on input line 3428.
Package marginnote Info: Margin note 5250.9 is on absolute page 5250 on input l
ine 3432.
Package marginnote Info: right page because not two side mode on input line 343
2.
Package marginnote Info: xpos seems to be 41.84221pt on input line 3432.
 [5250]
Package marginnote Info: Margin note 5251.1 is on absolute page 5251 on input l
ine 3478.
Package marginnote Info: right page because not two side mode on input line 347
8.
Package marginnote Info: xpos seems to be 260.56781pt on input line 3478.
Package marginnote Info: Margin note 5251.2 is on absolute page 5251 on input l
ine 3485.
Package marginnote Info: right page because not two side mode on input line 348
5.
Package marginnote Info: xpos seems to be 93.64532pt on input line 3485.
Package marginnote Info: Margin note 5251.3 is on absolute page 5251 on input l
ine 3489.
Package marginnote Info: right page because not two side mode on input line 348
9.
Package marginnote Info: xpos seems to be 325.9408pt on input line 3489.
Package marginnote Info: Margin note 5251.4 is on absolute page 5251 on input l
ine 3493.
Package marginnote Info: right page because not two side mode on input line 349
3.
Package marginnote Info: xpos seems to be 402.55466pt on input line 3493.
Package marginnote Info: Margin note 5251.5 is on absolute page 5251 on input l
ine 3498.
Package marginnote Info: right page because not two side mode on input line 349
8.
Package marginnote Info: xpos seems to be 70.0586pt on input line 3498.
Package marginnote Info: Margin note 5251.6 is on absolute page 5251 on input l
ine 3503.
Package marginnote Info: right page because not two side mode on input line 350
3.
Package marginnote Info: xpos seems to be 110.3706pt on input line 3503.
Package marginnote Info: Margin note 5251.7 is on absolute page 5251 on input l
ine 3508.
Package marginnote Info: right page because not two side mode on input line 350
8.
Package marginnote Info: xpos seems to be 76.99759pt on input line 3508.
Package marginnote Info: Margin note 5251.8 is on absolute page 5251 on input l
ine 3512.
Package marginnote Info: right page because not two side mode on input line 351
2.
Package marginnote Info: xpos seems to be 423.8321pt on input line 3512.
Package marginnote Info: Margin note 5251.9 is on absolute page 5251 on input l
ine 3516.
Package marginnote Info: right page because not two side mode on input line 351
6.
Package marginnote Info: xpos seems to be 518.23497pt on input line 3516.
Package marginnote Info: Margin note 5251.10 is on absolute page 5251 on input 
line 3520.
Package marginnote Info: right page because not two side mode on input line 352
0.
Package marginnote Info: xpos seems to be 454.56708pt on input line 3520.
Package marginnote Info: Margin note 5251.11 is on absolute page 5251 on input 
line 3524.
Package marginnote Info: right page because not two side mode on input line 352
4.
Package marginnote Info: xpos seems to be 535.39445pt on input line 3524.
 [5251]
Package marginnote Info: Margin note 5252.1 is on absolute page 5252 on input l
ine 3529.
Package marginnote Info: right page because not two side mode on input line 352
9.
Package marginnote Info: xpos seems to be 60.15373pt on input line 3529.
Package marginnote Info: Margin note 5252.2 is on absolute page 5252 on input l
ine 3534.
Package marginnote Info: right page because not two side mode on input line 353
4.
Package marginnote Info: xpos seems to be 60.11937pt on input line 3534.
Package marginnote Info: Margin note 5252.3 is on absolute page 5252 on input l
ine 3538.
Package marginnote Info: right page because not two side mode on input line 353
8.
Package marginnote Info: xpos seems to be 55.88399pt on input line 3538.
Package marginnote Info: Margin note 5252.4 is on absolute page 5252 on input l
ine 3542.
Package marginnote Info: right page because not two side mode on input line 354
2.
Package marginnote Info: xpos seems to be 362.00479pt on input line 3542.
Package marginnote Info: Margin note 5252.5 is on absolute page 5252 on input l
ine 3547.
Package marginnote Info: right page because not two side mode on input line 354
7.
Package marginnote Info: xpos seems to be 70.49031pt on input line 3547.
Package marginnote Info: Margin note 5252.6 is on absolute page 5252 on input l
ine 3552.
Package marginnote Info: right page because not two side mode on input line 355
2.
Package marginnote Info: xpos seems to be 94.69568pt on input line 3552.
Package marginnote Info: Margin note 5252.7 is on absolute page 5252 on input l
ine 3556.
Package marginnote Info: right page because not two side mode on input line 355
6.
Package marginnote Info: xpos seems to be 346.77138pt on input line 3556.
Package marginnote Info: Margin note 5252.8 is on absolute page 5252 on input l
ine 3560.
Package marginnote Info: right page because not two side mode on input line 356
0.
Package marginnote Info: xpos seems to be 368.03651pt on input line 3560.
Package marginnote Info: Margin note 5252.9 is on absolute page 5252 on input l
ine 3565.
Package marginnote Info: right page because not two side mode on input line 356
5.
Package marginnote Info: xpos seems to be 73.66447pt on input line 3565.
Package marginnote Info: Margin note 5252.10 is on absolute page 5252 on input 
line 3569.
Package marginnote Info: right page because not two side mode on input line 356
9.
Package marginnote Info: xpos seems to be 76.94435pt on input line 3569.
Package marginnote Info: Margin note 5252.11 is on absolute page 5252 on input 
line 3573.
Package marginnote Info: right page because not two side mode on input line 357
3.
Package marginnote Info: xpos seems to be 473.49573pt on input line 3573.
Package marginnote Info: Margin note 5252.12 is on absolute page 5252 on input 
line 3577.
Package marginnote Info: right page because not two side mode on input line 357
7.
Package marginnote Info: xpos seems to be 50.80115pt on input line 3577.
Package marginnote Info: Margin note 5252.13 is on absolute page 5253 on input 
line 3581.
Package marginnote Info: right page because not two side mode on input line 358
1.
Package marginnote Info: xpos seems to be 339.70502pt on input line 3581.
 [5252]
Package marginnote Info: Margin note 5253.1 is on absolute page 5253 on input l
ine 3586.
Package marginnote Info: right page because not two side mode on input line 358
6.
Package marginnote Info: xpos seems to be 67.54082pt on input line 3586.
Package marginnote Info: Margin note 5253.2 is on absolute page 5253 on input l
ine 3590.
Package marginnote Info: right page because not two side mode on input line 359
0.
Package marginnote Info: xpos seems to be 421.56776pt on input line 3590.
Package marginnote Info: Margin note 5253.3 is on absolute page 5253 on input l
ine 3595.
Package marginnote Info: right page because not two side mode on input line 359
5.
Package marginnote Info: xpos seems to be 63.11478pt on input line 3595.
Package marginnote Info: Margin note 5253.4 is on absolute page 5253 on input l
ine 3599.
Package marginnote Info: right page because not two side mode on input line 359
9.
Package marginnote Info: xpos seems to be 253.188pt on input line 3599.
Package marginnote Info: Margin note 5253.5 is on absolute page 5253 on input l
ine 3603.
Package marginnote Info: right page because not two side mode on input line 360
3.
Package marginnote Info: xpos seems to be 191.15475pt on input line 3603.
Package marginnote Info: Margin note 5253.6 is on absolute page 5253 on input l
ine 3649.
Package marginnote Info: right page because not two side mode on input line 364
9.
Package marginnote Info: xpos seems to be 303.58257pt on input line 3649.
Package marginnote Info: Margin note 5253.7 is on absolute page 5253 on input l
ine 3657.
Package marginnote Info: right page because not two side mode on input line 365
7.
Package marginnote Info: xpos seems to be 69.06961pt on input line 3657.
Package marginnote Info: Margin note 5253.8 is on absolute page 5253 on input l
ine 3662.
Package marginnote Info: right page because not two side mode on input line 366
2.
Package marginnote Info: xpos seems to be 64.09995pt on input line 3662.
Package marginnote Info: Margin note 5253.9 is on absolute page 5253 on input l
ine 3667.
Package marginnote Info: right page because not two side mode on input line 366
7.
Package marginnote Info: xpos seems to be 67.14522pt on input line 3667.
Package marginnote Info: Margin note 5253.10 is on absolute page 5254 on input 
line 3672.
Package marginnote Info: right page because not two side mode on input line 367
2.
Package marginnote Info: xpos seems to be 78.32393pt on input line 3672.
 [5253]
Package marginnote Info: Margin note 5254.1 is on absolute page 5254 on input l
ine 3677.
Package marginnote Info: right page because not two side mode on input line 367
7.
Package marginnote Info: xpos seems to be 91.38248pt on input line 3677.
Package marginnote Info: Margin note 5254.2 is on absolute page 5254 on input l
ine 3682.
Package marginnote Info: right page because not two side mode on input line 368
2.
Package marginnote Info: xpos seems to be 72.81628pt on input line 3682.
Package marginnote Info: Margin note 5254.3 is on absolute page 5254 on input l
ine 3686.
Package marginnote Info: right page because not two side mode on input line 368
6.
Package marginnote Info: xpos seems to be 423.9747pt on input line 3686.
Package marginnote Info: Margin note 5254.4 is on absolute page 5254 on input l
ine 3691.
Package marginnote Info: right page because not two side mode on input line 369
1.
Package marginnote Info: xpos seems to be 87.62553pt on input line 3691.
Package marginnote Info: Margin note 5254.5 is on absolute page 5254 on input l
ine 3696.
Package marginnote Info: right page because not two side mode on input line 369
6.
Package marginnote Info: xpos seems to be 70.31596pt on input line 3696.
Package marginnote Info: Margin note 5254.6 is on absolute page 5254 on input l
ine 3700.
Package marginnote Info: right page because not two side mode on input line 370
0.
Package marginnote Info: xpos seems to be 260.23729pt on input line 3700.
Package marginnote Info: Margin note 5254.7 is on absolute page 5254 on input l
ine 3705.
Package marginnote Info: right page because not two side mode on input line 370
5.
Package marginnote Info: xpos seems to be 67.22095pt on input line 3705.
Package marginnote Info: Margin note 5254.8 is on absolute page 5254 on input l
ine 3710.
Package marginnote Info: right page because not two side mode on input line 371
0.
Package marginnote Info: xpos seems to be 93.98581pt on input line 3710.
Package marginnote Info: Margin note 5254.9 is on absolute page 5254 on input l
ine 3718.
Package marginnote Info: right page because not two side mode on input line 371
8.
Package marginnote Info: xpos seems to be 82.9062pt on input line 3718.
Package marginnote Info: Margin note 5254.10 is on absolute page 5254 on input 
line 3725.
Package marginnote Info: right page because not two side mode on input line 372
5.
Package marginnote Info: xpos seems to be 82.635pt on input line 3725.
 [5254]
Package marginnote Info: Margin note 5255.1 is on absolute page 5255 on input l
ine 3731.
Package marginnote Info: right page because not two side mode on input line 373
1.
Package marginnote Info: xpos seems to be 62.82494pt on input line 3731.
Package marginnote Info: Margin note 5255.2 is on absolute page 5255 on input l
ine 3739.
Package marginnote Info: right page because not two side mode on input line 373
9.
Package marginnote Info: xpos seems to be 82.99352pt on input line 3739.
Package marginnote Info: Margin note 5255.3 is on absolute page 5255 on input l
ine 3745.
Package marginnote Info: right page because not two side mode on input line 374
5.
Package marginnote Info: xpos seems to be 60.72385pt on input line 3745.
Package marginnote Info: Margin note 5255.4 is on absolute page 5255 on input l
ine 3749.
Package marginnote Info: right page because not two side mode on input line 374
9.
Package marginnote Info: xpos seems to be 252.50526pt on input line 3749.
Package marginnote Info: Margin note 5255.5 is on absolute page 5255 on input l
ine 3794.
Package marginnote Info: right page because not two side mode on input line 379
4.
Package marginnote Info: xpos seems to be 64.67477pt on input line 3794.
Package marginnote Info: Margin note 5255.6 is on absolute page 5256 on input l
ine 3803.
Package marginnote Info: right page because not two side mode on input line 380
3.
Package marginnote Info: xpos seems to be 56.34497pt on input line 3803.
 [5255]
Package marginnote Info: Margin note 5256.1 is on absolute page 5256 on input l
ine 3810.
Package marginnote Info: right page because not two side mode on input line 381
0.
Package marginnote Info: xpos seems to be 77.93869pt on input line 3810.
Package marginnote Info: Margin note 5256.2 is on absolute page 5256 on input l
ine 3864.
Package marginnote Info: right page because not two side mode on input line 386
4.
Package marginnote Info: xpos seems to be 515.50049pt on input line 3864.
Package marginnote Info: Margin note 5256.3 is on absolute page 5256 on input l
ine 3871.
Package marginnote Info: right page because not two side mode on input line 387
1.
Package marginnote Info: xpos seems to be 438.83589pt on input line 3871.
Package marginnote Info: Margin note 5256.4 is on absolute page 5256 on input l
ine 3875.
Package marginnote Info: right page because not two side mode on input line 387
5.
Package marginnote Info: xpos seems to be 304.24059pt on input line 3875.
Package marginnote Info: Margin note 5256.5 is on absolute page 5256 on input l
ine 3879.
Package marginnote Info: right page because not two side mode on input line 387
9.
Package marginnote Info: xpos seems to be 398.27602pt on input line 3879.
Package marginnote Info: Margin note 5256.6 is on absolute page 5256 on input l
ine 3883.
Package marginnote Info: right page because not two side mode on input line 388
3.
Package marginnote Info: xpos seems to be 172.5234pt on input line 3883.
Package marginnote Info: Margin note 5256.7 is on absolute page 5256 on input l
ine 3887.
Package marginnote Info: right page because not two side mode on input line 388
7.
Package marginnote Info: xpos seems to be 420.85913pt on input line 3887.
 [5256]
Package marginnote Info: Margin note 5257.1 is on absolute page 5257 on input l
ine 3933.
Package marginnote Info: right page because not two side mode on input line 393
3.
Package marginnote Info: xpos seems to be 456.23134pt on input line 3933.
Package marginnote Info: Margin note 5257.2 is on absolute page 5257 on input l
ine 3946.
Package marginnote Info: right page because not two side mode on input line 394
6.
Package marginnote Info: xpos seems to be 452.37935pt on input line 3946.
Package marginnote Info: Margin note 5257.3 is on absolute page 5257 on input l
ine 3950.
Package marginnote Info: right page because not two side mode on input line 395
0.
Package marginnote Info: xpos seems to be 121.19513pt on input line 3950.
Package marginnote Info: Margin note 5257.4 is on absolute page 5257 on input l
ine 3954.
Package marginnote Info: right page because not two side mode on input line 395
4.
Package marginnote Info: xpos seems to be 145.32213pt on input line 3954.
Package marginnote Info: Margin note 5257.5 is on absolute page 5257 on input l
ine 3958.
Package marginnote Info: right page because not two side mode on input line 395
8.
Package marginnote Info: xpos seems to be 523.61577pt on input line 3958.
Package marginnote Info: Margin note 5257.6 is on absolute page 5257 on input l
ine 3962.
Package marginnote Info: right page because not two side mode on input line 396
2.
Package marginnote Info: xpos seems to be 514.89262pt on input line 3962.
Package marginnote Info: Margin note 5257.7 is on absolute page 5257 on input l
ine 3966.
Package marginnote Info: right page because not two side mode on input line 396
6.
Package marginnote Info: xpos seems to be 36.135pt on input line 3966.
 [5257]
Package marginnote Info: Margin note 5258.1 is on absolute page 5258 on input l
ine 3979.
Package marginnote Info: right page because not two side mode on input line 397
9.
Package marginnote Info: xpos seems to be 56.135pt on input line 3979.
Package marginnote Info: Margin note 5258.2 is on absolute page 5258 on input l
ine 4031.
Package marginnote Info: right page because not two side mode on input line 403
1.
Package marginnote Info: xpos seems to be 501.15465pt on input line 4031.
Package marginnote Info: Margin note 5258.3 is on absolute page 5258 on input l
ine 4040.
Package marginnote Info: right page because not two side mode on input line 404
0.
Package marginnote Info: xpos seems to be 348.09506pt on input line 4040.
Package marginnote Info: Margin note 5258.4 is on absolute page 5258 on input l
ine 4044.
Package marginnote Info: right page because not two side mode on input line 404
4.
Package marginnote Info: xpos seems to be 220.3889pt on input line 4044.
Package marginnote Info: Margin note 5258.5 is on absolute page 5258 on input l
ine 4048.
Package marginnote Info: right page because not two side mode on input line 404
8.
Package marginnote Info: xpos seems to be 108.91899pt on input line 4048.
Package marginnote Info: Margin note 5258.6 is on absolute page 5258 on input l
ine 4052.
Package marginnote Info: right page because not two side mode on input line 405
2.
Package marginnote Info: xpos seems to be 460.60649pt on input line 4052.
Package marginnote Info: Margin note 5258.7 is on absolute page 5258 on input l
ine 4056.
Package marginnote Info: right page because not two side mode on input line 405
6.
Package marginnote Info: xpos seems to be 210.89455pt on input line 4056.
Package marginnote Info: Margin note 5258.8 is on absolute page 5259 on input l
ine 4060.
Package marginnote Info: right page because not two side mode on input line 406
0.
Package marginnote Info: xpos seems to be 545.81323pt on input line 4060.
Package marginnote Info: Margin note 5258.9 is on absolute page 5259 on input l
ine 4064.
Package marginnote Info: right page because not two side mode on input line 406
4.
Package marginnote Info: xpos seems to be 453.80017pt on input line 4064.
Package marginnote Info: Margin note 5258.10 is on absolute page 5259 on input 
line 4068.
Package marginnote Info: right page because not two side mode on input line 406
8.
Package marginnote Info: xpos seems to be 36.135pt on input line 4068.
 [5258]
Package marginnote Info: Margin note 5259.1 is on absolute page 5259 on input l
ine 4077.
Package marginnote Info: right page because not two side mode on input line 407
7.
Package marginnote Info: xpos seems to be 68.35371pt on input line 4077.
Package marginnote Info: Margin note 5259.2 is on absolute page 5259 on input l
ine 4126.
Package marginnote Info: right page because not two side mode on input line 412
6.
Package marginnote Info: xpos seems to be 77.85484pt on input line 4126.
Package marginnote Info: Margin note 5259.3 is on absolute page 5259 on input l
ine 4138.
Package marginnote Info: right page because not two side mode on input line 413
8.
Package marginnote Info: xpos seems to be 200.38712pt on input line 4138.
Package marginnote Info: Margin note 5259.4 is on absolute page 5259 on input l
ine 4142.
Package marginnote Info: right page because not two side mode on input line 414
2.
Package marginnote Info: xpos seems to be 508.77527pt on input line 4142.
Package marginnote Info: Margin note 5259.5 is on absolute page 5259 on input l
ine 4146.
Package marginnote Info: right page because not two side mode on input line 414
6.
Package marginnote Info: xpos seems to be 543.91573pt on input line 4146.
Package marginnote Info: Margin note 5259.6 is on absolute page 5259 on input l
ine 4150.
Package marginnote Info: right page because not two side mode on input line 415
0.
Package marginnote Info: xpos seems to be 152.61253pt on input line 4150.
Package marginnote Info: Margin note 5259.7 is on absolute page 5260 on input l
ine 4155.
Package marginnote Info: right page because not two side mode on input line 415
5.
Package marginnote Info: xpos seems to be 58.06786pt on input line 4155.

[5259]
Package marginnote Info: Margin note 5260.1 is on absolute page 5260 on input l
ine 4212.
Package marginnote Info: right page because not two side mode on input line 421
2.
Package marginnote Info: xpos seems to be 91.52773pt on input line 4212.
Package marginnote Info: Margin note 5260.2 is on absolute page 5260 on input l
ine 4216.
Package marginnote Info: right page because not two side mode on input line 421
6.
Package marginnote Info: xpos seems to be 257.57515pt on input line 4216.
Package marginnote Info: Margin note 5260.3 is on absolute page 5260 on input l
ine 4220.
Package marginnote Info: right page because not two side mode on input line 422
0.
Package marginnote Info: xpos seems to be 314.86072pt on input line 4220.
Package marginnote Info: Margin note 5260.4 is on absolute page 5260 on input l
ine 4224.
Package marginnote Info: right page because not two side mode on input line 422
4.
Package marginnote Info: xpos seems to be 499.436pt on input line 4224.
Package marginnote Info: Margin note 5260.5 is on absolute page 5260 on input l
ine 4228.
Package marginnote Info: right page because not two side mode on input line 422
8.
Package marginnote Info: xpos seems to be 119.25685pt on input line 4228.
Package marginnote Info: Margin note 5260.6 is on absolute page 5260 on input l
ine 4232.
Package marginnote Info: right page because not two side mode on input line 423
2.
Package marginnote Info: xpos seems to be 36.135pt on input line 4232.
Package marginnote Info: Margin note 5260.7 is on absolute page 5260 on input l
ine 4236.
Package marginnote Info: right page because not two side mode on input line 423
6.
Package marginnote Info: xpos seems to be 359.75098pt on input line 4236.
Package marginnote Info: Margin note 5260.8 is on absolute page 5260 on input l
ine 4240.
Package marginnote Info: right page because not two side mode on input line 424
0.
Package marginnote Info: xpos seems to be 141.83612pt on input line 4240.
Package marginnote Info: Margin note 5260.9 is on absolute page 5260 on input l
ine 4244.
Package marginnote Info: right page because not two side mode on input line 424
4.
Package marginnote Info: xpos seems to be 391.49374pt on input line 4244.
Package marginnote Info: Margin note 5260.10 is on absolute page 5261 on input 
line 4248.
Package marginnote Info: right page because not two side mode on input line 424
8.
Package marginnote Info: xpos seems to be 41.95845pt on input line 4248.
Package marginnote Info: Margin note 5260.11 is on absolute page 5261 on input 
line 4252.
Package marginnote Info: right page because not two side mode on input line 425
2.
Package marginnote Info: xpos seems to be 110.53897pt on input line 4252.
Package marginnote Info: Margin note 5260.12 is on absolute page 5261 on input 
line 4256.
Package marginnote Info: right page because not two side mode on input line 425
6.
Package marginnote Info: xpos seems to be 337.3944pt on input line 4256.
Package marginnote Info: Margin note 5260.13 is on absolute page 5261 on input 
line 4260.
Package marginnote Info: right page because not two side mode on input line 426
0.
Package marginnote Info: xpos seems to be 72.81902pt on input line 4260.
Package marginnote Info: Margin note 5260.14 is on absolute page 5261 on input 
line 4264.
Package marginnote Info: right page because not two side mode on input line 426
4.
Package marginnote Info: xpos seems to be 216.16408pt on input line 4264.
 [5260]
Package marginnote Info: Margin note 5261.1 is on absolute page 5261 on input l
ine 4271.
Package marginnote Info: right page because not two side mode on input line 427
1.
Package marginnote Info: xpos seems to be 86.09343pt on input line 4271.
Package marginnote Info: Margin note 5261.2 is on absolute page 5261 on input l
ine 4275.
Package marginnote Info: right page because not two side mode on input line 427
5.
Package marginnote Info: xpos seems to be 390.13573pt on input line 4275.
Package marginnote Info: Margin note 5261.3 is on absolute page 5261 on input l
ine 4279.
Package marginnote Info: right page because not two side mode on input line 427
9.
Package marginnote Info: xpos seems to be 121.78123pt on input line 4279.
Package marginnote Info: Margin note 5261.4 is on absolute page 5261 on input l
ine 4283.
Package marginnote Info: right page because not two side mode on input line 428
3.
Package marginnote Info: xpos seems to be 327.00926pt on input line 4283.
Package marginnote Info: Margin note 5261.5 is on absolute page 5261 on input l
ine 4287.
Package marginnote Info: right page because not two side mode on input line 428
7.
Package marginnote Info: xpos seems to be 473.52625pt on input line 4287.
Package marginnote Info: Margin note 5261.6 is on absolute page 5261 on input l
ine 4291.
Package marginnote Info: right page because not two side mode on input line 429
1.
Package marginnote Info: xpos seems to be 310.43616pt on input line 4291.
Package marginnote Info: Margin note 5261.7 is on absolute page 5261 on input l
ine 4295.
Package marginnote Info: right page because not two side mode on input line 429
5.
Package marginnote Info: xpos seems to be 559.4271pt on input line 4295.
Package marginnote Info: Margin note 5261.8 is on absolute page 5261 on input l
ine 4299.
Package marginnote Info: right page because not two side mode on input line 429
9.
Package marginnote Info: xpos seems to be 253.14957pt on input line 4299.
Package marginnote Info: Margin note 5261.9 is on absolute page 5261 on input l
ine 4303.
Package marginnote Info: right page because not two side mode on input line 430
3.
Package marginnote Info: xpos seems to be 486.136pt on input line 4303.
Package marginnote Info: Margin note 5261.10 is on absolute page 5261 on input 
line 4307.
Package marginnote Info: right page because not two side mode on input line 430
7.
Package marginnote Info: xpos seems to be 172.08897pt on input line 4307.
Package marginnote Info: Margin note 5261.11 is on absolute page 5262 on input 
line 4311.
Package marginnote Info: right page because not two side mode on input line 431
1.
Package marginnote Info: xpos seems to be 448.44234pt on input line 4311.
Package marginnote Info: Margin note 5261.12 is on absolute page 5262 on input 
line 4315.
Package marginnote Info: right page because not two side mode on input line 431
5.
Package marginnote Info: xpos seems to be 359.74532pt on input line 4315.
Package marginnote Info: Margin note 5261.13 is on absolute page 5262 on input 
line 4319.
Package marginnote Info: right page because not two side mode on input line 431
9.
Package marginnote Info: xpos seems to be 112.3461pt on input line 4319.
Package marginnote Info: Margin note 5261.14 is on absolute page 5262 on input 
line 4323.
Package marginnote Info: right page because not two side mode on input line 432
3.
Package marginnote Info: xpos seems to be 362.63669pt on input line 4323.
Package marginnote Info: Margin note 5261.15 is on absolute page 5262 on input 
line 4327.
Package marginnote Info: right page because not two side mode on input line 432
7.
Package marginnote Info: xpos seems to be 267.054pt on input line 4327.
Package marginnote Info: Margin note 5261.16 is on absolute page 5262 on input 
line 4331.
Package marginnote Info: right page because not two side mode on input line 433
1.
Package marginnote Info: xpos seems to be 36.135pt on input line 4331.
Package marginnote Info: Margin note 5261.17 is on absolute page 5262 on input 
line 4335.
Package marginnote Info: right page because not two side mode on input line 433
5.
Package marginnote Info: xpos seems to be 235.06047pt on input line 4335.
Package marginnote Info: Margin note 5261.18 is on absolute page 5262 on input 
line 4339.
Package marginnote Info: right page because not two side mode on input line 433
9.
Package marginnote Info: xpos seems to be 343.57874pt on input line 4339.
 [5261]
Package marginnote Info: Margin note 5262.1 is on absolute page 5262 on input l
ine 4384.
Package marginnote Info: right page because not two side mode on input line 438
4.
Package marginnote Info: xpos seems to be 95.60454pt on input line 4384.
Package marginnote Info: Margin note 5262.2 is on absolute page 5263 on input l
ine 4392.
Package marginnote Info: right page because not two side mode on input line 439
2.
Package marginnote Info: xpos seems to be 36.135pt on input line 4392.
Package marginnote Info: Margin note 5262.3 is on absolute page 5263 on input l
ine 4396.
Package marginnote Info: right page because not two side mode on input line 439
6.
Package marginnote Info: xpos seems to be 242.64294pt on input line 4396.
Package marginnote Info: Margin note 5262.4 is on absolute page 5263 on input l
ine 4400.
Package marginnote Info: right page because not two side mode on input line 440
0.
Package marginnote Info: xpos seems to be 109.89436pt on input line 4400.
 [5262]
Package marginnote Info: Margin note 5263.1 is on absolute page 5263 on input l
ine 4454.
Package marginnote Info: right page because not two side mode on input line 445
4.
Package marginnote Info: xpos seems to be 71.71478pt on input line 4454.
Package marginnote Info: Margin note 5263.2 is on absolute page 5263 on input l
ine 4458.
Package marginnote Info: right page because not two side mode on input line 445
8.
Package marginnote Info: xpos seems to be 319.31343pt on input line 4458.
Package marginnote Info: Margin note 5263.3 is on absolute page 5263 on input l
ine 4462.
Package marginnote Info: right page because not two side mode on input line 446
2.
Package marginnote Info: xpos seems to be 348.62009pt on input line 4462.
Package marginnote Info: Margin note 5263.4 is on absolute page 5263 on input l
ine 4466.
Package marginnote Info: right page because not two side mode on input line 446
6.
Package marginnote Info: xpos seems to be 231.46806pt on input line 4466.
Package marginnote Info: Margin note 5263.5 is on absolute page 5263 on input l
ine 4470.
Package marginnote Info: right page because not two side mode on input line 447
0.
Package marginnote Info: xpos seems to be 253.16325pt on input line 4470.
Package marginnote Info: Margin note 5263.6 is on absolute page 5263 on input l
ine 4475.
Package marginnote Info: right page because not two side mode on input line 447
5.
Package marginnote Info: xpos seems to be 66.58203pt on input line 4475.
Package marginnote Info: Margin note 5263.7 is on absolute page 5263 on input l
ine 4481.
Package marginnote Info: right page because not two side mode on input line 448
1.
Package marginnote Info: xpos seems to be 302.99849pt on input line 4481.
Package marginnote Info: Margin note 5263.8 is on absolute page 5264 on input l
ine 4485.
Package marginnote Info: right page because not two side mode on input line 448
5.
Package marginnote Info: xpos seems to be 81.87315pt on input line 4485.
Package marginnote Info: Margin note 5263.9 is on absolute page 5264 on input l
ine 4489.
Package marginnote Info: right page because not two side mode on input line 448
9.
Package marginnote Info: xpos seems to be 386.2564pt on input line 4489.
 [5263]
Package marginnote Info: Margin note 5264.1 is on absolute page 5264 on input l
ine 4535.
Package marginnote Info: right page because not two side mode on input line 453
5.
Package marginnote Info: xpos seems to be 526.48563pt on input line 4535.
Package marginnote Info: Margin note 5264.2 is on absolute page 5264 on input l
ine 4542.
Package marginnote Info: right page because not two side mode on input line 454
2.
Package marginnote Info: xpos seems to be 433.39201pt on input line 4542.
Package marginnote Info: Margin note 5264.3 is on absolute page 5264 on input l
ine 4549.
Package marginnote Info: right page because not two side mode on input line 454
9.
Package marginnote Info: xpos seems to be 76.89984pt on input line 4549.
Package marginnote Info: Margin note 5264.4 is on absolute page 5264 on input l
ine 4553.
Package marginnote Info: right page because not two side mode on input line 455
3.
Package marginnote Info: xpos seems to be 141.89577pt on input line 4553.
Package marginnote Info: Margin note 5264.5 is on absolute page 5264 on input l
ine 4558.
Package marginnote Info: right page because not two side mode on input line 455
8.
Package marginnote Info: xpos seems to be 75.42737pt on input line 4558.
Package marginnote Info: Margin note 5264.6 is on absolute page 5264 on input l
ine 4563.
Package marginnote Info: right page because not two side mode on input line 456
3.
Package marginnote Info: xpos seems to be 79.47086pt on input line 4563.
Package marginnote Info: Margin note 5264.7 is on absolute page 5264 on input l
ine 4568.
Package marginnote Info: right page because not two side mode on input line 456
8.
Package marginnote Info: xpos seems to be 70.36247pt on input line 4568.
Package marginnote Info: Margin note 5264.8 is on absolute page 5264 on input l
ine 4575.
Package marginnote Info: right page because not two side mode on input line 457
5.
Package marginnote Info: xpos seems to be 57.43797pt on input line 4575.
Package marginnote Info: Margin note 5264.9 is on absolute page 5264 on input l
ine 4579.
Package marginnote Info: right page because not two side mode on input line 457
9.
Package marginnote Info: xpos seems to be 546.39616pt on input line 4579.
Package marginnote Info: Margin note 5264.10 is on absolute page 5265 on input 
line 4584.
Package marginnote Info: right page because not two side mode on input line 458
4.
Package marginnote Info: xpos seems to be 69.09128pt on input line 4584.
 [5264]
Package marginnote Info: Margin note 5265.1 is on absolute page 5265 on input l
ine 4591.
Package marginnote Info: right page because not two side mode on input line 459
1.
Package marginnote Info: xpos seems to be 77.00673pt on input line 4591.
Package marginnote Info: Margin note 5265.2 is on absolute page 5265 on input l
ine 4600.
Package marginnote Info: right page because not two side mode on input line 460
0.
Package marginnote Info: xpos seems to be 77.02065pt on input line 4600.
 [5265]
Package marginnote Info: Margin note 5266.1 is on absolute page 5266 on input l
ine 4718.
Package marginnote Info: right page because not two side mode on input line 471
8.
Package marginnote Info: xpos seems to be 307.64247pt on input line 4718.
Package marginnote Info: Margin note 5266.2 is on absolute page 5266 on input l
ine 4728.
Package marginnote Info: right page because not two side mode on input line 472
8.
Package marginnote Info: xpos seems to be 68.51498pt on input line 4728.
Package marginnote Info: Margin note 5266.3 is on absolute page 5266 on input l
ine 4735.
Package marginnote Info: right page because not two side mode on input line 473
5.
Package marginnote Info: xpos seems to be 67.81966pt on input line 4735.
 [5266] [5267] [5268]
Package marginnote Info: Margin note 5269.1 is on absolute page 5269 on input l
ine 4844.
Package marginnote Info: right page because not two side mode on input line 484
4.
Package marginnote Info: xpos seems to be 95.60454pt on input line 4844.
Package marginnote Info: Margin note 5269.2 is on absolute page 5269 on input l
ine 4856.
Package marginnote Info: right page because not two side mode on input line 485
6.
Package marginnote Info: xpos seems to be 501.19928pt on input line 4856.
Package marginnote Info: Margin note 5269.3 is on absolute page 5269 on input l
ine 4860.
Package marginnote Info: right page because not two side mode on input line 486
0.
Package marginnote Info: xpos seems to be 64.44725pt on input line 4860.
Package marginnote Info: Margin note 5269.4 is on absolute page 5269 on input l
ine 4864.
Package marginnote Info: right page because not two side mode on input line 486
4.
Package marginnote Info: xpos seems to be 36.135pt on input line 4864.
Package marginnote Info: Margin note 5269.5 is on absolute page 5269 on input l
ine 4868.
Package marginnote Info: right page because not two side mode on input line 486
8.
Package marginnote Info: xpos seems to be 517.44957pt on input line 4868.
Package marginnote Info: Margin note 5269.6 is on absolute page 5269 on input l
ine 4872.
Package marginnote Info: right page because not two side mode on input line 487
2.
Package marginnote Info: xpos seems to be 296.3659pt on input line 4872.
Package marginnote Info: Margin note 5269.7 is on absolute page 5269 on input l
ine 4877.
Package marginnote Info: right page because not two side mode on input line 487
7.
Package marginnote Info: xpos seems to be 70.10735pt on input line 4877.
Package marginnote Info: Margin note 5269.8 is on absolute page 5269 on input l
ine 4881.
Package marginnote Info: right page because not two side mode on input line 488
1.
Package marginnote Info: xpos seems to be 89.39319pt on input line 4881.
Package marginnote Info: Margin note 5269.9 is on absolute page 5269 on input l
ine 4886.
Package marginnote Info: right page because not two side mode on input line 488
6.
Package marginnote Info: xpos seems to be 75.83104pt on input line 4886.
Package marginnote Info: Margin note 5269.10 is on absolute page 5270 on input 
line 4890.
Package marginnote Info: right page because not two side mode on input line 489
0.
Package marginnote Info: xpos seems to be 465.8934pt on input line 4890.
 [5269]
Package marginnote Info: Margin note 5270.1 is on absolute page 5270 on input l
ine 4895.
Package marginnote Info: right page because not two side mode on input line 489
5.
Package marginnote Info: xpos seems to be 62.7599pt on input line 4895.
Package marginnote Info: Margin note 5270.2 is on absolute page 5270 on input l
ine 4899.
Package marginnote Info: right page because not two side mode on input line 489
9.
Package marginnote Info: xpos seems to be 457.21323pt on input line 4899.
Package marginnote Info: Margin note 5270.3 is on absolute page 5270 on input l
ine 4903.
Package marginnote Info: right page because not two side mode on input line 490
3.
Package marginnote Info: xpos seems to be 353.36739pt on input line 4903.
Package marginnote Info: Margin note 5270.4 is on absolute page 5270 on input l
ine 4907.
Package marginnote Info: right page because not two side mode on input line 490
7.
Package marginnote Info: xpos seems to be 52.05478pt on input line 4907.
Package marginnote Info: Margin note 5270.5 is on absolute page 5270 on input l
ine 4911.
Package marginnote Info: right page because not two side mode on input line 491
1.
Package marginnote Info: xpos seems to be 552.22012pt on input line 4911.
Package marginnote Info: Margin note 5270.6 is on absolute page 5270 on input l
ine 4915.
Package marginnote Info: right page because not two side mode on input line 491
5.
Package marginnote Info: xpos seems to be 99.84512pt on input line 4915.
Package marginnote Info: Margin note 5270.7 is on absolute page 5270 on input l
ine 4919.
Package marginnote Info: right page because not two side mode on input line 491
9.
Package marginnote Info: xpos seems to be 476.9303pt on input line 4919.
Package marginnote Info: Margin note 5270.8 is on absolute page 5270 on input l
ine 4924.
Package marginnote Info: right page because not two side mode on input line 492
4.
Package marginnote Info: xpos seems to be 57.14464pt on input line 4924.
Package marginnote Info: Margin note 5270.9 is on absolute page 5270 on input l
ine 4928.
Package marginnote Info: right page because not two side mode on input line 492
8.
Package marginnote Info: xpos seems to be 253.75478pt on input line 4928.
Package marginnote Info: Margin note 5270.10 is on absolute page 5270 on input 
line 4932.
Package marginnote Info: right page because not two side mode on input line 493
2.
Package marginnote Info: xpos seems to be 267.12604pt on input line 4932.
Package marginnote Info: Margin note 5270.11 is on absolute page 5270 on input 
line 4936.
Package marginnote Info: right page because not two side mode on input line 493
6.
Package marginnote Info: xpos seems to be 177.83723pt on input line 4936.
Package marginnote Info: Margin note 5270.12 is on absolute page 5270 on input 
line 4940.
Package marginnote Info: right page because not two side mode on input line 494
0.
Package marginnote Info: xpos seems to be 264.25668pt on input line 4940.
Package marginnote Info: Margin note 5270.13 is on absolute page 5270 on input 
line 4944.
Package marginnote Info: right page because not two side mode on input line 494
4.
Package marginnote Info: xpos seems to be 115.05644pt on input line 4944.
Package marginnote Info: Margin note 5270.14 is on absolute page 5271 on input 
line 4948.
Package marginnote Info: right page because not two side mode on input line 494
8.
Package marginnote Info: xpos seems to be 318.7696pt on input line 4948.

[5270]
Package marginnote Info: Margin note 5271.1 is on absolute page 5271 on input l
ine 4953.
Package marginnote Info: right page because not two side mode on input line 495
3.
Package marginnote Info: xpos seems to be 62.715pt on input line 4953.
Package marginnote Info: Margin note 5271.2 is on absolute page 5271 on input l
ine 4959.
Package marginnote Info: right page because not two side mode on input line 495
9.
Package marginnote Info: xpos seems to be 307.34392pt on input line 4959.
 [5271]
Package marginnote Info: Margin note 5272.1 is on absolute page 5272 on input l
ine 5110.
Package marginnote Info: right page because not two side mode on input line 511
0.
Package marginnote Info: xpos seems to be 510.6752pt on input line 5110.
Package marginnote Info: Margin note 5272.2 is on absolute page 5272 on input l
ine 5119.
Package marginnote Info: right page because not two side mode on input line 511
9.
Package marginnote Info: xpos seems to be 65.08261pt on input line 5119.
) (./gospel_early_mormon_sources_1843.tex [5272]
Package marginnote Info: Margin note 5273.1 is on absolute page 5273 on input l
ine 66.
Package marginnote Info: right page because not two side mode on input line 66.

Package marginnote Info: xpos seems to be 85.00471pt on input line 66.
Package marginnote Info: Margin note 5273.2 is on absolute page 5273 on input l
ine 73.
Package marginnote Info: right page because not two side mode on input line 73.

Package marginnote Info: xpos seems to be 93.36261pt on input line 73.
Package marginnote Info: Margin note 5273.3 is on absolute page 5273 on input l
ine 78.
Package marginnote Info: right page because not two side mode on input line 78.

Package marginnote Info: xpos seems to be 67.07951pt on input line 78.
Package marginnote Info: Margin note 5273.4 is on absolute page 5273 on input l
ine 83.
Package marginnote Info: right page because not two side mode on input line 83.

Package marginnote Info: xpos seems to be 88.44426pt on input line 83.
Package marginnote Info: Margin note 5273.5 is on absolute page 5273 on input l
ine 88.
Package marginnote Info: right page because not two side mode on input line 88.

Package marginnote Info: xpos seems to be 72.58673pt on input line 88.
Package marginnote Info: Margin note 5273.6 is on absolute page 5273 on input l
ine 95.
Package marginnote Info: right page because not two side mode on input line 95.

Package marginnote Info: xpos seems to be 112.00972pt on input line 95.
Package marginnote Info: Margin note 5273.7 is on absolute page 5273 on input l
ine 100.
Package marginnote Info: right page because not two side mode on input line 100
.
Package marginnote Info: xpos seems to be 73.29904pt on input line 100.
Package marginnote Info: Margin note 5273.8 is on absolute page 5273 on input l
ine 105.
Package marginnote Info: right page because not two side mode on input line 105
.
Package marginnote Info: xpos seems to be 67.23825pt on input line 105.
 [5273

]
Package marginnote Info: Margin note 5274.1 is on absolute page 5274 on input l
ine 168.
Package marginnote Info: right page because not two side mode on input line 168
.
Package marginnote Info: xpos seems to be 63.5609pt on input line 168.
Package marginnote Info: Margin note 5274.2 is on absolute page 5274 on input l
ine 172.
Package marginnote Info: right page because not two side mode on input line 172
.
Package marginnote Info: xpos seems to be 120.14749pt on input line 172.
Package marginnote Info: Margin note 5274.3 is on absolute page 5274 on input l
ine 224.
Package marginnote Info: right page because not two side mode on input line 224
.
Package marginnote Info: xpos seems to be 76.74385pt on input line 224.
Package marginnote Info: Margin note 5274.4 is on absolute page 5274 on input l
ine 228.
Package marginnote Info: right page because not two side mode on input line 228
.
Package marginnote Info: xpos seems to be 318.16075pt on input line 228.
Package marginnote Info: Margin note 5274.5 is on absolute page 5275 on input l
ine 232.
Package marginnote Info: right page because not two side mode on input line 232
.
Package marginnote Info: xpos seems to be 266.18643pt on input line 232.
 [5274]
Package marginnote Info: Margin note 5275.1 is on absolute page 5275 on input l
ine 237.
Package marginnote Info: right page because not two side mode on input line 237
.
Package marginnote Info: xpos seems to be 83.36086pt on input line 237.
Package marginnote Info: Margin note 5275.2 is on absolute page 5275 on input l
ine 241.
Package marginnote Info: right page because not two side mode on input line 241
.
Package marginnote Info: xpos seems to be 437.38496pt on input line 241.
Package marginnote Info: Margin note 5275.3 is on absolute page 5275 on input l
ine 245.
Package marginnote Info: right page because not two side mode on input line 245
.
Package marginnote Info: xpos seems to be 431.7305pt on input line 245.
Package marginnote Info: Margin note 5275.4 is on absolute page 5275 on input l
ine 250.
Package marginnote Info: right page because not two side mode on input line 250
.
Package marginnote Info: xpos seems to be 65.55551pt on input line 250.
Package marginnote Info: Margin note 5275.5 is on absolute page 5275 on input l
ine 254.
Package marginnote Info: right page because not two side mode on input line 254
.
Package marginnote Info: xpos seems to be 174.07103pt on input line 254.
Package marginnote Info: Margin note 5275.6 is on absolute page 5275 on input l
ine 258.
Package marginnote Info: right page because not two side mode on input line 258
.
Package marginnote Info: xpos seems to be 520.05957pt on input line 258.
Package marginnote Info: Margin note 5275.7 is on absolute page 5275 on input l
ine 263.
Package marginnote Info: right page because not two side mode on input line 263
.
Package marginnote Info: xpos seems to be 69.36516pt on input line 263.
Package marginnote Info: Margin note 5275.8 is on absolute page 5275 on input l
ine 267.
Package marginnote Info: right page because not two side mode on input line 267
.
Package marginnote Info: xpos seems to be 517.92542pt on input line 267.
Package marginnote Info: Margin note 5275.9 is on absolute page 5275 on input l
ine 271.
Package marginnote Info: right page because not two side mode on input line 271
.
Package marginnote Info: xpos seems to be 459.64478pt on input line 271.
Package marginnote Info: Margin note 5275.10 is on absolute page 5275 on input 
line 275.
Package marginnote Info: right page because not two side mode on input line 275
.
Package marginnote Info: xpos seems to be 204.34055pt on input line 275.
Package marginnote Info: Margin note 5275.11 is on absolute page 5275 on input 
line 279.
Package marginnote Info: right page because not two side mode on input line 279
.
Package marginnote Info: xpos seems to be 404.19879pt on input line 279.
Package marginnote Info: Margin note 5275.12 is on absolute page 5275 on input 
line 283.
Package marginnote Info: right page because not two side mode on input line 283
.
Package marginnote Info: xpos seems to be 536.03339pt on input line 283.
Package marginnote Info: Margin note 5275.13 is on absolute page 5275 on input 
line 287.
Package marginnote Info: right page because not two side mode on input line 287
.
Package marginnote Info: xpos seems to be 231.17345pt on input line 287.
Package marginnote Info: Margin note 5275.14 is on absolute page 5275 on input 
line 291.
Package marginnote Info: right page because not two side mode on input line 291
.
Package marginnote Info: xpos seems to be 84.83517pt on input line 291.
Package marginnote Info: Margin note 5275.15 is on absolute page 5275 on input 
line 296.
Package marginnote Info: right page because not two side mode on input line 296
.
Package marginnote Info: xpos seems to be 57.21666pt on input line 296.
Package marginnote Info: Margin note 5275.16 is on absolute page 5276 on input 
line 300.
Package marginnote Info: right page because not two side mode on input line 300
.
Package marginnote Info: xpos seems to be 493.16226pt on input line 300.

[5275]
Package marginnote Info: Margin note 5276.1 is on absolute page 5276 on input l
ine 346.
Package marginnote Info: right page because not two side mode on input line 346
.
Package marginnote Info: xpos seems to be 86.68135pt on input line 346.
Package marginnote Info: Margin note 5276.2 is on absolute page 5276 on input l
ine 353.
Package marginnote Info: right page because not two side mode on input line 353
.
Package marginnote Info: xpos seems to be 60.14833pt on input line 353.
Package marginnote Info: Margin note 5276.3 is on absolute page 5276 on input l
ine 358.
Package marginnote Info: right page because not two side mode on input line 358
.
Package marginnote Info: xpos seems to be 67.61043pt on input line 358.
 [5276]
Package marginnote Info: Margin note 5277.1 is on absolute page 5277 on input l
ine 511.
Package marginnote Info: right page because not two side mode on input line 511
.
Package marginnote Info: xpos seems to be 57.00404pt on input line 511.
Package marginnote Info: Margin note 5277.2 is on absolute page 5277 on input l
ine 520.
Package marginnote Info: right page because not two side mode on input line 520
.
Package marginnote Info: xpos seems to be 71.135pt on input line 520.
Package marginnote Info: Margin note 5277.3 is on absolute page 5277 on input l
ine 529.
Package marginnote Info: right page because not two side mode on input line 529
.
Package marginnote Info: xpos seems to be 75.75485pt on input line 529.
Package marginnote Info: Margin note 5277.4 is on absolute page 5278 on input l
ine 538.
Package marginnote Info: right page because not two side mode on input line 538
.
Package marginnote Info: xpos seems to be 69.63945pt on input line 538.
Package marginnote Info: Margin note 5277.5 is on absolute page 5278 on input l
ine 543.
Package marginnote Info: right page because not two side mode on input line 543
.
Package marginnote Info: xpos seems to be 65.16199pt on input line 543.
 [5277]
Package marginnote Info: Margin note 5278.1 is on absolute page 5278 on input l
ine 554.
Package marginnote Info: right page because not two side mode on input line 554
.
Package marginnote Info: xpos seems to be 82.7704pt on input line 554.
Package marginnote Info: Margin note 5278.2 is on absolute page 5278 on input l
ine 563.
Package marginnote Info: right page because not two side mode on input line 563
.
Package marginnote Info: xpos seems to be 77.31966pt on input line 563.
Package marginnote Info: Margin note 5278.3 is on absolute page 5278 on input l
ine 568.
Package marginnote Info: right page because not two side mode on input line 568
.
Package marginnote Info: xpos seems to be 99.89574pt on input line 568.
Package marginnote Info: Margin note 5278.4 is on absolute page 5278 on input l
ine 572.
Package marginnote Info: right page because not two side mode on input line 572
.
Package marginnote Info: xpos seems to be 131.25055pt on input line 572.
Package marginnote Info: Margin note 5278.5 is on absolute page 5278 on input l
ine 579.
Package marginnote Info: right page because not two side mode on input line 579
.
Package marginnote Info: xpos seems to be 70.26068pt on input line 579.
Package marginnote Info: Margin note 5278.6 is on absolute page 5278 on input l
ine 583.
Package marginnote Info: right page because not two side mode on input line 583
.
Package marginnote Info: xpos seems to be 109.08206pt on input line 583.
Package marginnote Info: Margin note 5278.7 is on absolute page 5278 on input l
ine 590.
Package marginnote Info: right page because not two side mode on input line 590
.
Package marginnote Info: xpos seems to be 67.49841pt on input line 590.
Package marginnote Info: Margin note 5278.8 is on absolute page 5278 on input l
ine 594.
Package marginnote Info: right page because not two side mode on input line 594
.
Package marginnote Info: xpos seems to be 212.50618pt on input line 594.
Package marginnote Info: Margin note 5278.9 is on absolute page 5278 on input l
ine 599.
Package marginnote Info: right page because not two side mode on input line 599
.
Package marginnote Info: xpos seems to be 82.23515pt on input line 599.
Package marginnote Info: Margin note 5278.10 is on absolute page 5278 on input 
line 604.
Package marginnote Info: right page because not two side mode on input line 604
.
Package marginnote Info: xpos seems to be 92.34615pt on input line 604.
Package marginnote Info: Margin note 5278.11 is on absolute page 5278 on input 
line 609.
Package marginnote Info: right page because not two side mode on input line 609
.
Package marginnote Info: xpos seems to be 60.33495pt on input line 609.
 [5278]
Package marginnote Info: Margin note 5279.1 is on absolute page 5279 on input l
ine 659.
Package marginnote Info: right page because not two side mode on input line 659
.
Package marginnote Info: xpos seems to be 67.50475pt on input line 659.
Package marginnote Info: Margin note 5279.2 is on absolute page 5279 on input l
ine 668.
Package marginnote Info: right page because not two side mode on input line 668
.
Package marginnote Info: xpos seems to be 71.47481pt on input line 668.
Package marginnote Info: Margin note 5279.3 is on absolute page 5279 on input l
ine 677.
Package marginnote Info: right page because not two side mode on input line 677
.
Package marginnote Info: xpos seems to be 63.38385pt on input line 677.
Package marginnote Info: Margin note 5279.4 is on absolute page 5279 on input l
ine 682.
Package marginnote Info: right page because not two side mode on input line 682
.
Package marginnote Info: xpos seems to be 71.47481pt on input line 682.
Package marginnote Info: Margin note 5279.5 is on absolute page 5279 on input l
ine 733.
Package marginnote Info: right page because not two side mode on input line 733
.
Package marginnote Info: xpos seems to be 74.39449pt on input line 733.
Package marginnote Info: Margin note 5279.6 is on absolute page 5279 on input l
ine 739.
Package marginnote Info: right page because not two side mode on input line 739
.
Package marginnote Info: xpos seems to be 65.37004pt on input line 739.
Package marginnote Info: Margin note 5279.7 is on absolute page 5279 on input l
ine 744.
Package marginnote Info: right page because not two side mode on input line 744
.
Package marginnote Info: xpos seems to be 56.1384pt on input line 744.
Package marginnote Info: Margin note 5279.8 is on absolute page 5279 on input l
ine 750.
Package marginnote Info: right page because not two side mode on input line 750
.
Package marginnote Info: xpos seems to be 56.13036pt on input line 750.
 [5279]
Package marginnote Info: Margin note 5280.1 is on absolute page 5280 on input l
ine 857.
Package marginnote Info: right page because not two side mode on input line 857
.
Package marginnote Info: xpos seems to be 96.03606pt on input line 857.
Package marginnote Info: Margin note 5280.2 is on absolute page 5281 on input l
ine 864.
Package marginnote Info: right page because not two side mode on input line 864
.
Package marginnote Info: xpos seems to be 76.91447pt on input line 864.
Package marginnote Info: Margin note 5280.3 is on absolute page 5281 on input l
ine 875.
Package marginnote Info: right page because not two side mode on input line 875
.
Package marginnote Info: xpos seems to be 58.56805pt on input line 875.
 [5280]
Package marginnote Info: Margin note 5281.1 is on absolute page 5281 on input l
ine 880.
Package marginnote Info: right page because not two side mode on input line 880
.
Package marginnote Info: xpos seems to be 78.80795pt on input line 880.
Package marginnote Info: Margin note 5281.2 is on absolute page 5281 on input l
ine 927.
Package marginnote Info: right page because not two side mode on input line 927
.
Package marginnote Info: xpos seems to be 83.03607pt on input line 927.
Package marginnote Info: Margin note 5281.3 is on absolute page 5281 on input l
ine 932.
Package marginnote Info: right page because not two side mode on input line 932
.
Package marginnote Info: xpos seems to be 117.40466pt on input line 932.
Package marginnote Info: Margin note 5281.4 is on absolute page 5282 on input l
ine 979.
Package marginnote Info: right page because not two side mode on input line 979
.
Package marginnote Info: xpos seems to be 70.50392pt on input line 979.
Package marginnote Info: Margin note 5281.5 is on absolute page 5282 on input l
ine 983.
Package marginnote Info: right page because not two side mode on input line 983
.
Package marginnote Info: xpos seems to be 483.32466pt on input line 983.
 [5281]
Package marginnote Info: Margin note 5282.1 is on absolute page 5282 on input l
ine 988.
Package marginnote Info: right page because not two side mode on input line 988
.
Package marginnote Info: xpos seems to be 60.14088pt on input line 988.
Package marginnote Info: Margin note 5282.2 is on absolute page 5282 on input l
ine 992.
Package marginnote Info: right page because not two side mode on input line 992
.
Package marginnote Info: xpos seems to be 551.2948pt on input line 992.
Package marginnote Info: Margin note 5282.3 is on absolute page 5282 on input l
ine 996.
Package marginnote Info: right page because not two side mode on input line 996
.
Package marginnote Info: xpos seems to be 214.1371pt on input line 996.
Package marginnote Info: Margin note 5282.4 is on absolute page 5282 on input l
ine 1000.
Package marginnote Info: right page because not two side mode on input line 100
0.
Package marginnote Info: xpos seems to be 268.6725pt on input line 1000.
Package marginnote Info: Margin note 5282.5 is on absolute page 5282 on input l
ine 1004.
Package marginnote Info: right page because not two side mode on input line 100
4.
Package marginnote Info: xpos seems to be 499.51328pt on input line 1004.
Package marginnote Info: Margin note 5282.6 is on absolute page 5282 on input l
ine 1008.
Package marginnote Info: right page because not two side mode on input line 100
8.
Package marginnote Info: xpos seems to be 503.12816pt on input line 1008.
Package marginnote Info: Margin note 5282.7 is on absolute page 5282 on input l
ine 1012.
Package marginnote Info: right page because not two side mode on input line 101
2.
Package marginnote Info: xpos seems to be 166.83557pt on input line 1012.
Package marginnote Info: Margin note 5282.8 is on absolute page 5282 on input l
ine 1017.
Package marginnote Info: right page because not two side mode on input line 101
7.
Package marginnote Info: xpos seems to be 72.65997pt on input line 1017.
Package marginnote Info: Margin note 5282.9 is on absolute page 5282 on input l
ine 1025.
Package marginnote Info: right page because not two side mode on input line 102
5.
Package marginnote Info: xpos seems to be 73.45418pt on input line 1025.
Package marginnote Info: Margin note 5282.10 is on absolute page 5283 on input 
line 1033.
Package marginnote Info: right page because not two side mode on input line 103
3.
Package marginnote Info: xpos seems to be 73.34918pt on input line 1033.
Package marginnote Info: Margin note 5282.11 is on absolute page 5283 on input 
line 1037.
Package marginnote Info: right page because not two side mode on input line 103
7.
Package marginnote Info: xpos seems to be 337.39488pt on input line 1037.
Package marginnote Info: Margin note 5282.12 is on absolute page 5283 on input 
line 1041.
Package marginnote Info: right page because not two side mode on input line 104
1.
Package marginnote Info: xpos seems to be 136.39256pt on input line 1041.
 [5282]
Package marginnote Info: Margin note 5283.1 is on absolute page 5283 on input l
ine 1046.
Package marginnote Info: right page because not two side mode on input line 104
6.
Package marginnote Info: xpos seems to be 57.37228pt on input line 1046.
Package marginnote Info: Margin note 5283.2 is on absolute page 5283 on input l
ine 1050.
Package marginnote Info: right page because not two side mode on input line 105
0.
Package marginnote Info: xpos seems to be 292.7445pt on input line 1050.
 [5283]
Package marginnote Info: Margin note 5284.1 is on absolute page 5284 on input l
ine 1150.
Package marginnote Info: right page because not two side mode on input line 115
0.
Package marginnote Info: xpos seems to be 84.15468pt on input line 1150.
Package marginnote Info: Margin note 5284.2 is on absolute page 5284 on input l
ine 1155.
Package marginnote Info: right page because not two side mode on input line 115
5.
Package marginnote Info: xpos seems to be 55.87054pt on input line 1155.
Package marginnote Info: Margin note 5284.3 is on absolute page 5284 on input l
ine 1160.
Package marginnote Info: right page because not two side mode on input line 116
0.
Package marginnote Info: xpos seems to be 81.08563pt on input line 1160.
Package marginnote Info: Margin note 5284.4 is on absolute page 5284 on input l
ine 1171.
Package marginnote Info: right page because not two side mode on input line 117
1.
Package marginnote Info: xpos seems to be 71.76581pt on input line 1171.
Package marginnote Info: Margin note 5284.5 is on absolute page 5284 on input l
ine 1180.
Package marginnote Info: right page because not two side mode on input line 118
0.
Package marginnote Info: xpos seems to be 57.05765pt on input line 1180.
Package marginnote Info: Margin note 5284.6 is on absolute page 5284 on input l
ine 1184.
Package marginnote Info: right page because not two side mode on input line 118
4.
Package marginnote Info: xpos seems to be 300.89442pt on input line 1184.
Package marginnote Info: Margin note 5284.7 is on absolute page 5284 on input l
ine 1189.
Package marginnote Info: right page because not two side mode on input line 118
9.
Package marginnote Info: xpos seems to be 56.91513pt on input line 1189.
Package marginnote Info: Margin note 5284.8 is on absolute page 5284 on input l
ine 1193.
Package marginnote Info: right page because not two side mode on input line 119
3.
Package marginnote Info: xpos seems to be 104.81563pt on input line 1193.
Package marginnote Info: Margin note 5284.9 is on absolute page 5284 on input l
ine 1198.
Package marginnote Info: right page because not two side mode on input line 119
8.
Package marginnote Info: xpos seems to be 93.64142pt on input line 1198.
Package marginnote Info: Margin note 5284.10 is on absolute page 5284 on input 
line 1202.
Package marginnote Info: right page because not two side mode on input line 120
2.
Package marginnote Info: xpos seems to be 400.37465pt on input line 1202.
Package marginnote Info: Margin note 5284.11 is on absolute page 5284 on input 
line 1207.
Package marginnote Info: right page because not two side mode on input line 120
7.
Package marginnote Info: xpos seems to be 76.77625pt on input line 1207.
Package marginnote Info: Margin note 5284.12 is on absolute page 5284 on input 
line 1216.
Package marginnote Info: right page because not two side mode on input line 121
6.
Package marginnote Info: xpos seems to be 76.36049pt on input line 1216.
Package marginnote Info: Margin note 5284.13 is on absolute page 5284 on input 
line 1221.
Package marginnote Info: right page because not two side mode on input line 122
1.
Package marginnote Info: xpos seems to be 69.66357pt on input line 1221.
Package marginnote Info: Margin note 5284.14 is on absolute page 5284 on input 
line 1225.
Package marginnote Info: right page because not two side mode on input line 122
5.
Package marginnote Info: xpos seems to be 482.27853pt on input line 1225.
Package marginnote Info: Margin note 5284.15 is on absolute page 5285 on input 
line 1229.
Package marginnote Info: right page because not two side mode on input line 122
9.
Package marginnote Info: xpos seems to be 295.19154pt on input line 1229.
 [5284]
Package marginnote Info: Margin note 5285.1 is on absolute page 5285 on input l
ine 1234.
Package marginnote Info: right page because not two side mode on input line 123
4.
Package marginnote Info: xpos seems to be 56.96085pt on input line 1234.
Package marginnote Info: Margin note 5285.2 is on absolute page 5285 on input l
ine 1239.
Package marginnote Info: right page because not two side mode on input line 123
9.
Package marginnote Info: xpos seems to be 63.27179pt on input line 1239.
Package marginnote Info: Margin note 5285.3 is on absolute page 5285 on input l
ine 1244.
Package marginnote Info: right page because not two side mode on input line 124
4.
Package marginnote Info: xpos seems to be 67.08176pt on input line 1244.
Package marginnote Info: Margin note 5285.4 is on absolute page 5285 on input l
ine 1251.
Package marginnote Info: right page because not two side mode on input line 125
1.
Package marginnote Info: xpos seems to be 92.53717pt on input line 1251.
Package marginnote Info: Margin note 5285.5 is on absolute page 5285 on input l
ine 1299.
Package marginnote Info: right page because not two side mode on input line 129
9.
Package marginnote Info: xpos seems to be 94.37604pt on input line 1299.
Package marginnote Info: Margin note 5285.6 is on absolute page 5285 on input l
ine 1303.
Package marginnote Info: right page because not two side mode on input line 130
3.
Package marginnote Info: xpos seems to be 179.68425pt on input line 1303.
Package marginnote Info: Margin note 5285.7 is on absolute page 5286 on input l
ine 1350.
Package marginnote Info: right page because not two side mode on input line 135
0.
Package marginnote Info: xpos seems to be 57.06485pt on input line 1350.
Package marginnote Info: Margin note 5285.8 is on absolute page 5286 on input l
ine 1354.
Package marginnote Info: right page because not two side mode on input line 135
4.
Package marginnote Info: xpos seems to be 303.66115pt on input line 1354.
Package marginnote Info: Margin note 5285.9 is on absolute page 5286 on input l
ine 1358.
Package marginnote Info: right page because not two side mode on input line 135
8.
Package marginnote Info: xpos seems to be 489.74405pt on input line 1358.
 [5285]
Package marginnote Info: Margin note 5286.1 is on absolute page 5286 on input l
ine 1406.
Package marginnote Info: right page because not two side mode on input line 140
6.
Package marginnote Info: xpos seems to be 226.78311pt on input line 1406.
Package marginnote Info: Margin note 5286.2 is on absolute page 5286 on input l
ine 1413.
Package marginnote Info: right page because not two side mode on input line 141
3.
Package marginnote Info: xpos seems to be 117.82443pt on input line 1413.
Package marginnote Info: Margin note 5286.3 is on absolute page 5286 on input l
ine 1418.
Package marginnote Info: right page because not two side mode on input line 141
8.
Package marginnote Info: xpos seems to be 70.33446pt on input line 1418.
Package marginnote Info: Margin note 5286.4 is on absolute page 5286 on input l
ine 1422.
Package marginnote Info: right page because not two side mode on input line 142
2.
Package marginnote Info: xpos seems to be 340.08562pt on input line 1422.

[5286]
Package marginnote Info: Margin note 5287.1 is on absolute page 5287 on input l
ine 1532.
Package marginnote Info: right page because not two side mode on input line 153
2.
Package marginnote Info: xpos seems to be 67.26038pt on input line 1532.
Package marginnote Info: Margin note 5287.2 is on absolute page 5287 on input l
ine 1536.
Package marginnote Info: right page because not two side mode on input line 153
6.
Package marginnote Info: xpos seems to be 423.84276pt on input line 1536.
Package marginnote Info: Margin note 5287.3 is on absolute page 5287 on input l
ine 1541.
Package marginnote Info: right page because not two side mode on input line 154
1.
Package marginnote Info: xpos seems to be 66.81166pt on input line 1541.
Package marginnote Info: Margin note 5287.4 is on absolute page 5287 on input l
ine 1545.
Package marginnote Info: right page because not two side mode on input line 154
5.
Package marginnote Info: xpos seems to be 106.65683pt on input line 1545.
Package marginnote Info: Margin note 5287.5 is on absolute page 5287 on input l
ine 1549.
Package marginnote Info: right page because not two side mode on input line 154
9.
Package marginnote Info: xpos seems to be 85.39304pt on input line 1549.
 [5287]
Package marginnote Info: Margin note 5288.1 is on absolute page 5288 on input l
ine 1597.
Package marginnote Info: right page because not two side mode on input line 159
7.
Package marginnote Info: xpos seems to be 444.43088pt on input line 1597.
Package marginnote Info: Margin note 5288.2 is on absolute page 5288 on input l
ine 1607.
Package marginnote Info: right page because not two side mode on input line 160
7.
Package marginnote Info: xpos seems to be 72.48207pt on input line 1607.
Package marginnote Info: Margin note 5288.3 is on absolute page 5288 on input l
ine 1612.
Package marginnote Info: right page because not two side mode on input line 161
2.
Package marginnote Info: xpos seems to be 74.27052pt on input line 1612.
Package marginnote Info: Margin note 5288.4 is on absolute page 5288 on input l
ine 1616.
Package marginnote Info: right page because not two side mode on input line 161
6.
Package marginnote Info: xpos seems to be 514.90482pt on input line 1616.
Package marginnote Info: Margin note 5288.5 is on absolute page 5288 on input l
ine 1621.
Package marginnote Info: right page because not two side mode on input line 162
1.
Package marginnote Info: xpos seems to be 70.48784pt on input line 1621.
Package marginnote Info: Margin note 5288.6 is on absolute page 5288 on input l
ine 1625.
Package marginnote Info: right page because not two side mode on input line 162
5.
Package marginnote Info: xpos seems to be 380.07301pt on input line 1625.
Package marginnote Info: Margin note 5288.7 is on absolute page 5288 on input l
ine 1630.
Package marginnote Info: right page because not two side mode on input line 163
0.
Package marginnote Info: xpos seems to be 65.5918pt on input line 1630.
Package marginnote Info: Margin note 5288.8 is on absolute page 5288 on input l
ine 1634.
Package marginnote Info: right page because not two side mode on input line 163
4.
Package marginnote Info: xpos seems to be 329.2772pt on input line 1634.
Package marginnote Info: Margin note 5288.9 is on absolute page 5288 on input l
ine 1639.
Package marginnote Info: right page because not two side mode on input line 163
9.
Package marginnote Info: xpos seems to be 74.62608pt on input line 1639.
Package marginnote Info: Margin note 5288.10 is on absolute page 5288 on input 
line 1643.
Package marginnote Info: right page because not two side mode on input line 164
3.
Package marginnote Info: xpos seems to be 296.53394pt on input line 1643.
Package marginnote Info: Margin note 5288.11 is on absolute page 5288 on input 
line 1647.
Package marginnote Info: right page because not two side mode on input line 164
7.
Package marginnote Info: xpos seems to be 267.90553pt on input line 1647.
 [5288]
Package marginnote Info: Margin note 5289.1 is on absolute page 5289 on input l
ine 1715.
Package marginnote Info: right page because not two side mode on input line 171
5.
Package marginnote Info: xpos seems to be 445.88362pt on input line 1715.
Package marginnote Info: Margin note 5289.2 is on absolute page 5289 on input l
ine 1722.
Package marginnote Info: right page because not two side mode on input line 172
2.
Package marginnote Info: xpos seems to be 390.02658pt on input line 1722.
Package marginnote Info: Margin note 5289.3 is on absolute page 5290 on input l
ine 1775.
Package marginnote Info: right page because not two side mode on input line 177
5.
Package marginnote Info: xpos seems to be 86.3845pt on input line 1775.
Package marginnote Info: Margin note 5289.4 is on absolute page 5290 on input l
ine 1779.
Package marginnote Info: right page because not two side mode on input line 177
9.
Package marginnote Info: xpos seems to be 122.06276pt on input line 1779.
Package marginnote Info: Margin note 5289.5 is on absolute page 5290 on input l
ine 1783.
Package marginnote Info: right page because not two side mode on input line 178
3.
Package marginnote Info: xpos seems to be 58.19232pt on input line 1783.
 [5289]
Package marginnote Info: Margin note 5290.1 is on absolute page 5290 on input l
ine 1831.
Package marginnote Info: right page because not two side mode on input line 183
1.
Package marginnote Info: xpos seems to be 351.51216pt on input line 1831.
Package marginnote Info: Margin note 5290.2 is on absolute page 5290 on input l
ine 1840.
Package marginnote Info: right page because not two side mode on input line 184
0.
Package marginnote Info: xpos seems to be 79.69987pt on input line 1840.
Package marginnote Info: Margin note 5290.3 is on absolute page 5291 on input l
ine 1896.
Package marginnote Info: right page because not two side mode on input line 189
6.
Package marginnote Info: xpos seems to be 512.17015pt on input line 1896.
 [5290]
Package marginnote Info: Margin note 5291.1 is on absolute page 5291 on input l
ine 1907.
Package marginnote Info: right page because not two side mode on input line 190
7.
Package marginnote Info: xpos seems to be 355.50893pt on input line 1907.
Package marginnote Info: Margin note 5291.2 is on absolute page 5291 on input l
ine 1911.
Package marginnote Info: right page because not two side mode on input line 191
1.
Package marginnote Info: xpos seems to be 267.75998pt on input line 1911.
Package marginnote Info: Margin note 5291.3 is on absolute page 5291 on input l
ine 1915.
Package marginnote Info: right page because not two side mode on input line 191
5.
Package marginnote Info: xpos seems to be 306.09613pt on input line 1915.
Package marginnote Info: Margin note 5291.4 is on absolute page 5291 on input l
ine 1919.
Package marginnote Info: right page because not two side mode on input line 191
9.
Package marginnote Info: xpos seems to be 425.64888pt on input line 1919.
Package marginnote Info: Margin note 5291.5 is on absolute page 5291 on input l
ine 1923.
Package marginnote Info: right page because not two side mode on input line 192
3.
Package marginnote Info: xpos seems to be 493.70479pt on input line 1923.
Package marginnote Info: Margin note 5291.6 is on absolute page 5291 on input l
ine 1927.
Package marginnote Info: right page because not two side mode on input line 192
7.
Package marginnote Info: xpos seems to be 48.22867pt on input line 1927.
 [5291]
Package marginnote Info: Margin note 5292.1 is on absolute page 5292 on input l
ine 2037.
Package marginnote Info: right page because not two side mode on input line 203
7.
Package marginnote Info: xpos seems to be 75.18228pt on input line 2037.
Package marginnote Info: Margin note 5292.2 is on absolute page 5292 on input l
ine 2043.
Package marginnote Info: right page because not two side mode on input line 204
3.
Package marginnote Info: xpos seems to be 67.26682pt on input line 2043.
Package marginnote Info: Margin note 5292.3 is on absolute page 5292 on input l
ine 2048.
Package marginnote Info: right page because not two side mode on input line 204
8.
Package marginnote Info: xpos seems to be 66.93747pt on input line 2048.
Package marginnote Info: Margin note 5292.4 is on absolute page 5292 on input l
ine 2054.
Package marginnote Info: right page because not two side mode on input line 205
4.
Package marginnote Info: xpos seems to be 62.82494pt on input line 2054.
Package marginnote Info: Margin note 5292.5 is on absolute page 5292 on input l
ine 2062.
Package marginnote Info: right page because not two side mode on input line 206
2.
Package marginnote Info: xpos seems to be 83.37886pt on input line 2062.
Package marginnote Info: Margin note 5292.6 is on absolute page 5292 on input l
ine 2068.
Package marginnote Info: right page because not two side mode on input line 206
8.
Package marginnote Info: xpos seems to be 62.98161pt on input line 2068.
Package marginnote Info: Margin note 5292.7 is on absolute page 5292 on input l
ine 2074.
Package marginnote Info: right page because not two side mode on input line 207
4.
Package marginnote Info: xpos seems to be 79.86505pt on input line 2074.
Package marginnote Info: Margin note 5292.8 is on absolute page 5292 on input l
ine 2078.
Package marginnote Info: right page because not two side mode on input line 207
8.
Package marginnote Info: xpos seems to be 428.04744pt on input line 2078.
Package marginnote Info: Margin note 5292.9 is on absolute page 5292 on input l
ine 2082.
Package marginnote Info: right page because not two side mode on input line 208
2.
Package marginnote Info: xpos seems to be 193.58119pt on input line 2082.
Package marginnote Info: Margin note 5292.10 is on absolute page 5293 on input 
line 2087.
Package marginnote Info: right page because not two side mode on input line 208
7.
Package marginnote Info: xpos seems to be 105.92154pt on input line 2087.
Package marginnote Info: Margin note 5292.11 is on absolute page 5293 on input 
line 2091.
Package marginnote Info: right page because not two side mode on input line 209
1.
Package marginnote Info: xpos seems to be 189.08998pt on input line 2091.
 [5292]
Package marginnote Info: Margin note 5293.1 is on absolute page 5293 on input l
ine 2096.
Package marginnote Info: right page because not two side mode on input line 209
6.
Package marginnote Info: xpos seems to be 80.51266pt on input line 2096.
Package marginnote Info: Margin note 5293.2 is on absolute page 5293 on input l
ine 2102.
Package marginnote Info: right page because not two side mode on input line 210
2.
Package marginnote Info: xpos seems to be 66.74486pt on input line 2102.
Package marginnote Info: Margin note 5293.3 is on absolute page 5293 on input l
ine 2109.
Package marginnote Info: right page because not two side mode on input line 210
9.
Package marginnote Info: xpos seems to be 367.46907pt on input line 2109.
Package marginnote Info: Margin note 5293.4 is on absolute page 5293 on input l
ine 2115.
Package marginnote Info: right page because not two side mode on input line 211
5.
Package marginnote Info: xpos seems to be 63.69492pt on input line 2115.
Package marginnote Info: Margin note 5293.5 is on absolute page 5293 on input l
ine 2124.
Package marginnote Info: right page because not two side mode on input line 212
4.
Package marginnote Info: xpos seems to be 76.32716pt on input line 2124.
Package marginnote Info: Margin note 5293.6 is on absolute page 5293 on input l
ine 2131.
Package marginnote Info: right page because not two side mode on input line 213
1.
Package marginnote Info: xpos seems to be 86.25896pt on input line 2131.
Package marginnote Info: Margin note 5293.7 is on absolute page 5293 on input l
ine 2177.
Package marginnote Info: right page because not two side mode on input line 217
7.
Package marginnote Info: xpos seems to be 77.23448pt on input line 2177.
Package marginnote Info: Margin note 5293.8 is on absolute page 5293 on input l
ine 2182.
Package marginnote Info: right page because not two side mode on input line 218
2.
Package marginnote Info: xpos seems to be 63.75684pt on input line 2182.
Package marginnote Info: Margin note 5293.9 is on absolute page 5294 on input l
ine 2187.
Package marginnote Info: right page because not two side mode on input line 218
7.
Package marginnote Info: xpos seems to be 79.31187pt on input line 2187.
Package marginnote Info: Margin note 5293.10 is on absolute page 5294 on input 
line 2192.
Package marginnote Info: right page because not two side mode on input line 219
2.
Package marginnote Info: xpos seems to be 70.37474pt on input line 2192.
 [5293]
Package marginnote Info: Margin note 5294.1 is on absolute page 5294 on input l
ine 2199.
Package marginnote Info: right page because not two side mode on input line 219
9.
Package marginnote Info: xpos seems to be 84.2646pt on input line 2199.
Package marginnote Info: Margin note 5294.2 is on absolute page 5294 on input l
ine 2206.
Package marginnote Info: right page because not two side mode on input line 220
6.
Package marginnote Info: xpos seems to be 56.94199pt on input line 2206.
Package marginnote Info: Margin note 5294.3 is on absolute page 5294 on input l
ine 2211.
Package marginnote Info: right page because not two side mode on input line 221
1.
Package marginnote Info: xpos seems to be 57.01312pt on input line 2211.
Package marginnote Info: Margin note 5294.4 is on absolute page 5294 on input l
ine 2216.
Package marginnote Info: right page because not two side mode on input line 221
6.
Package marginnote Info: xpos seems to be 61.73497pt on input line 2216.
Package marginnote Info: Margin note 5294.5 is on absolute page 5294 on input l
ine 2225.
Package marginnote Info: right page because not two side mode on input line 222
5.
Package marginnote Info: xpos seems to be 70.36205pt on input line 2225.
Package marginnote Info: Margin note 5294.6 is on absolute page 5294 on input l
ine 2230.
Package marginnote Info: right page because not two side mode on input line 223
0.
Package marginnote Info: xpos seems to be 87.41768pt on input line 2230.
Package marginnote Info: Margin note 5294.7 is on absolute page 5294 on input l
ine 2235.
Package marginnote Info: right page because not two side mode on input line 223
5.
Package marginnote Info: xpos seems to be 90.51309pt on input line 2235.
Package marginnote Info: Margin note 5294.8 is on absolute page 5294 on input l
ine 2240.
Package marginnote Info: right page because not two side mode on input line 224
0.
Package marginnote Info: xpos seems to be 94.36403pt on input line 2240.
Package marginnote Info: Margin note 5294.9 is on absolute page 5294 on input l
ine 2245.
Package marginnote Info: right page because not two side mode on input line 224
5.
Package marginnote Info: xpos seems to be 78.65768pt on input line 2245.
Package marginnote Info: Margin note 5294.10 is on absolute page 5294 on input 
line 2250.
Package marginnote Info: right page because not two side mode on input line 225
0.
Package marginnote Info: xpos seems to be 77.579pt on input line 2250.
Package marginnote Info: Margin note 5294.11 is on absolute page 5294 on input 
line 2255.
Package marginnote Info: right page because not two side mode on input line 225
5.
Package marginnote Info: xpos seems to be 77.71738pt on input line 2255.
Package marginnote Info: Margin note 5294.12 is on absolute page 5294 on input 
line 2264.
Package marginnote Info: right page because not two side mode on input line 226
4.
Package marginnote Info: xpos seems to be 84.40907pt on input line 2264.
 [5294]
Package marginnote Info: Margin note 5295.1 is on absolute page 5295 on input l
ine 2324.
Package marginnote Info: right page because not two side mode on input line 232
4.
Package marginnote Info: xpos seems to be 61.74713pt on input line 2324.
Package marginnote Info: Margin note 5295.2 is on absolute page 5295 on input l
ine 2329.
Package marginnote Info: right page because not two side mode on input line 232
9.
Package marginnote Info: xpos seems to be 69.63194pt on input line 2329.
Package marginnote Info: Margin note 5295.3 is on absolute page 5295 on input l
ine 2338.
Package marginnote Info: right page because not two side mode on input line 233
8.
Package marginnote Info: xpos seems to be 95.82513pt on input line 2338.
Package marginnote Info: Margin note 5295.4 is on absolute page 5295 on input l
ine 2343.
Package marginnote Info: right page because not two side mode on input line 234
3.
Package marginnote Info: xpos seems to be 91.84456pt on input line 2343.
Package marginnote Info: Margin note 5295.5 is on absolute page 5295 on input l
ine 2356.
Package marginnote Info: right page because not two side mode on input line 235
6.
Package marginnote Info: xpos seems to be 67.6762pt on input line 2356.
Package marginnote Info: Margin note 5295.6 is on absolute page 5295 on input l
ine 2361.
Package marginnote Info: right page because not two side mode on input line 236
1.
Package marginnote Info: xpos seems to be 57.72409pt on input line 2361.
Package marginnote Info: Margin note 5295.7 is on absolute page 5295 on input l
ine 2366.
Package marginnote Info: right page because not two side mode on input line 236
6.
Package marginnote Info: xpos seems to be 57.00902pt on input line 2366.
Package marginnote Info: Margin note 5295.8 is on absolute page 5295 on input l
ine 2375.
Package marginnote Info: right page because not two side mode on input line 237
5.
Package marginnote Info: xpos seems to be 63.93146pt on input line 2375.
Package marginnote Info: Margin note 5295.9 is on absolute page 5295 on input l
ine 2382.
Package marginnote Info: right page because not two side mode on input line 238
2.
Package marginnote Info: xpos seems to be 79.53712pt on input line 2382.
 [5295]
Package marginnote Info: Margin note 5296.1 is on absolute page 5296 on input l
ine 2391.
Package marginnote Info: right page because not two side mode on input line 239
1.
Package marginnote Info: xpos seems to be 56.76266pt on input line 2391.
Package marginnote Info: Margin note 5296.2 is on absolute page 5296 on input l
ine 2398.
Package marginnote Info: right page because not two side mode on input line 239
8.
Package marginnote Info: xpos seems to be 56.135pt on input line 2398.
Package marginnote Info: Margin note 5296.3 is on absolute page 5296 on input l
ine 2407.
Package marginnote Info: right page because not two side mode on input line 240
7.
Package marginnote Info: xpos seems to be 82.7pt on input line 2407.
Package marginnote Info: Margin note 5296.4 is on absolute page 5296 on input l
ine 2414.
Package marginnote Info: right page because not two side mode on input line 241
4.
Package marginnote Info: xpos seems to be 97.09645pt on input line 2414.
Package marginnote Info: Margin note 5296.5 is on absolute page 5296 on input l
ine 2419.
Package marginnote Info: right page because not two side mode on input line 241
9.
Package marginnote Info: xpos seems to be 78.81613pt on input line 2419.
Package marginnote Info: Margin note 5296.6 is on absolute page 5296 on input l
ine 2423.
Package marginnote Info: right page because not two side mode on input line 242
3.
Package marginnote Info: xpos seems to be 521.37639pt on input line 2423.
Package marginnote Info: Margin note 5296.7 is on absolute page 5296 on input l
ine 2427.
Package marginnote Info: right page because not two side mode on input line 242
7.
Package marginnote Info: xpos seems to be 303.25926pt on input line 2427.
Package marginnote Info: Margin note 5296.8 is on absolute page 5296 on input l
ine 2434.
Package marginnote Info: right page because not two side mode on input line 243
4.
Package marginnote Info: xpos seems to be 56.00816pt on input line 2434.
Package marginnote Info: Margin note 5296.9 is on absolute page 5296 on input l
ine 2439.
Package marginnote Info: right page because not two side mode on input line 243
9.
Package marginnote Info: xpos seems to be 57.00499pt on input line 2439.
Package marginnote Info: Margin note 5296.10 is on absolute page 5297 on input 
line 2448.
Package marginnote Info: right page because not two side mode on input line 244
8.
Package marginnote Info: xpos seems to be 82.30351pt on input line 2448.
 [5296]
Package marginnote Info: Margin note 5297.1 is on absolute page 5297 on input l
ine 2455.
Package marginnote Info: right page because not two side mode on input line 245
5.
Package marginnote Info: xpos seems to be 56.135pt on input line 2455.
Package marginnote Info: Margin note 5297.2 is on absolute page 5297 on input l
ine 2462.
Package marginnote Info: right page because not two side mode on input line 246
2.
Package marginnote Info: xpos seems to be 56.12216pt on input line 2462.
Package marginnote Info: Margin note 5297.3 is on absolute page 5297 on input l
ine 2471.
Package marginnote Info: right page because not two side mode on input line 247
1.
Package marginnote Info: xpos seems to be 57.76024pt on input line 2471.
Package marginnote Info: Margin note 5297.4 is on absolute page 5297 on input l
ine 2480.
Package marginnote Info: right page because not two side mode on input line 248
0.
Package marginnote Info: xpos seems to be 74.1329pt on input line 2480.
Package marginnote Info: Margin note 5297.5 is on absolute page 5297 on input l
ine 2487.
Package marginnote Info: right page because not two side mode on input line 248
7.
Package marginnote Info: xpos seems to be 106.50696pt on input line 2487.
Package marginnote Info: Margin note 5297.6 is on absolute page 5297 on input l
ine 2492.
Package marginnote Info: right page because not two side mode on input line 249
2.
Package marginnote Info: xpos seems to be 70.55109pt on input line 2492.
Package marginnote Info: Margin note 5297.7 is on absolute page 5297 on input l
ine 2497.
Package marginnote Info: right page because not two side mode on input line 249
7.
Package marginnote Info: xpos seems to be 94.26779pt on input line 2497.
Package marginnote Info: Margin note 5297.8 is on absolute page 5297 on input l
ine 2504.
Package marginnote Info: right page because not two side mode on input line 250
4.
Package marginnote Info: xpos seems to be 62.32735pt on input line 2504.
Package marginnote Info: Margin note 5297.9 is on absolute page 5297 on input l
ine 2518.
Package marginnote Info: right page because not two side mode on input line 251
8.
Package marginnote Info: xpos seems to be 58.635pt on input line 2518.

[5297]
Package marginnote Info: Margin note 5298.1 is on absolute page 5298 on input l
ine 2531.
Package marginnote Info: right page because not two side mode on input line 253
1.
Package marginnote Info: xpos seems to be 102.97444pt on input line 2531.
Package marginnote Info: Margin note 5298.2 is on absolute page 5298 on input l
ine 2542.
Package marginnote Info: right page because not two side mode on input line 254
2.
Package marginnote Info: xpos seems to be 80.75471pt on input line 2542.
Package marginnote Info: Margin note 5298.3 is on absolute page 5298 on input l
ine 2551.
Package marginnote Info: right page because not two side mode on input line 255
1.
Package marginnote Info: xpos seems to be 70.60075pt on input line 2551.
Package marginnote Info: Margin note 5298.4 is on absolute page 5298 on input l
ine 2558.
Package marginnote Info: right page because not two side mode on input line 255
8.
Package marginnote Info: xpos seems to be 76.00601pt on input line 2558.
Package marginnote Info: Margin note 5298.5 is on absolute page 5298 on input l
ine 2569.
Package marginnote Info: right page because not two side mode on input line 256
9.
Package marginnote Info: xpos seems to be 76.31036pt on input line 2569.
Package marginnote Info: Margin note 5298.6 is on absolute page 5298 on input l
ine 2580.
Package marginnote Info: right page because not two side mode on input line 258
0.
Package marginnote Info: xpos seems to be 75.99365pt on input line 2580.
Package marginnote Info: Margin note 5298.7 is on absolute page 5298 on input l
ine 2589.
Package marginnote Info: right page because not two side mode on input line 258
9.
Package marginnote Info: xpos seems to be 82.92328pt on input line 2589.
Package marginnote Info: Margin note 5298.8 is on absolute page 5298 on input l
ine 2594.
Package marginnote Info: right page because not two side mode on input line 259
4.
Package marginnote Info: xpos seems to be 73.3999pt on input line 2594.
 [5298]
Package marginnote Info: Margin note 5299.1 is on absolute page 5299 on input l
ine 2683.
Package marginnote Info: right page because not two side mode on input line 268
3.
Package marginnote Info: xpos seems to be 77.3677pt on input line 2683.
Package marginnote Info: Margin note 5299.2 is on absolute page 5299 on input l
ine 2687.
Package marginnote Info: right page because not two side mode on input line 268
7.
Package marginnote Info: xpos seems to be 150.99426pt on input line 2687.
Package marginnote Info: Margin note 5299.3 is on absolute page 5299 on input l
ine 2696.
Package marginnote Info: right page because not two side mode on input line 269
6.
Package marginnote Info: xpos seems to be 548.15186pt on input line 2696.
Package marginnote Info: Margin note 5299.4 is on absolute page 5299 on input l
ine 2700.
Package marginnote Info: right page because not two side mode on input line 270
0.
Package marginnote Info: xpos seems to be 547.22334pt on input line 2700.
Package marginnote Info: Margin note 5299.5 is on absolute page 5299 on input l
ine 2705.
Package marginnote Info: right page because not two side mode on input line 270
5.
Package marginnote Info: xpos seems to be 79.79741pt on input line 2705.
Package marginnote Info: Margin note 5299.6 is on absolute page 5300 on input l
ine 2709.
Package marginnote Info: right page because not two side mode on input line 270
9.
Package marginnote Info: xpos seems to be 98.11647pt on input line 2709.
Package marginnote Info: Margin note 5299.7 is on absolute page 5300 on input l
ine 2713.
Package marginnote Info: right page because not two side mode on input line 271
3.
Package marginnote Info: xpos seems to be 198.02982pt on input line 2713.
Package marginnote Info: Margin note 5299.8 is on absolute page 5300 on input l
ine 2717.
Package marginnote Info: right page because not two side mode on input line 271
7.
Package marginnote Info: xpos seems to be 123.32237pt on input line 2717.
Package marginnote Info: Margin note 5299.9 is on absolute page 5300 on input l
ine 2721.
Package marginnote Info: right page because not two side mode on input line 272
1.
Package marginnote Info: xpos seems to be 139.68393pt on input line 2721.
Package marginnote Info: Margin note 5299.10 is on absolute page 5300 on input 
line 2725.
Package marginnote Info: right page because not two side mode on input line 272
5.
Package marginnote Info: xpos seems to be 266.58067pt on input line 2725.
Package marginnote Info: Margin note 5299.11 is on absolute page 5300 on input 
line 2729.
Package marginnote Info: right page because not two side mode on input line 272
9.
Package marginnote Info: xpos seems to be 280.49814pt on input line 2729.
Package marginnote Info: Margin note 5299.12 is on absolute page 5300 on input 
line 2733.
Package marginnote Info: right page because not two side mode on input line 273
3.
Package marginnote Info: xpos seems to be 309.6413pt on input line 2733.
 [5299]
Package marginnote Info: Margin note 5300.1 is on absolute page 5300 on input l
ine 2738.
Package marginnote Info: right page because not two side mode on input line 273
8.
Package marginnote Info: xpos seems to be 79.26256pt on input line 2738.
Package marginnote Info: Margin note 5300.2 is on absolute page 5300 on input l
ine 2787.
Package marginnote Info: right page because not two side mode on input line 278
7.
Package marginnote Info: xpos seems to be 461.95126pt on input line 2787.
Package marginnote Info: Margin note 5300.3 is on absolute page 5301 on input l
ine 2799.
Package marginnote Info: right page because not two side mode on input line 279
9.
Package marginnote Info: xpos seems to be 57.0067pt on input line 2799.
 [5300]
Package marginnote Info: Margin note 5301.1 is on absolute page 5301 on input l
ine 2804.
Package marginnote Info: right page because not two side mode on input line 280
4.
Package marginnote Info: xpos seems to be 69.99236pt on input line 2804.
Package marginnote Info: Margin note 5301.2 is on absolute page 5301 on input l
ine 2808.
Package marginnote Info: right page because not two side mode on input line 280
8.
Package marginnote Info: xpos seems to be 357.96884pt on input line 2808.
Package marginnote Info: Margin note 5301.3 is on absolute page 5301 on input l
ine 2812.
Package marginnote Info: right page because not two side mode on input line 281
2.
Package marginnote Info: xpos seems to be 89.31975pt on input line 2812.
Package marginnote Info: Margin note 5301.4 is on absolute page 5301 on input l
ine 2817.
Package marginnote Info: right page because not two side mode on input line 281
7.
Package marginnote Info: xpos seems to be 57.03647pt on input line 2817.
Package marginnote Info: Margin note 5301.5 is on absolute page 5301 on input l
ine 2821.
Package marginnote Info: right page because not two side mode on input line 282
1.
Package marginnote Info: xpos seems to be 369.57933pt on input line 2821.
Package marginnote Info: Margin note 5301.6 is on absolute page 5301 on input l
ine 2825.
Package marginnote Info: right page because not two side mode on input line 282
5.
Package marginnote Info: xpos seems to be 459.1099pt on input line 2825.
Package marginnote Info: Margin note 5301.7 is on absolute page 5301 on input l
ine 2829.
Package marginnote Info: right page because not two side mode on input line 282
9.
Package marginnote Info: xpos seems to be 159.5267pt on input line 2829.
Package marginnote Info: Margin note 5301.8 is on absolute page 5301 on input l
ine 2834.
Package marginnote Info: right page because not two side mode on input line 283
4.
Package marginnote Info: xpos seems to be 80.5092pt on input line 2834.
Package marginnote Info: Margin note 5301.9 is on absolute page 5301 on input l
ine 2838.
Package marginnote Info: right page because not two side mode on input line 283
8.
Package marginnote Info: xpos seems to be 307.60204pt on input line 2838.
Package marginnote Info: Margin note 5301.10 is on absolute page 5301 on input 
line 2842.
Package marginnote Info: right page because not two side mode on input line 284
2.
Package marginnote Info: xpos seems to be 398.86142pt on input line 2842.
Package marginnote Info: Margin note 5301.11 is on absolute page 5301 on input 
line 2846.
Package marginnote Info: right page because not two side mode on input line 284
6.
Package marginnote Info: xpos seems to be 488.0299pt on input line 2846.
Package marginnote Info: Margin note 5301.12 is on absolute page 5301 on input 
line 2850.
Package marginnote Info: right page because not two side mode on input line 285
0.
Package marginnote Info: xpos seems to be 36.135pt on input line 2850.
Package marginnote Info: Margin note 5301.13 is on absolute page 5301 on input 
line 2854.
Package marginnote Info: right page because not two side mode on input line 285
4.
Package marginnote Info: xpos seems to be 373.33997pt on input line 2854.
Package marginnote Info: Margin note 5301.14 is on absolute page 5301 on input 
line 2858.
Package marginnote Info: right page because not two side mode on input line 285
8.
Package marginnote Info: xpos seems to be 239.18413pt on input line 2858.
Package marginnote Info: Margin note 5301.15 is on absolute page 5302 on input 
line 2862.
Package marginnote Info: right page because not two side mode on input line 286
2.
Package marginnote Info: xpos seems to be 324.20775pt on input line 2862.
Package marginnote Info: Margin note 5301.16 is on absolute page 5302 on input 
line 2866.
Package marginnote Info: right page because not two side mode on input line 286
6.
Package marginnote Info: xpos seems to be 526.06516pt on input line 2866.
 [5301]
Package marginnote Info: Margin note 5302.1 is on absolute page 5302 on input l
ine 2871.
Package marginnote Info: right page because not two side mode on input line 287
1.
Package marginnote Info: xpos seems to be 70.2283pt on input line 2871.
Package marginnote Info: Margin note 5302.2 is on absolute page 5302 on input l
ine 2875.
Package marginnote Info: right page because not two side mode on input line 287
5.
Package marginnote Info: xpos seems to be 350.0872pt on input line 2875.
Package marginnote Info: Margin note 5302.3 is on absolute page 5302 on input l
ine 2880.
Package marginnote Info: right page because not two side mode on input line 288
0.
Package marginnote Info: xpos seems to be 64.24628pt on input line 2880.
Package marginnote Info: Margin note 5302.4 is on absolute page 5302 on input l
ine 2885.
Package marginnote Info: right page because not two side mode on input line 288
5.
Package marginnote Info: xpos seems to be 70.37413pt on input line 2885.
Package marginnote Info: Margin note 5302.5 is on absolute page 5302 on input l
ine 2889.
Package marginnote Info: right page because not two side mode on input line 288
9.
Package marginnote Info: xpos seems to be 82.99327pt on input line 2889.
Package marginnote Info: Margin note 5302.6 is on absolute page 5302 on input l
ine 2893.
Package marginnote Info: right page because not two side mode on input line 289
3.
Package marginnote Info: xpos seems to be 289.17444pt on input line 2893.
Package marginnote Info: Margin note 5302.7 is on absolute page 5302 on input l
ine 2897.
Package marginnote Info: right page because not two side mode on input line 289
7.
Package marginnote Info: xpos seems to be 555.05426pt on input line 2897.
Package marginnote Info: Margin note 5302.8 is on absolute page 5302 on input l
ine 2902.
Package marginnote Info: right page because not two side mode on input line 290
2.
Package marginnote Info: xpos seems to be 79.12633pt on input line 2902.
Package marginnote Info: Margin note 5302.9 is on absolute page 5303 on input l
ine 2952.
Package marginnote Info: right page because not two side mode on input line 295
2.
Package marginnote Info: xpos seems to be 95.43466pt on input line 2952.
 [5302]
Package marginnote Info: Margin note 5303.1 is on absolute page 5303 on input l
ine 2958.
Package marginnote Info: right page because not two side mode on input line 295
8.
Package marginnote Info: xpos seems to be 487.70067pt on input line 2958.
Package marginnote Info: Margin note 5303.2 is on absolute page 5303 on input l
ine 2967.
Package marginnote Info: right page because not two side mode on input line 296
7.
Package marginnote Info: xpos seems to be 60.23572pt on input line 2967.
Package marginnote Info: Margin note 5303.3 is on absolute page 5303 on input l
ine 2971.
Package marginnote Info: right page because not two side mode on input line 297
1.
Package marginnote Info: xpos seems to be 180.88013pt on input line 2971.
Package marginnote Info: Margin note 5303.4 is on absolute page 5303 on input l
ine 2976.
Package marginnote Info: right page because not two side mode on input line 297
6.
Package marginnote Info: xpos seems to be 56.953pt on input line 2976.
Package marginnote Info: Margin note 5303.5 is on absolute page 5303 on input l
ine 2980.
Package marginnote Info: right page because not two side mode on input line 298
0.
Package marginnote Info: xpos seems to be 505.94519pt on input line 2980.
Package marginnote Info: Margin note 5303.6 is on absolute page 5303 on input l
ine 2984.
Package marginnote Info: right page because not two side mode on input line 298
4.
Package marginnote Info: xpos seems to be 57.93658pt on input line 2984.
Package marginnote Info: Margin note 5303.7 is on absolute page 5303 on input l
ine 2989.
Package marginnote Info: right page because not two side mode on input line 298
9.
Package marginnote Info: xpos seems to be 77.64842pt on input line 2989.
Package marginnote Info: Margin note 5303.8 is on absolute page 5303 on input l
ine 2994.
Package marginnote Info: right page because not two side mode on input line 299
4.
Package marginnote Info: xpos seems to be 94.39284pt on input line 2994.
Package marginnote Info: Margin note 5303.9 is on absolute page 5303 on input l
ine 2999.
Package marginnote Info: right page because not two side mode on input line 299
9.
Package marginnote Info: xpos seems to be 77.49355pt on input line 2999.
Package marginnote Info: Margin note 5303.10 is on absolute page 5303 on input 
line 3006.
Package marginnote Info: right page because not two side mode on input line 300
6.
Package marginnote Info: xpos seems to be 63.99313pt on input line 3006.
Package marginnote Info: Margin note 5303.11 is on absolute page 5303 on input 
line 3011.
Package marginnote Info: right page because not two side mode on input line 301
1.
Package marginnote Info: xpos seems to be 80.29857pt on input line 3011.
 [5303]
Package marginnote Info: Margin note 5304.1 is on absolute page 5304 on input l
ine 3016.
Package marginnote Info: right page because not two side mode on input line 301
6.
Package marginnote Info: xpos seems to be 78.76877pt on input line 3016.
Package marginnote Info: Margin note 5304.2 is on absolute page 5304 on input l
ine 3021.
Package marginnote Info: right page because not two side mode on input line 302
1.
Package marginnote Info: xpos seems to be 96.25175pt on input line 3021.
Package marginnote Info: Margin note 5304.3 is on absolute page 5304 on input l
ine 3030.
Package marginnote Info: right page because not two side mode on input line 303
0.
Package marginnote Info: xpos seems to be 347.99222pt on input line 3030.
Package marginnote Info: Margin note 5304.4 is on absolute page 5304 on input l
ine 3038.
Package marginnote Info: right page because not two side mode on input line 303
8.
Package marginnote Info: xpos seems to be 508.047pt on input line 3038.
Package marginnote Info: Margin note 5304.5 is on absolute page 5304 on input l
ine 3043.
Package marginnote Info: right page because not two side mode on input line 304
3.
Package marginnote Info: xpos seems to be 90.5908pt on input line 3043.
Package marginnote Info: Margin note 5304.6 is on absolute page 5304 on input l
ine 3057.
Package marginnote Info: right page because not two side mode on input line 305
7.
Package marginnote Info: xpos seems to be 60.26952pt on input line 3057.
Package marginnote Info: Margin note 5304.7 is on absolute page 5304 on input l
ine 3066.
Package marginnote Info: right page because not two side mode on input line 306
6.
Package marginnote Info: xpos seems to be 60.40096pt on input line 3066.
Package marginnote Info: Margin note 5304.8 is on absolute page 5304 on input l
ine 3070.
Package marginnote Info: right page because not two side mode on input line 307
0.
Package marginnote Info: xpos seems to be 258.45917pt on input line 3070.
Package marginnote Info: Margin note 5304.9 is on absolute page 5304 on input l
ine 3075.
Package marginnote Info: right page because not two side mode on input line 307
5.
Package marginnote Info: xpos seems to be 80.40904pt on input line 3075.
Package marginnote Info: Margin note 5304.10 is on absolute page 5304 on input 
line 3080.
Package marginnote Info: right page because not two side mode on input line 308
0.
Package marginnote Info: xpos seems to be 57.22803pt on input line 3080.
Package marginnote Info: Margin note 5304.11 is on absolute page 5305 on input 
line 3085.
Package marginnote Info: right page because not two side mode on input line 308
5.
Package marginnote Info: xpos seems to be 72.73016pt on input line 3085.
 [5304]
Package marginnote Info: Margin note 5305.1 is on absolute page 5305 on input l
ine 3090.
Package marginnote Info: right page because not two side mode on input line 309
0.
Package marginnote Info: xpos seems to be 66.81964pt on input line 3090.
Package marginnote Info: Margin note 5305.2 is on absolute page 5305 on input l
ine 3095.
Package marginnote Info: right page because not two side mode on input line 309
5.
Package marginnote Info: xpos seems to be 68.61298pt on input line 3095.
Package marginnote Info: Margin note 5305.3 is on absolute page 5305 on input l
ine 3100.
Package marginnote Info: right page because not two side mode on input line 310
0.
Package marginnote Info: xpos seems to be 57.20154pt on input line 3100.
Package marginnote Info: Margin note 5305.4 is on absolute page 5305 on input l
ine 3146.
Package marginnote Info: right page because not two side mode on input line 314
6.
Package marginnote Info: xpos seems to be 80.9046pt on input line 3146.
Package marginnote Info: Margin note 5305.5 is on absolute page 5305 on input l
ine 3152.
Package marginnote Info: right page because not two side mode on input line 315
2.
Package marginnote Info: xpos seems to be 36.135pt on input line 3152.
Package marginnote Info: Margin note 5305.6 is on absolute page 5305 on input l
ine 3156.
Package marginnote Info: right page because not two side mode on input line 315
6.
Package marginnote Info: xpos seems to be 486.00098pt on input line 3156.
Package marginnote Info: Margin note 5305.7 is on absolute page 5305 on input l
ine 3160.
Package marginnote Info: right page because not two side mode on input line 316
0.
Package marginnote Info: xpos seems to be 225.83525pt on input line 3160.
Package marginnote Info: Margin note 5305.8 is on absolute page 5305 on input l
ine 3164.
Package marginnote Info: right page because not two side mode on input line 316
4.
Package marginnote Info: xpos seems to be 114.02983pt on input line 3164.
 [5305]
Package marginnote Info: Margin note 5306.1 is on absolute page 5306 on input l
ine 3213.
Package marginnote Info: right page because not two side mode on input line 321
3.
Package marginnote Info: xpos seems to be 314.09239pt on input line 3213.
Package marginnote Info: Margin note 5306.2 is on absolute page 5306 on input l
ine 3221.
Package marginnote Info: right page because not two side mode on input line 322
1.
Package marginnote Info: xpos seems to be 70.37474pt on input line 3221.
Package marginnote Info: Margin note 5306.3 is on absolute page 5306 on input l
ine 3230.
Package marginnote Info: right page because not two side mode on input line 323
0.
Package marginnote Info: xpos seems to be 70.6068pt on input line 3230.
Package marginnote Info: Margin note 5306.4 is on absolute page 5306 on input l
ine 3282.
Package marginnote Info: right page because not two side mode on input line 328
2.
Package marginnote Info: xpos seems to be 57.8537pt on input line 3282.
Package marginnote Info: Margin note 5306.5 is on absolute page 5306 on input l
ine 3291.
Package marginnote Info: right page because not two side mode on input line 329
1.
Package marginnote Info: xpos seems to be 97.79897pt on input line 3291.
Package marginnote Info: Margin note 5306.6 is on absolute page 5306 on input l
ine 3296.
Package marginnote Info: right page because not two side mode on input line 329
6.
Package marginnote Info: xpos seems to be 57.00499pt on input line 3296.
Package marginnote Info: Margin note 5306.7 is on absolute page 5306 on input l
ine 3303.
Package marginnote Info: right page because not two side mode on input line 330
3.
Package marginnote Info: xpos seems to be 66.67874pt on input line 3303.
Package marginnote Info: Margin note 5306.8 is on absolute page 5306 on input l
ine 3308.
Package marginnote Info: right page because not two side mode on input line 330
8.
Package marginnote Info: xpos seems to be 60.26845pt on input line 3308.
Package marginnote Info: Margin note 5306.9 is on absolute page 5307 on input l
ine 3315.
Package marginnote Info: right page because not two side mode on input line 331
5.
Package marginnote Info: xpos seems to be 68.15504pt on input line 3315.
 [5306]
Package marginnote Info: Margin note 5307.1 is on absolute page 5307 on input l
ine 3320.
Package marginnote Info: right page because not two side mode on input line 332
0.
Package marginnote Info: xpos seems to be 72.58667pt on input line 3320.
Package marginnote Info: Margin note 5307.2 is on absolute page 5307 on input l
ine 3327.
Package marginnote Info: right page because not two side mode on input line 332
7.
Package marginnote Info: xpos seems to be 73.36325pt on input line 3327.
Package marginnote Info: Margin note 5307.3 is on absolute page 5307 on input l
ine 3331.
Package marginnote Info: right page because not two side mode on input line 333
1.
Package marginnote Info: xpos seems to be 89.4866pt on input line 3331.
Package marginnote Info: Margin note 5307.4 is on absolute page 5307 on input l
ine 3335.
Package marginnote Info: right page because not two side mode on input line 333
5.
Package marginnote Info: xpos seems to be 415.24257pt on input line 3335.
Package marginnote Info: Margin note 5307.5 is on absolute page 5307 on input l
ine 3340.
Package marginnote Info: right page because not two side mode on input line 334
0.
Package marginnote Info: xpos seems to be 66.76488pt on input line 3340.
Package marginnote Info: Margin note 5307.6 is on absolute page 5307 on input l
ine 3347.
Package marginnote Info: right page because not two side mode on input line 334
7.
Package marginnote Info: xpos seems to be 67.45822pt on input line 3347.
Package marginnote Info: Margin note 5307.7 is on absolute page 5307 on input l
ine 3352.
Package marginnote Info: right page because not two side mode on input line 335
2.
Package marginnote Info: xpos seems to be 73.68196pt on input line 3352.
Package marginnote Info: Margin note 5307.8 is on absolute page 5307 on input l
ine 3357.
Package marginnote Info: right page because not two side mode on input line 335
7.
Package marginnote Info: xpos seems to be 90.5208pt on input line 3357.
Package marginnote Info: Margin note 5307.9 is on absolute page 5307 on input l
ine 3364.
Package marginnote Info: right page because not two side mode on input line 336
4.
Package marginnote Info: xpos seems to be 73.2941pt on input line 3364.
Package marginnote Info: Margin note 5307.10 is on absolute page 5307 on input 
line 3371.
Package marginnote Info: right page because not two side mode on input line 337
1.
Package marginnote Info: xpos seems to be 70.44598pt on input line 3371.
Package marginnote Info: Margin note 5307.11 is on absolute page 5307 on input 
line 3384.
Package marginnote Info: right page because not two side mode on input line 338
4.
Package marginnote Info: xpos seems to be 77.72926pt on input line 3384.
Package marginnote Info: Margin note 5307.12 is on absolute page 5307 on input 
line 3391.
Package marginnote Info: right page because not two side mode on input line 339
1.
Package marginnote Info: xpos seems to be 64.36662pt on input line 3391.
 [5307]
Package marginnote Info: Margin note 5308.1 is on absolute page 5308 on input l
ine 3398.
Package marginnote Info: right page because not two side mode on input line 339
8.
Package marginnote Info: xpos seems to be 79.59541pt on input line 3398.
Package marginnote Info: Margin note 5308.2 is on absolute page 5308 on input l
ine 3450.
Package marginnote Info: right page because not two side mode on input line 345
0.
Package marginnote Info: xpos seems to be 84.3224pt on input line 3450.
Package marginnote Info: Margin note 5308.3 is on absolute page 5308 on input l
ine 3455.
Package marginnote Info: right page because not two side mode on input line 345
5.
Package marginnote Info: xpos seems to be 66.76488pt on input line 3455.
Package marginnote Info: Margin note 5308.4 is on absolute page 5308 on input l
ine 3464.
Package marginnote Info: right page because not two side mode on input line 346
4.
Package marginnote Info: xpos seems to be 88.31831pt on input line 3464.
Package marginnote Info: Margin note 5308.5 is on absolute page 5308 on input l
ine 3468.
Package marginnote Info: right page because not two side mode on input line 346
8.
Package marginnote Info: xpos seems to be 537.79675pt on input line 3468.
Package marginnote Info: Margin note 5308.6 is on absolute page 5308 on input l
ine 3472.
Package marginnote Info: right page because not two side mode on input line 347
2.
Package marginnote Info: xpos seems to be 302.66129pt on input line 3472.
Package marginnote Info: Margin note 5308.7 is on absolute page 5308 on input l
ine 3477.
Package marginnote Info: right page because not two side mode on input line 347
7.
Package marginnote Info: xpos seems to be 79.95819pt on input line 3477.
Package marginnote Info: Margin note 5308.8 is on absolute page 5308 on input l
ine 3482.
Package marginnote Info: right page because not two side mode on input line 348
2.
Package marginnote Info: xpos seems to be 60.2637pt on input line 3482.
Package marginnote Info: Margin note 5308.9 is on absolute page 5308 on input l
ine 3489.
Package marginnote Info: right page because not two side mode on input line 348
9.
Package marginnote Info: xpos seems to be 56.94582pt on input line 3489.
Package marginnote Info: Margin note 5308.10 is on absolute page 5308 on input 
line 3494.
Package marginnote Info: right page because not two side mode on input line 349
4.
Package marginnote Info: xpos seems to be 57.5568pt on input line 3494.
Package marginnote Info: Margin note 5308.11 is on absolute page 5309 on input 
line 3499.
Package marginnote Info: right page because not two side mode on input line 349
9.
Package marginnote Info: xpos seems to be 82.48468pt on input line 3499.

[5308]
Package marginnote Info: Margin note 5309.1 is on absolute page 5309 on input l
ine 3506.
Package marginnote Info: right page because not two side mode on input line 350
6.
Package marginnote Info: xpos seems to be 63.35861pt on input line 3506.
Package marginnote Info: Margin note 5309.2 is on absolute page 5309 on input l
ine 3513.
Package marginnote Info: right page because not two side mode on input line 351
3.
Package marginnote Info: xpos seems to be 61.62907pt on input line 3513.
Package marginnote Info: Margin note 5309.3 is on absolute page 5309 on input l
ine 3518.
Package marginnote Info: right page because not two side mode on input line 351
8.
Package marginnote Info: xpos seems to be 64.79865pt on input line 3518.
Package marginnote Info: Margin note 5309.4 is on absolute page 5309 on input l
ine 3523.
Package marginnote Info: right page because not two side mode on input line 352
3.
Package marginnote Info: xpos seems to be 72.68324pt on input line 3523.
Package marginnote Info: Margin note 5309.5 is on absolute page 5309 on input l
ine 3528.
Package marginnote Info: right page because not two side mode on input line 352
8.
Package marginnote Info: xpos seems to be 72.7925pt on input line 3528.
Package marginnote Info: Margin note 5309.6 is on absolute page 5309 on input l
ine 3535.
Package marginnote Info: right page because not two side mode on input line 353
5.
Package marginnote Info: xpos seems to be 57.57591pt on input line 3535.
Package marginnote Info: Margin note 5309.7 is on absolute page 5309 on input l
ine 3542.
Package marginnote Info: right page because not two side mode on input line 354
2.
Package marginnote Info: xpos seems to be 62.74168pt on input line 3542.
Package marginnote Info: Margin note 5309.8 is on absolute page 5309 on input l
ine 3588.
Package marginnote Info: right page because not two side mode on input line 358
8.
Package marginnote Info: xpos seems to be 64.06241pt on input line 3588.
Package marginnote Info: Margin note 5309.9 is on absolute page 5309 on input l
ine 3592.
Package marginnote Info: right page because not two side mode on input line 359
2.
Package marginnote Info: xpos seems to be 400.72055pt on input line 3592.
Package marginnote Info: Margin note 5309.10 is on absolute page 5309 on input 
line 3596.
Package marginnote Info: right page because not two side mode on input line 359
6.
Package marginnote Info: xpos seems to be 380.56828pt on input line 3596.
Package marginnote Info: Margin note 5309.11 is on absolute page 5309 on input 
line 3600.
Package marginnote Info: right page because not two side mode on input line 360
0.
Package marginnote Info: xpos seems to be 445.89603pt on input line 3600.
Package marginnote Info: Margin note 5309.12 is on absolute page 5310 on input 
line 3604.
Package marginnote Info: right page because not two side mode on input line 360
4.
Package marginnote Info: xpos seems to be 113.40616pt on input line 3604.
Package marginnote Info: Margin note 5309.13 is on absolute page 5310 on input 
line 3608.
Package marginnote Info: right page because not two side mode on input line 360
8.
Package marginnote Info: xpos seems to be 53.97507pt on input line 3608.
Package marginnote Info: Margin note 5309.14 is on absolute page 5310 on input 
line 3612.
Package marginnote Info: right page because not two side mode on input line 361
2.
Package marginnote Info: xpos seems to be 371.65059pt on input line 3612.
 [5309] [5310]
Package marginnote Info: Margin note 5311.1 is on absolute page 5311 on input l
ine 3799.
Package marginnote Info: right page because not two side mode on input line 379
9.
Package marginnote Info: xpos seems to be 60.22968pt on input line 3799.
Package marginnote Info: Margin note 5311.2 is on absolute page 5311 on input l
ine 3803.
Package marginnote Info: right page because not two side mode on input line 380
3.
Package marginnote Info: xpos seems to be 366.5761pt on input line 3803.
Package marginnote Info: Margin note 5311.3 is on absolute page 5311 on input l
ine 3810.
Package marginnote Info: right page because not two side mode on input line 381
0.
Package marginnote Info: xpos seems to be 75.99565pt on input line 3810.
Package marginnote Info: Margin note 5311.4 is on absolute page 5311 on input l
ine 3814.
Package marginnote Info: right page because not two side mode on input line 381
4.
Package marginnote Info: xpos seems to be 568.75346pt on input line 3814.
Package marginnote Info: Margin note 5311.5 is on absolute page 5311 on input l
ine 3818.
Package marginnote Info: right page because not two side mode on input line 381
8.
Package marginnote Info: xpos seems to be 49.48625pt on input line 3818.
Package marginnote Info: Margin note 5311.6 is on absolute page 5311 on input l
ine 3822.
Package marginnote Info: right page because not two side mode on input line 382
2.
Package marginnote Info: xpos seems to be 287.16713pt on input line 3822.
Package marginnote Info: Margin note 5311.7 is on absolute page 5312 on input l
ine 3827.
Package marginnote Info: right page because not two side mode on input line 382
7.
Package marginnote Info: xpos seems to be 76.07417pt on input line 3827.
Package marginnote Info: Margin note 5311.8 is on absolute page 5312 on input l
ine 3831.
Package marginnote Info: right page because not two side mode on input line 383
1.
Package marginnote Info: xpos seems to be 60.43398pt on input line 3831.
Package marginnote Info: Margin note 5311.9 is on absolute page 5312 on input l
ine 3835.
Package marginnote Info: right page because not two side mode on input line 383
5.
Package marginnote Info: xpos seems to be 293.18921pt on input line 3835.
Package marginnote Info: Margin note 5311.10 is on absolute page 5312 on input 
line 3839.
Package marginnote Info: right page because not two side mode on input line 383
9.
Package marginnote Info: xpos seems to be 97.50293pt on input line 3839.
Package marginnote Info: Margin note 5311.11 is on absolute page 5312 on input 
line 3843.
Package marginnote Info: right page because not two side mode on input line 384
3.
Package marginnote Info: xpos seems to be 75.96315pt on input line 3843.
 [5311]
Package marginnote Info: Margin note 5312.1 is on absolute page 5312 on input l
ine 3848.
Package marginnote Info: right page because not two side mode on input line 384
8.
Package marginnote Info: xpos seems to be 75.66031pt on input line 3848.
Package marginnote Info: Margin note 5312.2 is on absolute page 5312 on input l
ine 3900.
Package marginnote Info: right page because not two side mode on input line 390
0.
Package marginnote Info: xpos seems to be 69.9808pt on input line 3900.
Package marginnote Info: Margin note 5312.3 is on absolute page 5312 on input l
ine 3905.
Package marginnote Info: right page because not two side mode on input line 390
5.
Package marginnote Info: xpos seems to be 104.21445pt on input line 3905.
Package marginnote Info: Margin note 5312.4 is on absolute page 5312 on input l
ine 3909.
Package marginnote Info: right page because not two side mode on input line 390
9.
Package marginnote Info: xpos seems to be 372.26927pt on input line 3909.
Package marginnote Info: Margin note 5312.5 is on absolute page 5312 on input l
ine 3913.
Package marginnote Info: right page because not two side mode on input line 391
3.
Package marginnote Info: xpos seems to be 104.00401pt on input line 3913.
 [5312]
Package marginnote Info: Margin note 5313.1 is on absolute page 5313 on input l
ine 3961.
Package marginnote Info: right page because not two side mode on input line 396
1.
Package marginnote Info: xpos seems to be 226.78311pt on input line 3961.
Package marginnote Info: Margin note 5313.2 is on absolute page 5313 on input l
ine 3968.
Package marginnote Info: right page because not two side mode on input line 396
8.
Package marginnote Info: xpos seems to be 380.82758pt on input line 3968.
Package marginnote Info: Margin note 5313.3 is on absolute page 5313 on input l
ine 3974.
Package marginnote Info: right page because not two side mode on input line 397
4.
Package marginnote Info: xpos seems to be 88.86339pt on input line 3974.
Package marginnote Info: Margin note 5313.4 is on absolute page 5313 on input l
ine 3980.
Package marginnote Info: right page because not two side mode on input line 398
0.
Package marginnote Info: xpos seems to be 75.40938pt on input line 3980.
Package marginnote Info: Margin note 5313.5 is on absolute page 5313 on input l
ine 3984.
Package marginnote Info: right page because not two side mode on input line 398
4.
Package marginnote Info: xpos seems to be 545.84323pt on input line 3984.
Package marginnote Info: Margin note 5313.6 is on absolute page 5313 on input l
ine 3988.
Package marginnote Info: right page because not two side mode on input line 398
8.
Package marginnote Info: xpos seems to be 144.61966pt on input line 3988.
 [5313
pdfTeX warning (ext4): destination with the same identifier (name{EMS-1843-JS-C
IR-20-MAY-1843-a}) has been already used, duplicate ignored
<argument> ...shipout:D \box_use:N \l_shipout_box 
                                                  \__shipout_drop_firstpage_...
l.4042 				\end{description}
                            ]
Package marginnote Info: Margin note 5314.1 is on absolute page 5314 on input l
ine 4057.
Package marginnote Info: right page because not two side mode on input line 405
7.
Package marginnote Info: xpos seems to be 82.08136pt on input line 4057.
Package marginnote Info: Margin note 5314.2 is on absolute page 5314 on input l
ine 4061.
Package marginnote Info: right page because not two side mode on input line 406
1.
Package marginnote Info: xpos seems to be 394.6977pt on input line 4061.
Package marginnote Info: Margin note 5314.3 is on absolute page 5314 on input l
ine 4065.
Package marginnote Info: right page because not two side mode on input line 406
5.
Package marginnote Info: xpos seems to be 361.85402pt on input line 4065.
Package marginnote Info: Margin note 5314.4 is on absolute page 5314 on input l
ine 4070.
Package marginnote Info: right page because not two side mode on input line 407
0.
Package marginnote Info: xpos seems to be 76.88353pt on input line 4070.
Package marginnote Info: Margin note 5314.5 is on absolute page 5314 on input l
ine 4122.
Package marginnote Info: right page because not two side mode on input line 412
2.
Package marginnote Info: xpos seems to be 66.55896pt on input line 4122.
Package marginnote Info: Margin note 5314.6 is on absolute page 5314 on input l
ine 4126.
Package marginnote Info: right page because not two side mode on input line 412
6.
Package marginnote Info: xpos seems to be 345.08981pt on input line 4126.
Package marginnote Info: Margin note 5314.7 is on absolute page 5314 on input l
ine 4130.
Package marginnote Info: right page because not two side mode on input line 413
0.
Package marginnote Info: xpos seems to be 436.33356pt on input line 4130.
 [5314]
Package marginnote Info: Margin note 5315.1 is on absolute page 5315 on input l
ine 4182.
Package marginnote Info: right page because not two side mode on input line 418
2.
Package marginnote Info: xpos seems to be 70.4668pt on input line 4182.
Package marginnote Info: Margin note 5315.2 is on absolute page 5315 on input l
ine 4187.
Package marginnote Info: right page because not two side mode on input line 418
7.
Package marginnote Info: xpos seems to be 93.64125pt on input line 4187.
Package marginnote Info: Margin note 5315.3 is on absolute page 5315 on input l
ine 4239.
Package marginnote Info: right page because not two side mode on input line 423
9.
Package marginnote Info: xpos seems to be 78.62384pt on input line 4239.
Package marginnote Info: Margin note 5315.4 is on absolute page 5315 on input l
ine 4244.
Package marginnote Info: right page because not two side mode on input line 424
4.
Package marginnote Info: xpos seems to be 56.92935pt on input line 4244.
Package marginnote Info: Margin note 5315.5 is on absolute page 5315 on input l
ine 4255.
Package marginnote Info: right page because not two side mode on input line 425
5.
Package marginnote Info: xpos seems to be 72.8348pt on input line 4255.
Package marginnote Info: Margin note 5315.6 is on absolute page 5315 on input l
ine 4266.
Package marginnote Info: right page because not two side mode on input line 426
6.
Package marginnote Info: xpos seems to be 58.635pt on input line 4266.
Package marginnote Info: Margin note 5315.7 is on absolute page 5316 on input l
ine 4275.
Package marginnote Info: right page because not two side mode on input line 427
5.
Package marginnote Info: xpos seems to be 67.8226pt on input line 4275.
Package marginnote Info: Margin note 5315.8 is on absolute page 5316 on input l
ine 4284.
Package marginnote Info: right page because not two side mode on input line 428
4.
Package marginnote Info: xpos seems to be 70.89278pt on input line 4284.
 [5315]
Package marginnote Info: Margin note 5316.1 is on absolute page 5316 on input l
ine 4293.
Package marginnote Info: right page because not two side mode on input line 429
3.
Package marginnote Info: xpos seems to be 103.39212pt on input line 4293.
Package marginnote Info: Margin note 5316.2 is on absolute page 5316 on input l
ine 4298.
Package marginnote Info: right page because not two side mode on input line 429
8.
Package marginnote Info: xpos seems to be 110.93692pt on input line 4298.
Package marginnote Info: Margin note 5316.3 is on absolute page 5316 on input l
ine 4302.
Package marginnote Info: right page because not two side mode on input line 430
2.
Package marginnote Info: xpos seems to be 383.06268pt on input line 4302.
Package marginnote Info: Margin note 5316.4 is on absolute page 5316 on input l
ine 4307.
Package marginnote Info: right page because not two side mode on input line 430
7.
Package marginnote Info: xpos seems to be 84.25607pt on input line 4307.
Package marginnote Info: Margin note 5316.5 is on absolute page 5316 on input l
ine 4312.
Package marginnote Info: right page because not two side mode on input line 431
2.
Package marginnote Info: xpos seems to be 73.89871pt on input line 4312.
Package marginnote Info: Margin note 5316.6 is on absolute page 5316 on input l
ine 4317.
Package marginnote Info: right page because not two side mode on input line 431
7.
Package marginnote Info: xpos seems to be 90.86461pt on input line 4317.
Package marginnote Info: Margin note 5316.7 is on absolute page 5316 on input l
ine 4367.
Package marginnote Info: right page because not two side mode on input line 436
7.
Package marginnote Info: xpos seems to be 79.93pt on input line 4367.
Package marginnote Info: Margin note 5316.8 is on absolute page 5316 on input l
ine 4371.
Package marginnote Info: right page because not two side mode on input line 437
1.
Package marginnote Info: xpos seems to be 101.6717pt on input line 4371.
Package marginnote Info: Margin note 5316.9 is on absolute page 5316 on input l
ine 4375.
Package marginnote Info: right page because not two side mode on input line 437
5.
Package marginnote Info: xpos seems to be 449.8721pt on input line 4375.
Package marginnote Info: Margin note 5316.10 is on absolute page 5316 on input 
line 4379.
Package marginnote Info: right page because not two side mode on input line 437
9.
Package marginnote Info: xpos seems to be 537.29628pt on input line 4379.
Package marginnote Info: Margin note 5316.11 is on absolute page 5317 on input 
line 4383.
Package marginnote Info: right page because not two side mode on input line 438
3.
Package marginnote Info: xpos seems to be 447.01073pt on input line 4383.
 [5316]
Package marginnote Info: Margin note 5317.1 is on absolute page 5317 on input l
ine 4390.
Package marginnote Info: right page because not two side mode on input line 439
0.
Package marginnote Info: xpos seems to be 103.85384pt on input line 4390.
Package marginnote Info: Margin note 5317.2 is on absolute page 5317 on input l
ine 4395.
Package marginnote Info: right page because not two side mode on input line 439
5.
Package marginnote Info: xpos seems to be 78.25601pt on input line 4395.
Package marginnote Info: Margin note 5317.3 is on absolute page 5317 on input l
ine 4400.
Package marginnote Info: right page because not two side mode on input line 440
0.
Package marginnote Info: xpos seems to be 70.42148pt on input line 4400.
Package marginnote Info: Margin note 5317.4 is on absolute page 5317 on input l
ine 4405.
Package marginnote Info: right page because not two side mode on input line 440
5.
Package marginnote Info: xpos seems to be 79.4696pt on input line 4405.
Package marginnote Info: Margin note 5317.5 is on absolute page 5317 on input l
ine 4410.
Package marginnote Info: right page because not two side mode on input line 441
0.
Package marginnote Info: xpos seems to be 78.47202pt on input line 4410.
Package marginnote Info: Margin note 5317.6 is on absolute page 5317 on input l
ine 4414.
Package marginnote Info: right page because not two side mode on input line 441
4.
Package marginnote Info: xpos seems to be 518.17902pt on input line 4414.
Package marginnote Info: Margin note 5317.7 is on absolute page 5317 on input l
ine 4418.
Package marginnote Info: right page because not two side mode on input line 441
8.
Package marginnote Info: xpos seems to be 36.135pt on input line 4418.
Package marginnote Info: Margin note 5317.8 is on absolute page 5317 on input l
ine 4422.
Package marginnote Info: right page because not two side mode on input line 442
2.
Package marginnote Info: xpos seems to be 224.91118pt on input line 4422.
Package marginnote Info: Margin note 5317.9 is on absolute page 5317 on input l
ine 4470.
Package marginnote Info: right page because not two side mode on input line 447
0.
Package marginnote Info: xpos seems to be 96.00258pt on input line 4470.
Package marginnote Info: Margin note 5317.10 is on absolute page 5317 on input 
line 4475.
Package marginnote Info: right page because not two side mode on input line 447
5.
Package marginnote Info: xpos seems to be 93.8566pt on input line 4475.
Package marginnote Info: Margin note 5317.11 is on absolute page 5318 on input 
line 4480.
Package marginnote Info: right page because not two side mode on input line 448
0.
Package marginnote Info: xpos seems to be 70.26701pt on input line 4480.
 [5317]
Package marginnote Info: Margin note 5318.1 is on absolute page 5318 on input l
ine 4485.
Package marginnote Info: right page because not two side mode on input line 448
5.
Package marginnote Info: xpos seems to be 71.47481pt on input line 4485.
Package marginnote Info: Margin note 5318.2 is on absolute page 5318 on input l
ine 4531.
Package marginnote Info: right page because not two side mode on input line 453
1.
Package marginnote Info: xpos seems to be 73.25797pt on input line 4531.
Package marginnote Info: Margin note 5318.3 is on absolute page 5318 on input l
ine 4535.
Package marginnote Info: right page because not two side mode on input line 453
5.
Package marginnote Info: xpos seems to be 314.52687pt on input line 4535.
Package marginnote Info: Margin note 5318.4 is on absolute page 5318 on input l
ine 4539.
Package marginnote Info: right page because not two side mode on input line 453
9.
Package marginnote Info: xpos seems to be 36.135pt on input line 4539.
Package marginnote Info: Margin note 5318.5 is on absolute page 5318 on input l
ine 4543.
Package marginnote Info: right page because not two side mode on input line 454
3.
Package marginnote Info: xpos seems to be 236.21498pt on input line 4543.
Package marginnote Info: Margin note 5318.6 is on absolute page 5318 on input l
ine 4589.
Package marginnote Info: right page because not two side mode on input line 458
9.
Package marginnote Info: xpos seems to be 87.53693pt on input line 4589.
Package marginnote Info: Margin note 5318.7 is on absolute page 5318 on input l
ine 4593.
Package marginnote Info: right page because not two side mode on input line 459
3.
Package marginnote Info: xpos seems to be 308.27657pt on input line 4593.
Package marginnote Info: Margin note 5318.8 is on absolute page 5318 on input l
ine 4597.
Package marginnote Info: right page because not two side mode on input line 459
7.
Package marginnote Info: xpos seems to be 504.98488pt on input line 4597.
Package marginnote Info: Margin note 5318.9 is on absolute page 5318 on input l
ine 4602.
Package marginnote Info: right page because not two side mode on input line 460
2.
Package marginnote Info: xpos seems to be 57.06009pt on input line 4602.
Package marginnote Info: Margin note 5318.10 is on absolute page 5319 on input 
line 4606.
Package marginnote Info: right page because not two side mode on input line 460
6.
Package marginnote Info: xpos seems to be 236.66533pt on input line 4606.
Package marginnote Info: Margin note 5318.11 is on absolute page 5319 on input 
line 4611.
Package marginnote Info: right page because not two side mode on input line 461
1.
Package marginnote Info: xpos seems to be 58.63846pt on input line 4611.
Package marginnote Info: Margin note 5318.12 is on absolute page 5319 on input 
line 4615.
Package marginnote Info: right page because not two side mode on input line 461
5.
Package marginnote Info: xpos seems to be 526.22314pt on input line 4615.
Package marginnote Info: Margin note 5318.13 is on absolute page 5319 on input 
line 4619.
Package marginnote Info: right page because not two side mode on input line 461
9.
Package marginnote Info: xpos seems to be 191.23866pt on input line 4619.
 [5318]
Package marginnote Info: Margin note 5319.1 is on absolute page 5319 on input l
ine 4671.
Package marginnote Info: right page because not two side mode on input line 467
1.
Package marginnote Info: xpos seems to be 71.68657pt on input line 4671.
Package marginnote Info: Margin note 5319.2 is on absolute page 5319 on input l
ine 4675.
Package marginnote Info: right page because not two side mode on input line 467
5.
Package marginnote Info: xpos seems to be 36.135pt on input line 4675.
Package marginnote Info: Margin note 5319.3 is on absolute page 5319 on input l
ine 4680.
Package marginnote Info: right page because not two side mode on input line 468
0.
Package marginnote Info: xpos seems to be 71.08888pt on input line 4680.
Package marginnote Info: Margin note 5319.4 is on absolute page 5320 on input l
ine 4730.
Package marginnote Info: right page because not two side mode on input line 473
0.
Package marginnote Info: xpos seems to be 63.84436pt on input line 4730.
Package marginnote Info: Margin note 5319.5 is on absolute page 5320 on input l
ine 4734.
Package marginnote Info: right page because not two side mode on input line 473
4.
Package marginnote Info: xpos seems to be 263.34729pt on input line 4734.
 [5319]
Package marginnote Info: Margin note 5320.1 is on absolute page 5320 on input l
ine 4780.
Package marginnote Info: right page because not two side mode on input line 478
0.
Package marginnote Info: xpos seems to be 92.11885pt on input line 4780.
Package marginnote Info: Margin note 5320.2 is on absolute page 5320 on input l
ine 4784.
Package marginnote Info: right page because not two side mode on input line 478
4.
Package marginnote Info: xpos seems to be 516.49193pt on input line 4784.
Package marginnote Info: Margin note 5320.3 is on absolute page 5320 on input l
ine 4789.
Package marginnote Info: right page because not two side mode on input line 478
9.
Package marginnote Info: xpos seems to be 66.59259pt on input line 4789.
Package marginnote Info: Margin note 5320.4 is on absolute page 5321 on input l
ine 4841.
Package marginnote Info: right page because not two side mode on input line 484
1.
Package marginnote Info: xpos seems to be 77.7147pt on input line 4841.
Package marginnote Info: Margin note 5320.5 is on absolute page 5321 on input l
ine 4850.
Package marginnote Info: right page because not two side mode on input line 485
0.
Package marginnote Info: xpos seems to be 76.91571pt on input line 4850.

[5320]
Package marginnote Info: Margin note 5321.1 is on absolute page 5321 on input l
ine 4857.
Package marginnote Info: right page because not two side mode on input line 485
7.
Package marginnote Info: xpos seems to be 64.24025pt on input line 4857.
Package marginnote Info: Margin note 5321.2 is on absolute page 5321 on input l
ine 4861.
Package marginnote Info: right page because not two side mode on input line 486
1.
Package marginnote Info: xpos seems to be 229.67285pt on input line 4861.
Package marginnote Info: Margin note 5321.3 is on absolute page 5321 on input l
ine 4866.
Package marginnote Info: right page because not two side mode on input line 486
6.
Package marginnote Info: xpos seems to be 71.38162pt on input line 4866.
Package marginnote Info: Margin note 5321.4 is on absolute page 5321 on input l
ine 4873.
Package marginnote Info: right page because not two side mode on input line 487
3.
Package marginnote Info: xpos seems to be 73.07481pt on input line 4873.
Package marginnote Info: Margin note 5321.5 is on absolute page 5321 on input l
ine 4882.
Package marginnote Info: right page because not two side mode on input line 488
2.
Package marginnote Info: xpos seems to be 78.53603pt on input line 4882.
Package marginnote Info: Margin note 5321.6 is on absolute page 5321 on input l
ine 4889.
Package marginnote Info: right page because not two side mode on input line 488
9.
Package marginnote Info: xpos seems to be 81.88792pt on input line 4889.
Package marginnote Info: Margin note 5321.7 is on absolute page 5321 on input l
ine 4893.
Package marginnote Info: right page because not two side mode on input line 489
3.
Package marginnote Info: xpos seems to be 529.4183pt on input line 4893.
Package marginnote Info: Margin note 5321.8 is on absolute page 5321 on input l
ine 4898.
Package marginnote Info: right page because not two side mode on input line 489
8.
Package marginnote Info: xpos seems to be 57.02257pt on input line 4898.
Package marginnote Info: Margin note 5321.9 is on absolute page 5321 on input l
ine 4905.
Package marginnote Info: right page because not two side mode on input line 490
5.
Package marginnote Info: xpos seems to be 71.53484pt on input line 4905.
Package marginnote Info: Margin note 5321.10 is on absolute page 5321 on input 
line 4910.
Package marginnote Info: right page because not two side mode on input line 491
0.
Package marginnote Info: xpos seems to be 100.40413pt on input line 4910.
Package marginnote Info: Margin note 5321.11 is on absolute page 5321 on input 
line 4914.
Package marginnote Info: right page because not two side mode on input line 491
4.
Package marginnote Info: xpos seems to be 267.47581pt on input line 4914.
Package marginnote Info: Margin note 5321.12 is on absolute page 5321 on input 
line 4919.
Package marginnote Info: right page because not two side mode on input line 491
9.
Package marginnote Info: xpos seems to be 58.63548pt on input line 4919.
Package marginnote Info: Margin note 5321.13 is on absolute page 5321 on input 
line 4924.
Package marginnote Info: right page because not two side mode on input line 492
4.
Package marginnote Info: xpos seems to be 73.6147pt on input line 4924.
Package marginnote Info: Margin note 5321.14 is on absolute page 5322 on input 
line 4935.
Package marginnote Info: right page because not two side mode on input line 493
5.
Package marginnote Info: xpos seems to be 75.74622pt on input line 4935.
 [5321]
Package marginnote Info: Margin note 5322.1 is on absolute page 5322 on input l
ine 4942.
Package marginnote Info: right page because not two side mode on input line 494
2.
Package marginnote Info: xpos seems to be 99.24966pt on input line 4942.
Package marginnote Info: Margin note 5322.2 is on absolute page 5322 on input l
ine 4949.
Package marginnote Info: right page because not two side mode on input line 494
9.
Package marginnote Info: xpos seems to be 60.68149pt on input line 4949.
Package marginnote Info: Margin note 5322.3 is on absolute page 5322 on input l
ine 4956.
Package marginnote Info: right page because not two side mode on input line 495
6.
Package marginnote Info: xpos seems to be 75.30396pt on input line 4956.
Package marginnote Info: Margin note 5322.4 is on absolute page 5322 on input l
ine 5004.
Package marginnote Info: right page because not two side mode on input line 500
4.
Package marginnote Info: xpos seems to be 66.63106pt on input line 5004.
Package marginnote Info: Margin note 5322.5 is on absolute page 5322 on input l
ine 5008.
Package marginnote Info: right page because not two side mode on input line 500
8.
Package marginnote Info: xpos seems to be 357.97435pt on input line 5008.
Package marginnote Info: Margin note 5322.6 is on absolute page 5322 on input l
ine 5012.
Package marginnote Info: right page because not two side mode on input line 501
2.
Package marginnote Info: xpos seems to be 233.31961pt on input line 5012.
Package marginnote Info: Margin note 5322.7 is on absolute page 5322 on input l
ine 5016.
Package marginnote Info: right page because not two side mode on input line 501
6.
Package marginnote Info: xpos seems to be 161.47452pt on input line 5016.
Package marginnote Info: Margin note 5322.8 is on absolute page 5322 on input l
ine 5020.
Package marginnote Info: right page because not two side mode on input line 502
0.
Package marginnote Info: xpos seems to be 85.15524pt on input line 5020.
Package marginnote Info: Margin note 5322.9 is on absolute page 5322 on input l
ine 5024.
Package marginnote Info: right page because not two side mode on input line 502
4.
Package marginnote Info: xpos seems to be 165.6156pt on input line 5024.
Package marginnote Info: Margin note 5322.10 is on absolute page 5322 on input 
line 5029.
Package marginnote Info: right page because not two side mode on input line 502
9.
Package marginnote Info: xpos seems to be 76.68181pt on input line 5029.
Package marginnote Info: Margin note 5322.11 is on absolute page 5323 on input 
line 5034.
Package marginnote Info: right page because not two side mode on input line 503
4.
Package marginnote Info: xpos seems to be 68.2666pt on input line 5034.
Package marginnote Info: Margin note 5322.12 is on absolute page 5323 on input 
line 5038.
Package marginnote Info: right page because not two side mode on input line 503
8.
Package marginnote Info: xpos seems to be 101.43922pt on input line 5038.
 [5322]
Package marginnote Info: Margin note 5323.1 is on absolute page 5323 on input l
ine 5043.
Package marginnote Info: right page because not two side mode on input line 504
3.
Package marginnote Info: xpos seems to be 77.10207pt on input line 5043.
Package marginnote Info: Margin note 5323.2 is on absolute page 5323 on input l
ine 5047.
Package marginnote Info: right page because not two side mode on input line 504
7.
Package marginnote Info: xpos seems to be 378.87428pt on input line 5047.
Package marginnote Info: Margin note 5323.3 is on absolute page 5323 on input l
ine 5052.
Package marginnote Info: right page because not two side mode on input line 505
2.
Package marginnote Info: xpos seems to be 79.34836pt on input line 5052.
Package marginnote Info: Margin note 5323.4 is on absolute page 5323 on input l
ine 5057.
Package marginnote Info: right page because not two side mode on input line 505
7.
Package marginnote Info: xpos seems to be 68.90193pt on input line 5057.
Package marginnote Info: Margin note 5323.5 is on absolute page 5323 on input l
ine 5103.
Package marginnote Info: right page because not two side mode on input line 510
3.
Package marginnote Info: xpos seems to be 70.04211pt on input line 5103.
Package marginnote Info: Margin note 5323.6 is on absolute page 5323 on input l
ine 5107.
Package marginnote Info: right page because not two side mode on input line 510
7.
Package marginnote Info: xpos seems to be 150.9488pt on input line 5107.
Package marginnote Info: Margin note 5323.7 is on absolute page 5324 on input l
ine 5153.
Package marginnote Info: right page because not two side mode on input line 515
3.
Package marginnote Info: xpos seems to be 73.33322pt on input line 5153.
Package marginnote Info: Margin note 5323.8 is on absolute page 5324 on input l
ine 5157.
Package marginnote Info: right page because not two side mode on input line 515
7.
Package marginnote Info: xpos seems to be 126.17618pt on input line 5157.
 [5323]
Package marginnote Info: Margin note 5324.1 is on absolute page 5324 on input l
ine 5203.
Package marginnote Info: right page because not two side mode on input line 520
3.
Package marginnote Info: xpos seems to be 75.59662pt on input line 5203.
Package marginnote Info: Margin note 5324.2 is on absolute page 5324 on input l
ine 5207.
Package marginnote Info: right page because not two side mode on input line 520
7.
Package marginnote Info: xpos seems to be 112.18745pt on input line 5207.
Package marginnote Info: Margin note 5324.3 is on absolute page 5325 on input l
ine 5259.
Package marginnote Info: right page because not two side mode on input line 525
9.
Package marginnote Info: xpos seems to be 65.32349pt on input line 5259.
Package marginnote Info: Margin note 5324.4 is on absolute page 5325 on input l
ine 5266.
Package marginnote Info: right page because not two side mode on input line 526
6.
Package marginnote Info: xpos seems to be 60.2382pt on input line 5266.
 [5324]
Package marginnote Info: Margin note 5325.1 is on absolute page 5325 on input l
ine 5271.
Package marginnote Info: right page because not two side mode on input line 527
1.
Package marginnote Info: xpos seems to be 64.8404pt on input line 5271.
Package marginnote Info: Margin note 5325.2 is on absolute page 5325 on input l
ine 5280.
Package marginnote Info: right page because not two side mode on input line 528
0.
Package marginnote Info: xpos seems to be 78.90788pt on input line 5280.
Package marginnote Info: Margin note 5325.3 is on absolute page 5325 on input l
ine 5287.
Package marginnote Info: right page because not two side mode on input line 528
7.
Package marginnote Info: xpos seems to be 66.70134pt on input line 5287.
Package marginnote Info: Margin note 5325.4 is on absolute page 5325 on input l
ine 5298.
Package marginnote Info: right page because not two side mode on input line 529
8.
Package marginnote Info: xpos seems to be 62.38654pt on input line 5298.
Package marginnote Info: Margin note 5325.5 is on absolute page 5325 on input l
ine 5305.
Package marginnote Info: right page because not two side mode on input line 530
5.
Package marginnote Info: xpos seems to be 60.3295pt on input line 5305.
Package marginnote Info: Margin note 5325.6 is on absolute page 5325 on input l
ine 5312.
Package marginnote Info: right page because not two side mode on input line 531
2.
Package marginnote Info: xpos seems to be 98.39432pt on input line 5312.
Package marginnote Info: Margin note 5325.7 is on absolute page 5325 on input l
ine 5319.
Package marginnote Info: right page because not two side mode on input line 531
9.
Package marginnote Info: xpos seems to be 57.00499pt on input line 5319.
Package marginnote Info: Margin note 5325.8 is on absolute page 5325 on input l
ine 5326.
Package marginnote Info: right page because not two side mode on input line 532
6.
Package marginnote Info: xpos seems to be 57.02306pt on input line 5326.
Package marginnote Info: Margin note 5325.9 is on absolute page 5325 on input l
ine 5335.
Package marginnote Info: right page because not two side mode on input line 533
5.
Package marginnote Info: xpos seems to be 91.2821pt on input line 5335.
Package marginnote Info: Margin note 5325.10 is on absolute page 5325 on input 
line 5342.
Package marginnote Info: right page because not two side mode on input line 534
2.
Package marginnote Info: xpos seems to be 68.02489pt on input line 5342.
 [5325]
Package marginnote Info: Margin note 5326.1 is on absolute page 5326 on input l
ine 5353.
Package marginnote Info: right page because not two side mode on input line 535
3.
Package marginnote Info: xpos seems to be 86.83124pt on input line 5353.
Package marginnote Info: Margin note 5326.2 is on absolute page 5326 on input l
ine 5403.
Package marginnote Info: right page because not two side mode on input line 540
3.
Package marginnote Info: xpos seems to be 56.97278pt on input line 5403.
Package marginnote Info: Margin note 5326.3 is on absolute page 5326 on input l
ine 5407.
Package marginnote Info: right page because not two side mode on input line 540
7.
Package marginnote Info: xpos seems to be 438.35982pt on input line 5407.
Package marginnote Info: Margin note 5326.4 is on absolute page 5326 on input l
ine 5411.
Package marginnote Info: right page because not two side mode on input line 541
1.
Package marginnote Info: xpos seems to be 512.68756pt on input line 5411.
Package marginnote Info: Margin note 5326.5 is on absolute page 5326 on input l
ine 5415.
Package marginnote Info: right page because not two side mode on input line 541
5.
Package marginnote Info: xpos seems to be 555.69537pt on input line 5415.
Package marginnote Info: Margin note 5326.6 is on absolute page 5326 on input l
ine 5419.
Package marginnote Info: right page because not two side mode on input line 541
9.
Package marginnote Info: xpos seems to be 509.38428pt on input line 5419.
Package marginnote Info: Margin note 5326.7 is on absolute page 5326 on input l
ine 5423.
Package marginnote Info: right page because not two side mode on input line 542
3.
Package marginnote Info: xpos seems to be 491.00507pt on input line 5423.
Package marginnote Info: Margin note 5326.8 is on absolute page 5326 on input l
ine 5427.
Package marginnote Info: right page because not two side mode on input line 542
7.
Package marginnote Info: xpos seems to be 350.37866pt on input line 5427.
Package marginnote Info: Margin note 5326.9 is on absolute page 5327 on input l
ine 5431.
Package marginnote Info: right page because not two side mode on input line 543
1.
Package marginnote Info: xpos seems to be 132.29161pt on input line 5431.
Package marginnote Info: Margin note 5326.10 is on absolute page 5327 on input 
line 5435.
Package marginnote Info: right page because not two side mode on input line 543
5.
Package marginnote Info: xpos seems to be 297.34097pt on input line 5435.
Package marginnote Info: Margin note 5326.11 is on absolute page 5327 on input 
line 5439.
Package marginnote Info: right page because not two side mode on input line 543
9.
Package marginnote Info: xpos seems to be 383.64828pt on input line 5439.
Package marginnote Info: Margin note 5326.12 is on absolute page 5327 on input 
line 5443.
Package marginnote Info: right page because not two side mode on input line 544
3.
Package marginnote Info: xpos seems to be 510.28545pt on input line 5443.
Package marginnote Info: Margin note 5326.13 is on absolute page 5327 on input 
line 5447.
Package marginnote Info: right page because not two side mode on input line 544
7.
Package marginnote Info: xpos seems to be 302.35849pt on input line 5447.
Package marginnote Info: Margin note 5326.14 is on absolute page 5327 on input 
line 5451.
Package marginnote Info: right page because not two side mode on input line 545
1.
Package marginnote Info: xpos seems to be 546.65459pt on input line 5451.
Package marginnote Info: Margin note 5326.15 is on absolute page 5327 on input 
line 5455.
Package marginnote Info: right page because not two side mode on input line 545
5.
Package marginnote Info: xpos seems to be 494.73468pt on input line 5455.
Package marginnote Info: Margin note 5326.16 is on absolute page 5327 on input 
line 5459.
Package marginnote Info: right page because not two side mode on input line 545
9.
Package marginnote Info: xpos seems to be 159.4932pt on input line 5459.
Package marginnote Info: Margin note 5326.17 is on absolute page 5327 on input 
line 5463.
Package marginnote Info: right page because not two side mode on input line 546
3.
Package marginnote Info: xpos seems to be 291.73186pt on input line 5463.
Package marginnote Info: Margin note 5326.18 is on absolute page 5327 on input 
line 5467.
Package marginnote Info: right page because not two side mode on input line 546
7.
Package marginnote Info: xpos seems to be 130.5694pt on input line 5467.
Package marginnote Info: Margin note 5326.19 is on absolute page 5327 on input 
line 5471.
Package marginnote Info: right page because not two side mode on input line 547
1.
Package marginnote Info: xpos seems to be 492.31606pt on input line 5471.
Package marginnote Info: Margin note 5326.20 is on absolute page 5327 on input 
line 5475.
Package marginnote Info: right page because not two side mode on input line 547
5.
Package marginnote Info: xpos seems to be 88.67723pt on input line 5475.
Package marginnote Info: Margin note 5326.21 is on absolute page 5328 on input 
line 5479.
Package marginnote Info: right page because not two side mode on input line 547
9.
Package marginnote Info: xpos seems to be 409.36446pt on input line 5479.
Package marginnote Info: Margin note 5326.22 is on absolute page 5328 on input 
line 5483.
Package marginnote Info: right page because not two side mode on input line 548
3.
Package marginnote Info: xpos seems to be 531.4893pt on input line 5483.
Package marginnote Info: Margin note 5326.23 is on absolute page 5328 on input 
line 5487.
Package marginnote Info: right page because not two side mode on input line 548
7.
Package marginnote Info: xpos seems to be 228.51022pt on input line 5487.
 [5326] [5327]
Package marginnote Info: Margin note 5328.1 is on absolute page 5328 on input l
ine 5492.
Package marginnote Info: right page because not two side mode on input line 549
2.
Package marginnote Info: xpos seems to be 57.45119pt on input line 5492.
Package marginnote Info: Margin note 5328.2 is on absolute page 5328 on input l
ine 5497.
Package marginnote Info: right page because not two side mode on input line 549
7.
Package marginnote Info: xpos seems to be 111.52498pt on input line 5497.
Package marginnote Info: Margin note 5328.3 is on absolute page 5328 on input l
ine 5501.
Package marginnote Info: right page because not two side mode on input line 550
1.
Package marginnote Info: xpos seems to be 518.51741pt on input line 5501.
 [5328]
Package marginnote Info: Margin note 5329.1 is on absolute page 5329 on input l
ine 5593.
Package marginnote Info: right page because not two side mode on input line 559
3.
Package marginnote Info: xpos seems to be 77.45294pt on input line 5593.
Package marginnote Info: Margin note 5329.2 is on absolute page 5329 on input l
ine 5597.
Package marginnote Info: right page because not two side mode on input line 559
7.
Package marginnote Info: xpos seems to be 271.22554pt on input line 5597.
Package marginnote Info: Margin note 5329.3 is on absolute page 5329 on input l
ine 5601.
Package marginnote Info: right page because not two side mode on input line 560
1.
Package marginnote Info: xpos seems to be 286.12624pt on input line 5601.
Package marginnote Info: Margin note 5329.4 is on absolute page 5329 on input l
ine 5655.
Package marginnote Info: right page because not two side mode on input line 565
5.
Package marginnote Info: xpos seems to be 60.37994pt on input line 5655.
Package marginnote Info: Margin note 5329.5 is on absolute page 5329 on input l
ine 5659.
Package marginnote Info: right page because not two side mode on input line 565
9.
Package marginnote Info: xpos seems to be 511.6076pt on input line 5659.
Package marginnote Info: Margin note 5329.6 is on absolute page 5329 on input l
ine 5663.
Package marginnote Info: right page because not two side mode on input line 566
3.
Package marginnote Info: xpos seems to be 276.2568pt on input line 5663.
Package marginnote Info: Margin note 5329.7 is on absolute page 5330 on input l
ine 5667.
Package marginnote Info: right page because not two side mode on input line 566
7.
Package marginnote Info: xpos seems to be 475.65001pt on input line 5667.
Package marginnote Info: Margin note 5329.8 is on absolute page 5330 on input l
ine 5671.
Package marginnote Info: right page because not two side mode on input line 567
1.
Package marginnote Info: xpos seems to be 290.61845pt on input line 5671.
Package marginnote Info: Margin note 5329.9 is on absolute page 5330 on input l
ine 5675.
Package marginnote Info: right page because not two side mode on input line 567
5.
Package marginnote Info: xpos seems to be 257.371pt on input line 5675.
 [5329]
Package marginnote Info: Margin note 5330.1 is on absolute page 5330 on input l
ine 5721.
Package marginnote Info: right page because not two side mode on input line 572
1.
Package marginnote Info: xpos seems to be 83.4579pt on input line 5721.
Package marginnote Info: Margin note 5330.2 is on absolute page 5330 on input l
ine 5726.
Package marginnote Info: right page because not two side mode on input line 572
6.
Package marginnote Info: xpos seems to be 81.93478pt on input line 5726.
Package marginnote Info: Margin note 5330.3 is on absolute page 5330 on input l
ine 5730.
Package marginnote Info: right page because not two side mode on input line 573
0.
Package marginnote Info: xpos seems to be 192.06927pt on input line 5730.
Package marginnote Info: Margin note 5330.4 is on absolute page 5330 on input l
ine 5735.
Package marginnote Info: right page because not two side mode on input line 573
5.
Package marginnote Info: xpos seems to be 89.63902pt on input line 5735.
Package marginnote Info: Margin note 5330.5 is on absolute page 5330 on input l
ine 5739.
Package marginnote Info: right page because not two side mode on input line 573
9.
Package marginnote Info: xpos seems to be 557.56076pt on input line 5739.
Package marginnote Info: Margin note 5330.6 is on absolute page 5331 on input l
ine 5743.
Package marginnote Info: right page because not two side mode on input line 574
3.
Package marginnote Info: xpos seems to be 375.22772pt on input line 5743.
Package marginnote Info: Margin note 5330.7 is on absolute page 5331 on input l
ine 5747.
Package marginnote Info: right page because not two side mode on input line 574
7.
Package marginnote Info: xpos seems to be 36.135pt on input line 5747.
Package marginnote Info: Margin note 5330.8 is on absolute page 5331 on input l
ine 5751.
Package marginnote Info: right page because not two side mode on input line 575
1.
Package marginnote Info: xpos seems to be 404.21042pt on input line 5751.
 [5330]
Package marginnote Info: Margin note 5331.1 is on absolute page 5331 on input l
ine 5803.
Package marginnote Info: right page because not two side mode on input line 580
3.
Package marginnote Info: xpos seems to be 83.18408pt on input line 5803.
Package marginnote Info: Margin note 5331.2 is on absolute page 5331 on input l
ine 5808.
Package marginnote Info: right page because not two side mode on input line 580
8.
Package marginnote Info: xpos seems to be 60.22604pt on input line 5808.
Package marginnote Info: Margin note 5331.3 is on absolute page 5331 on input l
ine 5813.
Package marginnote Info: right page because not two side mode on input line 581
3.
Package marginnote Info: xpos seems to be 88.59839pt on input line 5813.
Package marginnote Info: Margin note 5331.4 is on absolute page 5331 on input l
ine 5818.
Package marginnote Info: right page because not two side mode on input line 581
8.
Package marginnote Info: xpos seems to be 69.5461pt on input line 5818.
Package marginnote Info: Margin note 5331.5 is on absolute page 5331 on input l
ine 5823.
Package marginnote Info: right page because not two side mode on input line 582
3.
Package marginnote Info: xpos seems to be 60.14018pt on input line 5823.
Package marginnote Info: Margin note 5331.6 is on absolute page 5331 on input l
ine 5830.
Package marginnote Info: right page because not two side mode on input line 583
0.
Package marginnote Info: xpos seems to be 71.61414pt on input line 5830.
Package marginnote Info: Margin note 5331.7 is on absolute page 5331 on input l
ine 5835.
Package marginnote Info: right page because not two side mode on input line 583
5.
Package marginnote Info: xpos seems to be 75.88472pt on input line 5835.

[5331]
Package marginnote Info: Margin note 5332.1 is on absolute page 5332 on input l
ine 5842.
Package marginnote Info: right page because not two side mode on input line 584
2.
Package marginnote Info: xpos seems to be 100.64447pt on input line 5842.
 [5332] [5333] [5334]
Package marginnote Info: Margin note 5335.1 is on absolute page 5335 on input l
ine 6001.
Package marginnote Info: right page because not two side mode on input line 600
1.
Package marginnote Info: xpos seems to be 86.87361pt on input line 6001.
Package marginnote Info: Margin note 5335.2 is on absolute page 5335 on input l
ine 6005.
Package marginnote Info: right page because not two side mode on input line 600
5.
Package marginnote Info: xpos seems to be 136.92053pt on input line 6005.
Package marginnote Info: Margin note 5335.3 is on absolute page 5336 on input l
ine 6051.
Package marginnote Info: right page because not two side mode on input line 605
1.
Package marginnote Info: xpos seems to be 73.26819pt on input line 6051.
Package marginnote Info: Margin note 5335.4 is on absolute page 5336 on input l
ine 6055.
Package marginnote Info: right page because not two side mode on input line 605
5.
Package marginnote Info: xpos seems to be 115.04214pt on input line 6055.
 [5335]
Package marginnote Info: Margin note 5336.1 is on absolute page 5336 on input l
ine 6101.
Package marginnote Info: right page because not two side mode on input line 610
1.
Package marginnote Info: xpos seems to be 67.28384pt on input line 6101.
Package marginnote Info: Margin note 5336.2 is on absolute page 5336 on input l
ine 6106.
Package marginnote Info: right page because not two side mode on input line 610
6.
Package marginnote Info: xpos seems to be 79.38257pt on input line 6106.
Package marginnote Info: Margin note 5336.3 is on absolute page 5336 on input l
ine 6110.
Package marginnote Info: right page because not two side mode on input line 611
0.
Package marginnote Info: xpos seems to be 191.40605pt on input line 6110.
Package marginnote Info: Margin note 5336.4 is on absolute page 5337 on input l
ine 6162.
Package marginnote Info: right page because not two side mode on input line 616
2.
Package marginnote Info: xpos seems to be 73.24867pt on input line 6162.
Package marginnote Info: Margin note 5336.5 is on absolute page 5337 on input l
ine 6167.
Package marginnote Info: right page because not two side mode on input line 616
7.
Package marginnote Info: xpos seems to be 67.40488pt on input line 6167.
Package marginnote Info: Margin note 5336.6 is on absolute page 5337 on input l
ine 6176.
Package marginnote Info: right page because not two side mode on input line 617
6.
Package marginnote Info: xpos seems to be 64.91489pt on input line 6176.
 [5336]
Package marginnote Info: Margin note 5337.1 is on absolute page 5337 on input l
ine 6187.
Package marginnote Info: right page because not two side mode on input line 618
7.
Package marginnote Info: xpos seems to be 57.00499pt on input line 6187.
Package marginnote Info: Margin note 5337.2 is on absolute page 5337 on input l
ine 6196.
Package marginnote Info: right page because not two side mode on input line 619
6.
Package marginnote Info: xpos seems to be 73.87697pt on input line 6196.
Package marginnote Info: Margin note 5337.3 is on absolute page 5337 on input l
ine 6203.
Package marginnote Info: right page because not two side mode on input line 620
3.
Package marginnote Info: xpos seems to be 90.46877pt on input line 6203.
Package marginnote Info: Margin note 5337.4 is on absolute page 5337 on input l
ine 6208.
Package marginnote Info: right page because not two side mode on input line 620
8.
Package marginnote Info: xpos seems to be 73.48717pt on input line 6208.
Package marginnote Info: Margin note 5337.5 is on absolute page 5337 on input l
ine 6215.
Package marginnote Info: right page because not two side mode on input line 621
5.
Package marginnote Info: xpos seems to be 73.42168pt on input line 6215.
Package marginnote Info: Margin note 5337.6 is on absolute page 5337 on input l
ine 6220.
Package marginnote Info: right page because not two side mode on input line 622
0.
Package marginnote Info: xpos seems to be 74.06479pt on input line 6220.
Package marginnote Info: Margin note 5337.7 is on absolute page 5337 on input l
ine 6227.
Package marginnote Info: right page because not two side mode on input line 622
7.
Package marginnote Info: xpos seems to be 76.20706pt on input line 6227.
Package marginnote Info: Margin note 5337.8 is on absolute page 5337 on input l
ine 6234.
Package marginnote Info: right page because not two side mode on input line 623
4.
Package marginnote Info: xpos seems to be 67.40488pt on input line 6234.
Package marginnote Info: Margin note 5337.9 is on absolute page 5338 on input l
ine 6286.
Package marginnote Info: right page because not two side mode on input line 628
6.
Package marginnote Info: xpos seems to be 75.59695pt on input line 6286.
Package marginnote Info: Margin note 5337.10 is on absolute page 5338 on input 
line 6290.
Package marginnote Info: right page because not two side mode on input line 629
0.
Package marginnote Info: xpos seems to be 180.4804pt on input line 6290.
Package marginnote Info: Margin note 5337.11 is on absolute page 5338 on input 
line 6294.
Package marginnote Info: right page because not two side mode on input line 629
4.
Package marginnote Info: xpos seems to be 256.15637pt on input line 6294.
Package marginnote Info: Margin note 5337.12 is on absolute page 5338 on input 
line 6298.
Package marginnote Info: right page because not two side mode on input line 629
8.
Package marginnote Info: xpos seems to be 522.50545pt on input line 6298.
Package marginnote Info: Margin note 5337.13 is on absolute page 5338 on input 
line 6302.
Package marginnote Info: right page because not two side mode on input line 630
2.
Package marginnote Info: xpos seems to be 120.34007pt on input line 6302.
Package marginnote Info: Margin note 5337.14 is on absolute page 5338 on input 
line 6306.
Package marginnote Info: right page because not two side mode on input line 630
6.
Package marginnote Info: xpos seems to be 478.05191pt on input line 6306.
 [5337]
Package marginnote Info: Margin note 5338.1 is on absolute page 5338 on input l
ine 6352.
Package marginnote Info: right page because not two side mode on input line 635
2.
Package marginnote Info: xpos seems to be 83.66972pt on input line 6352.
Package marginnote Info: Margin note 5338.2 is on absolute page 5338 on input l
ine 6356.
Package marginnote Info: right page because not two side mode on input line 635
6.
Package marginnote Info: xpos seems to be 399.68956pt on input line 6356.
Package marginnote Info: Margin note 5338.3 is on absolute page 5339 on input l
ine 6408.
Package marginnote Info: right page because not two side mode on input line 640
8.
Package marginnote Info: xpos seems to be 88.00977pt on input line 6408.
 [5338]
Package marginnote Info: Margin note 5339.1 is on absolute page 5339 on input l
ine 6415.
Package marginnote Info: right page because not two side mode on input line 641
5.
Package marginnote Info: xpos seems to be 62.51991pt on input line 6415.
Package marginnote Info: Margin note 5339.2 is on absolute page 5339 on input l
ine 6420.
Package marginnote Info: right page because not two side mode on input line 642
0.
Package marginnote Info: xpos seems to be 66.81822pt on input line 6420.
Package marginnote Info: Margin note 5339.3 is on absolute page 5339 on input l
ine 6427.
Package marginnote Info: right page because not two side mode on input line 642
7.
Package marginnote Info: xpos seems to be 81.99173pt on input line 6427.
Package marginnote Info: Margin note 5339.4 is on absolute page 5339 on input l
ine 6432.
Package marginnote Info: right page because not two side mode on input line 643
2.
Package marginnote Info: xpos seems to be 69.29648pt on input line 6432.
Package marginnote Info: Margin note 5339.5 is on absolute page 5339 on input l
ine 6437.
Package marginnote Info: right page because not two side mode on input line 643
7.
Package marginnote Info: xpos seems to be 60.11807pt on input line 6437.
Package marginnote Info: Margin note 5339.6 is on absolute page 5339 on input l
ine 6444.
Package marginnote Info: right page because not two side mode on input line 644
4.
Package marginnote Info: xpos seems to be 84.50604pt on input line 6444.
Package marginnote Info: Margin note 5339.7 is on absolute page 5339 on input l
ine 6451.
Package marginnote Info: right page because not two side mode on input line 645
1.
Package marginnote Info: xpos seems to be 61.4845pt on input line 6451.
Package marginnote Info: Margin note 5339.8 is on absolute page 5339 on input l
ine 6505.
Package marginnote Info: right page because not two side mode on input line 650
5.
Package marginnote Info: xpos seems to be 60.233pt on input line 6505.
Package marginnote Info: Margin note 5339.9 is on absolute page 5339 on input l
ine 6510.
Package marginnote Info: right page because not two side mode on input line 651
0.
Package marginnote Info: xpos seems to be 70.1103pt on input line 6510.
Package marginnote Info: Margin note 5339.10 is on absolute page 5340 on input 
line 6519.
Package marginnote Info: right page because not two side mode on input line 651
9.
Package marginnote Info: xpos seems to be 60.44044pt on input line 6519.
Package marginnote Info: Margin note 5339.11 is on absolute page 5340 on input 
line 6523.
Package marginnote Info: right page because not two side mode on input line 652
3.
Package marginnote Info: xpos seems to be 75.1838pt on input line 6523.
 [5339]
Package marginnote Info: Margin note 5340.1 is on absolute page 5340 on input l
ine 6528.
Package marginnote Info: right page because not two side mode on input line 652
8.
Package marginnote Info: xpos seems to be 70.3407pt on input line 6528.
Package marginnote Info: Margin note 5340.2 is on absolute page 5340 on input l
ine 6533.
Package marginnote Info: right page because not two side mode on input line 653
3.
Package marginnote Info: xpos seems to be 73.35484pt on input line 6533.
Package marginnote Info: Margin note 5340.3 is on absolute page 5340 on input l
ine 6544.
Package marginnote Info: right page because not two side mode on input line 654
4.
Package marginnote Info: xpos seems to be 77.03394pt on input line 6544.
Package marginnote Info: Margin note 5340.4 is on absolute page 5340 on input l
ine 6551.
Package marginnote Info: right page because not two side mode on input line 655
1.
Package marginnote Info: xpos seems to be 70.72145pt on input line 6551.
Package marginnote Info: Margin note 5340.5 is on absolute page 5340 on input l
ine 6558.
Package marginnote Info: right page because not two side mode on input line 655
8.
Package marginnote Info: xpos seems to be 58.57425pt on input line 6558.
Package marginnote Info: Margin note 5340.6 is on absolute page 5340 on input l
ine 6563.
Package marginnote Info: right page because not two side mode on input line 656
3.
Package marginnote Info: xpos seems to be 91.43642pt on input line 6563.
Package marginnote Info: Margin note 5340.7 is on absolute page 5340 on input l
ine 6568.
Package marginnote Info: right page because not two side mode on input line 656
8.
Package marginnote Info: xpos seems to be 60.78487pt on input line 6568.
Package marginnote Info: Margin note 5340.8 is on absolute page 5340 on input l
ine 6618.
Package marginnote Info: right page because not two side mode on input line 661
8.
Package marginnote Info: xpos seems to be 86.72467pt on input line 6618.
Package marginnote Info: Margin note 5340.9 is on absolute page 5340 on input l
ine 6626.
Package marginnote Info: right page because not two side mode on input line 662
6.
Package marginnote Info: xpos seems to be 338.54483pt on input line 6626.
Package marginnote Info: Margin note 5340.10 is on absolute page 5340 on input 
line 6630.
Package marginnote Info: right page because not two side mode on input line 663
0.
Package marginnote Info: xpos seems to be 289.81935pt on input line 6630.
Package marginnote Info: Margin note 5340.11 is on absolute page 5341 on input 
line 6635.
Package marginnote Info: right page because not two side mode on input line 663
5.
Package marginnote Info: xpos seems to be 56.14867pt on input line 6635.
 [5340]
Package marginnote Info: Margin note 5341.1 is on absolute page 5341 on input l
ine 6642.
Package marginnote Info: right page because not two side mode on input line 664
2.
Package marginnote Info: xpos seems to be 93.93198pt on input line 6642.
Package marginnote Info: Margin note 5341.2 is on absolute page 5341 on input l
ine 6647.
Package marginnote Info: right page because not two side mode on input line 664
7.
Package marginnote Info: xpos seems to be 56.88814pt on input line 6647.
Package marginnote Info: Margin note 5341.3 is on absolute page 5341 on input l
ine 6654.
Package marginnote Info: right page because not two side mode on input line 665
4.
Package marginnote Info: xpos seems to be 88.96733pt on input line 6654.
Package marginnote Info: Margin note 5341.4 is on absolute page 5341 on input l
ine 6658.
Package marginnote Info: right page because not two side mode on input line 665
8.
Package marginnote Info: xpos seems to be 374.01035pt on input line 6658.
Package marginnote Info: Margin note 5341.5 is on absolute page 5341 on input l
ine 6662.
Package marginnote Info: right page because not two side mode on input line 666
2.
Package marginnote Info: xpos seems to be 101.74327pt on input line 6662.
Package marginnote Info: Margin note 5341.6 is on absolute page 5341 on input l
ine 6669.
Package marginnote Info: right page because not two side mode on input line 666
9.
Package marginnote Info: xpos seems to be 61.50461pt on input line 6669.
Package marginnote Info: Margin note 5341.7 is on absolute page 5341 on input l
ine 6674.
Package marginnote Info: right page because not two side mode on input line 667
4.
Package marginnote Info: xpos seems to be 102.28531pt on input line 6674.
Package marginnote Info: Margin note 5341.8 is on absolute page 5341 on input l
ine 6720.
Package marginnote Info: right page because not two side mode on input line 672
0.
Package marginnote Info: xpos seems to be 56.5124pt on input line 6720.
Package marginnote Info: Margin note 5341.9 is on absolute page 5341 on input l
ine 6724.
Package marginnote Info: right page because not two side mode on input line 672
4.
Package marginnote Info: xpos seems to be 307.31061pt on input line 6724.
 [5341]
Package marginnote Info: Margin note 5342.1 is on absolute page 5342 on input l
ine 6770.
Package marginnote Info: right page because not two side mode on input line 677
0.
Package marginnote Info: xpos seems to be 83.28462pt on input line 6770.
Package marginnote Info: Margin note 5342.2 is on absolute page 5342 on input l
ine 6777.
Package marginnote Info: right page because not two side mode on input line 677
7.
Package marginnote Info: xpos seems to be 77.16586pt on input line 6777.
Package marginnote Info: Margin note 5342.3 is on absolute page 5342 on input l
ine 6782.
Package marginnote Info: right page because not two side mode on input line 678
2.
Package marginnote Info: xpos seems to be 79.53671pt on input line 6782.
Package marginnote Info: Margin note 5342.4 is on absolute page 5342 on input l
ine 6787.
Package marginnote Info: right page because not two side mode on input line 678
7.
Package marginnote Info: xpos seems to be 72.32529pt on input line 6787.
Package marginnote Info: Margin note 5342.5 is on absolute page 5342 on input l
ine 6839.
Package marginnote Info: right page because not two side mode on input line 683
9.
Package marginnote Info: xpos seems to be 86.3846pt on input line 6839.
Package marginnote Info: Margin note 5342.6 is on absolute page 5342 on input l
ine 6846.
Package marginnote Info: right page because not two side mode on input line 684
6.
Package marginnote Info: xpos seems to be 66.91pt on input line 6846.
Package marginnote Info: Margin note 5342.7 is on absolute page 5342 on input l
ine 6853.
Package marginnote Info: right page because not two side mode on input line 685
3.
Package marginnote Info: xpos seems to be 67.80794pt on input line 6853.
Package marginnote Info: Margin note 5342.8 is on absolute page 5342 on input l
ine 6860.
Package marginnote Info: right page because not two side mode on input line 686
0.
Package marginnote Info: xpos seems to be 56.97502pt on input line 6860.
Package marginnote Info: Margin note 5342.9 is on absolute page 5342 on input l
ine 6871.
Package marginnote Info: right page because not two side mode on input line 687
1.
Package marginnote Info: xpos seems to be 87.01776pt on input line 6871.
Package marginnote Info: Margin note 5342.10 is on absolute page 5343 on input 
line 6876.
Package marginnote Info: right page because not two side mode on input line 687
6.
Package marginnote Info: xpos seems to be 57.42186pt on input line 6876.

[5342]
Package marginnote Info: Margin note 5343.1 is on absolute page 5343 on input l
ine 6924.
Package marginnote Info: right page because not two side mode on input line 692
4.
Package marginnote Info: xpos seems to be 76.34668pt on input line 6924.
Package marginnote Info: Margin note 5343.2 is on absolute page 5343 on input l
ine 6928.
Package marginnote Info: right page because not two side mode on input line 692
8.
Package marginnote Info: xpos seems to be 520.6196pt on input line 6928.
Package marginnote Info: Margin note 5343.3 is on absolute page 5343 on input l
ine 6980.
Package marginnote Info: right page because not two side mode on input line 698
0.
Package marginnote Info: xpos seems to be 84.3805pt on input line 6980.
Package marginnote Info: Margin note 5343.4 is on absolute page 5343 on input l
ine 6988.
Package marginnote Info: right page because not two side mode on input line 698
8.
Package marginnote Info: xpos seems to be 102.91454pt on input line 6988.
Package marginnote Info: Margin note 5343.5 is on absolute page 5344 on input l
ine 6996.
Package marginnote Info: right page because not two side mode on input line 699
6.
Package marginnote Info: xpos seems to be 76.21481pt on input line 6996.
Package marginnote Info: Margin note 5343.6 is on absolute page 5344 on input l
ine 7003.
Package marginnote Info: right page because not two side mode on input line 700
3.
Package marginnote Info: xpos seems to be 64.30489pt on input line 7003.
 [5343]
Package marginnote Info: Margin note 5344.1 is on absolute page 5344 on input l
ine 7010.
Package marginnote Info: right page because not two side mode on input line 701
0.
Package marginnote Info: xpos seems to be 57.00499pt on input line 7010.
Package marginnote Info: Margin note 5344.2 is on absolute page 5344 on input l
ine 7017.
Package marginnote Info: right page because not two side mode on input line 701
7.
Package marginnote Info: xpos seems to be 71.5491pt on input line 7017.
Package marginnote Info: Margin note 5344.3 is on absolute page 5344 on input l
ine 7022.
Package marginnote Info: right page because not two side mode on input line 702
2.
Package marginnote Info: xpos seems to be 70.37474pt on input line 7022.
Package marginnote Info: Margin note 5344.4 is on absolute page 5344 on input l
ine 7029.
Package marginnote Info: right page because not two side mode on input line 702
9.
Package marginnote Info: xpos seems to be 58.635pt on input line 7029.
Package marginnote Info: Margin note 5344.5 is on absolute page 5344 on input l
ine 7036.
Package marginnote Info: right page because not two side mode on input line 703
6.
Package marginnote Info: xpos seems to be 64.36818pt on input line 7036.
Package marginnote Info: Margin note 5344.6 is on absolute page 5344 on input l
ine 7041.
Package marginnote Info: right page because not two side mode on input line 704
1.
Package marginnote Info: xpos seems to be 77.10522pt on input line 7041.
Package marginnote Info: Margin note 5344.7 is on absolute page 5344 on input l
ine 7046.
Package marginnote Info: right page because not two side mode on input line 704
6.
Package marginnote Info: xpos seems to be 94.89444pt on input line 7046.
Package marginnote Info: Margin note 5344.8 is on absolute page 5344 on input l
ine 7053.
Package marginnote Info: right page because not two side mode on input line 705
3.
Package marginnote Info: xpos seems to be 70.24039pt on input line 7053.
Package marginnote Info: Margin note 5344.9 is on absolute page 5344 on input l
ine 7060.
Package marginnote Info: right page because not two side mode on input line 706
0.
Package marginnote Info: xpos seems to be 63.41199pt on input line 7060.
Package marginnote Info: Margin note 5344.10 is on absolute page 5344 on input 
line 7065.
Package marginnote Info: right page because not two side mode on input line 706
5.
Package marginnote Info: xpos seems to be 63.41199pt on input line 7065.
Package marginnote Info: Margin note 5344.11 is on absolute page 5344 on input 
line 7070.
Package marginnote Info: right page because not two side mode on input line 707
0.
Package marginnote Info: xpos seems to be 89.72441pt on input line 7070.
Package marginnote Info: Margin note 5344.12 is on absolute page 5344 on input 
line 7077.
Package marginnote Info: right page because not two side mode on input line 707
7.
Package marginnote Info: xpos seems to be 75.27472pt on input line 7077.
Package marginnote Info: Margin note 5344.13 is on absolute page 5344 on input 
line 7127.
Package marginnote Info: right page because not two side mode on input line 712
7.
Package marginnote Info: xpos seems to be 56.12088pt on input line 7127.
Package marginnote Info: Margin note 5344.14 is on absolute page 5344 on input 
line 7131.
Package marginnote Info: right page because not two side mode on input line 713
1.
Package marginnote Info: xpos seems to be 132.60838pt on input line 7131.
Package marginnote Info: Margin note 5344.15 is on absolute page 5345 on input 
line 7136.
Package marginnote Info: right page because not two side mode on input line 713
6.
Package marginnote Info: xpos seems to be 66.9507pt on input line 7136.
Package marginnote Info: Margin note 5344.16 is on absolute page 5345 on input 
line 7140.
Package marginnote Info: right page because not two side mode on input line 714
0.
Package marginnote Info: xpos seems to be 439.2026pt on input line 7140.
 [5344]
Package marginnote Info: Margin note 5345.1 is on absolute page 5345 on input l
ine 7187.
Package marginnote Info: right page because not two side mode on input line 718
7.
Package marginnote Info: xpos seems to be 245.8481pt on input line 7187.
Package marginnote Info: Margin note 5345.2 is on absolute page 5345 on input l
ine 7195.
Package marginnote Info: right page because not two side mode on input line 719
5.
Package marginnote Info: xpos seems to be 80.07614pt on input line 7195.
Package marginnote Info: Margin note 5345.3 is on absolute page 5345 on input l
ine 7200.
Package marginnote Info: right page because not two side mode on input line 720
0.
Package marginnote Info: xpos seems to be 57.61916pt on input line 7200.
Package marginnote Info: Margin note 5345.4 is on absolute page 5345 on input l
ine 7205.
Package marginnote Info: right page because not two side mode on input line 720
5.
Package marginnote Info: xpos seems to be 78.93466pt on input line 7205.
Package marginnote Info: Margin note 5345.5 is on absolute page 5345 on input l
ine 7212.
Package marginnote Info: right page because not two side mode on input line 721
2.
Package marginnote Info: xpos seems to be 58.635pt on input line 7212.
Package marginnote Info: Margin note 5345.6 is on absolute page 5345 on input l
ine 7217.
Package marginnote Info: right page because not two side mode on input line 721
7.
Package marginnote Info: xpos seems to be 63.33144pt on input line 7217.
Package marginnote Info: Margin note 5345.7 is on absolute page 5345 on input l
ine 7222.
Package marginnote Info: right page because not two side mode on input line 722
2.
Package marginnote Info: xpos seems to be 83.47221pt on input line 7222.
Package marginnote Info: Margin note 5345.8 is on absolute page 5346 on input l
ine 7268.
Package marginnote Info: right page because not two side mode on input line 726
8.
Package marginnote Info: xpos seems to be 99.2563pt on input line 7268.
Package marginnote Info: Margin note 5345.9 is on absolute page 5346 on input l
ine 7272.
Package marginnote Info: right page because not two side mode on input line 727
2.
Package marginnote Info: xpos seems to be 113.60475pt on input line 7272.
Package marginnote Info: Margin note 5345.10 is on absolute page 5346 on input 
line 7276.
Package marginnote Info: right page because not two side mode on input line 727
6.
Package marginnote Info: xpos seems to be 322.38016pt on input line 7276.
Package marginnote Info: Margin note 5345.11 is on absolute page 5346 on input 
line 7280.
Package marginnote Info: right page because not two side mode on input line 728
0.
Package marginnote Info: xpos seems to be 188.32216pt on input line 7280.
Package marginnote Info: Margin note 5345.12 is on absolute page 5346 on input 
line 7284.
Package marginnote Info: right page because not two side mode on input line 728
4.
Package marginnote Info: xpos seems to be 508.32312pt on input line 7284.
Package marginnote Info: Margin note 5345.13 is on absolute page 5346 on input 
line 7288.
Package marginnote Info: right page because not two side mode on input line 728
8.
Package marginnote Info: xpos seems to be 177.09792pt on input line 7288.
Package marginnote Info: Margin note 5345.14 is on absolute page 5346 on input 
line 7292.
Package marginnote Info: right page because not two side mode on input line 729
2.
Package marginnote Info: xpos seems to be 462.00984pt on input line 7292.
 [5345]
Package marginnote Info: Margin note 5346.1 is on absolute page 5346 on input l
ine 7297.
Package marginnote Info: right page because not two side mode on input line 729
7.
Package marginnote Info: xpos seems to be 89.17464pt on input line 7297.
Package marginnote Info: Margin note 5346.2 is on absolute page 5346 on input l
ine 7302.
Package marginnote Info: right page because not two side mode on input line 730
2.
Package marginnote Info: xpos seems to be 73.96562pt on input line 7302.
Package marginnote Info: Margin note 5346.3 is on absolute page 5346 on input l
ine 7306.
Package marginnote Info: right page because not two side mode on input line 730
6.
Package marginnote Info: xpos seems to be 141.50072pt on input line 7306.
Package marginnote Info: Margin note 5346.4 is on absolute page 5346 on input l
ine 7310.
Package marginnote Info: right page because not two side mode on input line 731
0.
Package marginnote Info: xpos seems to be 485.22424pt on input line 7310.
Package marginnote Info: Margin note 5346.5 is on absolute page 5346 on input l
ine 7314.
Package marginnote Info: right page because not two side mode on input line 731
4.
Package marginnote Info: xpos seems to be 201.47543pt on input line 7314.
Package marginnote Info: Margin note 5346.6 is on absolute page 5346 on input l
ine 7318.
Package marginnote Info: right page because not two side mode on input line 731
8.
Package marginnote Info: xpos seems to be 115.96454pt on input line 7318.
Package marginnote Info: Margin note 5346.7 is on absolute page 5346 on input l
ine 7366.
Package marginnote Info: right page because not two side mode on input line 736
6.
Package marginnote Info: xpos seems to be 500.26053pt on input line 7366.
Package marginnote Info: Margin note 5346.8 is on absolute page 5346 on input l
ine 7375.
Package marginnote Info: right page because not two side mode on input line 737
5.
Package marginnote Info: xpos seems to be 36.135pt on input line 7375.
Package marginnote Info: Margin note 5346.9 is on absolute page 5347 on input l
ine 7382.
Package marginnote Info: right page because not two side mode on input line 738
2.
Package marginnote Info: xpos seems to be 71.11653pt on input line 7382.
 [5346]
Package marginnote Info: Margin note 5347.1 is on absolute page 5347 on input l
ine 7497.
Package marginnote Info: right page because not two side mode on input line 749
7.
Package marginnote Info: xpos seems to be 86.9043pt on input line 7497.
Package marginnote Info: Margin note 5347.2 is on absolute page 5347 on input l
ine 7501.
Package marginnote Info: right page because not two side mode on input line 750
1.
Package marginnote Info: xpos seems to be 193.06767pt on input line 7501.
 [5347]
Package marginnote Info: Margin note 5348.1 is on absolute page 5348 on input l
ine 7547.
Package marginnote Info: right page because not two side mode on input line 754
7.
Package marginnote Info: xpos seems to be 75.4034pt on input line 7547.
Package marginnote Info: Margin note 5348.2 is on absolute page 5348 on input l
ine 7551.
Package marginnote Info: right page because not two side mode on input line 755
1.
Package marginnote Info: xpos seems to be 172.52054pt on input line 7551.
Package marginnote Info: Margin note 5348.3 is on absolute page 5348 on input l
ine 7599.
Package marginnote Info: right page because not two side mode on input line 759
9.
Package marginnote Info: xpos seems to be 495.48045pt on input line 7599.
Package marginnote Info: Margin note 5348.4 is on absolute page 5348 on input l
ine 7607.
Package marginnote Info: right page because not two side mode on input line 760
7.
Package marginnote Info: xpos seems to be 64.0853pt on input line 7607.
Package marginnote Info: Margin note 5348.5 is on absolute page 5348 on input l
ine 7612.
Package marginnote Info: right page because not two side mode on input line 761
2.
Package marginnote Info: xpos seems to be 71.17348pt on input line 7612.
 [5348]
Package marginnote Info: Margin note 5349.1 is on absolute page 5349 on input l
ine 7675.
Package marginnote Info: right page because not two side mode on input line 767
5.
Package marginnote Info: xpos seems to be 56.11757pt on input line 7675.
Package marginnote Info: Margin note 5349.2 is on absolute page 5349 on input l
ine 7682.
Package marginnote Info: right page because not two side mode on input line 768
2.
Package marginnote Info: xpos seems to be 56.15324pt on input line 7682.
Package marginnote Info: Margin note 5349.3 is on absolute page 5349 on input l
ine 7686.
Package marginnote Info: right page because not two side mode on input line 768
6.
Package marginnote Info: xpos seems to be 368.77364pt on input line 7686.
Package marginnote Info: Margin note 5349.4 is on absolute page 5349 on input l
ine 7693.
Package marginnote Info: right page because not two side mode on input line 769
3.
Package marginnote Info: xpos seems to be 63.11678pt on input line 7693.
Package marginnote Info: Margin note 5349.5 is on absolute page 5349 on input l
ine 7701.
Package marginnote Info: right page because not two side mode on input line 770
1.
Package marginnote Info: xpos seems to be 67.59468pt on input line 7701.
Package marginnote Info: Margin note 5349.6 is on absolute page 5349 on input l
ine 7708.
Package marginnote Info: right page because not two side mode on input line 770
8.
Package marginnote Info: xpos seems to be 95.40678pt on input line 7708.
 [5349]
Package marginnote Info: Margin note 5350.1 is on absolute page 5350 on input l
ine 7770.
Package marginnote Info: right page because not two side mode on input line 777
0.
Package marginnote Info: xpos seems to be 74.45274pt on input line 7770.
Package marginnote Info: Margin note 5350.2 is on absolute page 5350 on input l
ine 7774.
Package marginnote Info: right page because not two side mode on input line 777
4.
Package marginnote Info: xpos seems to be 203.39865pt on input line 7774.
Package marginnote Info: Margin note 5350.3 is on absolute page 5350 on input l
ine 7826.
Package marginnote Info: right page because not two side mode on input line 782
6.
Package marginnote Info: xpos seems to be 83.60413pt on input line 7826.
Package marginnote Info: Margin note 5350.4 is on absolute page 5350 on input l
ine 7830.
Package marginnote Info: right page because not two side mode on input line 783
0.
Package marginnote Info: xpos seems to be 289.9142pt on input line 7830.
Package marginnote Info: Margin note 5350.5 is on absolute page 5350 on input l
ine 7834.
Package marginnote Info: right page because not two side mode on input line 783
4.
Package marginnote Info: xpos seems to be 36.135pt on input line 7834.
Package marginnote Info: Margin note 5350.6 is on absolute page 5350 on input l
ine 7838.
Package marginnote Info: right page because not two side mode on input line 783
8.
Package marginnote Info: xpos seems to be 205.12085pt on input line 7838.
Package marginnote Info: Margin note 5350.7 is on absolute page 5350 on input l
ine 7843.
Package marginnote Info: right page because not two side mode on input line 784
3.
Package marginnote Info: xpos seems to be 70.84294pt on input line 7843.
Package marginnote Info: Margin note 5350.8 is on absolute page 5350 on input l
ine 7847.
Package marginnote Info: right page because not two side mode on input line 784
7.
Package marginnote Info: xpos seems to be 309.46976pt on input line 7847.
Package marginnote Info: Margin note 5350.9 is on absolute page 5350 on input l
ine 7852.
Package marginnote Info: right page because not two side mode on input line 785
2.
Package marginnote Info: xpos seems to be 79.71225pt on input line 7852.
Package marginnote Info: Margin note 5350.10 is on absolute page 5350 on input 
line 7857.
Package marginnote Info: right page because not two side mode on input line 785
7.
Package marginnote Info: xpos seems to be 76.95467pt on input line 7857.
 [5350]
Package marginnote Info: Margin note 5351.1 is on absolute page 5351 on input l
ine 7905.
Package marginnote Info: right page because not two side mode on input line 790
5.
Package marginnote Info: xpos seems to be 102.86444pt on input line 7905.
Package marginnote Info: Margin note 5351.2 is on absolute page 5351 on input l
ine 7914.
Package marginnote Info: right page because not two side mode on input line 791
4.
Package marginnote Info: xpos seems to be 69.23483pt on input line 7914.
Package marginnote Info: Margin note 5351.3 is on absolute page 5351 on input l
ine 7923.
Package marginnote Info: right page because not two side mode on input line 792
3.
Package marginnote Info: xpos seems to be 97.6978pt on input line 7923.
Package marginnote Info: Margin note 5351.4 is on absolute page 5351 on input l
ine 7927.
Package marginnote Info: right page because not two side mode on input line 792
7.
Package marginnote Info: xpos seems to be 408.44937pt on input line 7927.
Package marginnote Info: Margin note 5351.5 is on absolute page 5351 on input l
ine 7932.
Package marginnote Info: right page because not two side mode on input line 793
2.
Package marginnote Info: xpos seems to be 95.28116pt on input line 7932.
Package marginnote Info: Margin note 5351.6 is on absolute page 5351 on input l
ine 7936.
Package marginnote Info: right page because not two side mode on input line 793
6.
Package marginnote Info: xpos seems to be 146.98174pt on input line 7936.
Package marginnote Info: Margin note 5351.7 is on absolute page 5351 on input l
ine 7941.
Package marginnote Info: right page because not two side mode on input line 794
1.
Package marginnote Info: xpos seems to be 77.3936pt on input line 7941.
Package marginnote Info: Margin note 5351.8 is on absolute page 5351 on input l
ine 7948.
Package marginnote Info: right page because not two side mode on input line 794
8.
Package marginnote Info: xpos seems to be 78.21776pt on input line 7948.
Package marginnote Info: Margin note 5351.9 is on absolute page 5351 on input l
ine 7952.
Package marginnote Info: right page because not two side mode on input line 795
2.
Package marginnote Info: xpos seems to be 400.91986pt on input line 7952.
Package marginnote Info: Margin note 5351.10 is on absolute page 5351 on input 
line 7957.
Package marginnote Info: right page because not two side mode on input line 795
7.
Package marginnote Info: xpos seems to be 76.98717pt on input line 7957.
Package marginnote Info: Margin note 5351.11 is on absolute page 5351 on input 
line 7962.
Package marginnote Info: right page because not two side mode on input line 796
2.
Package marginnote Info: xpos seems to be 77.48987pt on input line 7962.
Package marginnote Info: Margin note 5351.12 is on absolute page 5351 on input 
line 7967.
Package marginnote Info: right page because not two side mode on input line 796
7.
Package marginnote Info: xpos seems to be 95.23508pt on input line 7967.
Package marginnote Info: Margin note 5351.13 is on absolute page 5352 on input 
line 7972.
Package marginnote Info: right page because not two side mode on input line 797
2.
Package marginnote Info: xpos seems to be 96.61896pt on input line 7972.
 [5351]
Package marginnote Info: Margin note 5352.1 is on absolute page 5352 on input l
ine 7979.
Package marginnote Info: right page because not two side mode on input line 797
9.
Package marginnote Info: xpos seems to be 103.57031pt on input line 7979.
Package marginnote Info: Margin note 5352.2 is on absolute page 5352 on input l
ine 7983.
Package marginnote Info: right page because not two side mode on input line 798
3.
Package marginnote Info: xpos seems to be 308.04059pt on input line 7983.
Package marginnote Info: Margin note 5352.3 is on absolute page 5352 on input l
ine 7987.
Package marginnote Info: right page because not two side mode on input line 798
7.
Package marginnote Info: xpos seems to be 514.95612pt on input line 7987.
Package marginnote Info: Margin note 5352.4 is on absolute page 5352 on input l
ine 7991.
Package marginnote Info: right page because not two side mode on input line 799
1.
Package marginnote Info: xpos seems to be 114.2419pt on input line 7991.
Package marginnote Info: Margin note 5352.5 is on absolute page 5352 on input l
ine 7995.
Package marginnote Info: right page because not two side mode on input line 799
5.
Package marginnote Info: xpos seems to be 51.6847pt on input line 7995.
Package marginnote Info: Margin note 5352.6 is on absolute page 5352 on input l
ine 7999.
Package marginnote Info: right page because not two side mode on input line 799
9.
Package marginnote Info: xpos seems to be 373.51689pt on input line 7999.
Package marginnote Info: Margin note 5352.7 is on absolute page 5352 on input l
ine 8004.
Package marginnote Info: right page because not two side mode on input line 800
4.
Package marginnote Info: xpos seems to be 104.46599pt on input line 8004.
Package marginnote Info: Margin note 5352.8 is on absolute page 5352 on input l
ine 8008.
Package marginnote Info: right page because not two side mode on input line 800
8.
Package marginnote Info: xpos seems to be 225.83904pt on input line 8008.
Package marginnote Info: Margin note 5352.9 is on absolute page 5352 on input l
ine 8012.
Package marginnote Info: right page because not two side mode on input line 801
2.
Package marginnote Info: xpos seems to be 505.58649pt on input line 8012.
Package marginnote Info: Margin note 5352.10 is on absolute page 5352 on input 
line 8017.
Package marginnote Info: right page because not two side mode on input line 801
7.
Package marginnote Info: xpos seems to be 95.72908pt on input line 8017.
Package marginnote Info: Margin note 5352.11 is on absolute page 5352 on input 
line 8022.
Package marginnote Info: right page because not two side mode on input line 802
2.
Package marginnote Info: xpos seems to be 75.42711pt on input line 8022.
Package marginnote Info: Margin note 5352.12 is on absolute page 5353 on input 
line 8070.
Package marginnote Info: right page because not two side mode on input line 807
0.
Package marginnote Info: xpos seems to be 61.55399pt on input line 8070.
Package marginnote Info: Margin note 5352.13 is on absolute page 5353 on input 
line 8074.
Package marginnote Info: right page because not two side mode on input line 807
4.
Package marginnote Info: xpos seems to be 275.50833pt on input line 8074.
Package marginnote Info: Margin note 5352.14 is on absolute page 5353 on input 
line 8078.
Package marginnote Info: right page because not two side mode on input line 807
8.
Package marginnote Info: xpos seems to be 541.29953pt on input line 8078.
 [5352]
Package marginnote Info: Margin note 5353.1 is on absolute page 5353 on input l
ine 8130.
Package marginnote Info: right page because not two side mode on input line 813
0.
Package marginnote Info: xpos seems to be 60.39687pt on input line 8130.
Package marginnote Info: Margin note 5353.2 is on absolute page 5353 on input l
ine 8135.
Package marginnote Info: right page because not two side mode on input line 813
5.
Package marginnote Info: xpos seems to be 57.50372pt on input line 8135.
Package marginnote Info: Margin note 5353.3 is on absolute page 5353 on input l
ine 8140.
Package marginnote Info: right page because not two side mode on input line 814
0.
Package marginnote Info: xpos seems to be 57.00305pt on input line 8140.
Package marginnote Info: Margin note 5353.4 is on absolute page 5353 on input l
ine 8145.
Package marginnote Info: right page because not two side mode on input line 814
5.
Package marginnote Info: xpos seems to be 70.27641pt on input line 8145.
Package marginnote Info: Margin note 5353.5 is on absolute page 5353 on input l
ine 8152.
Package marginnote Info: right page because not two side mode on input line 815
2.
Package marginnote Info: xpos seems to be 69.90047pt on input line 8152.
Package marginnote Info: Margin note 5353.6 is on absolute page 5353 on input l
ine 8159.
Package marginnote Info: right page because not two side mode on input line 815
9.
Package marginnote Info: xpos seems to be 56.8783pt on input line 8159.
Package marginnote Info: Margin note 5353.7 is on absolute page 5353 on input l
ine 8163.
Package marginnote Info: right page because not two side mode on input line 816
3.
Package marginnote Info: xpos seems to be 320.19852pt on input line 8163.
Package marginnote Info: Margin note 5353.8 is on absolute page 5353 on input l
ine 8168.
Package marginnote Info: right page because not two side mode on input line 816
8.
Package marginnote Info: xpos seems to be 67.99115pt on input line 8168.
Package marginnote Info: Margin note 5353.9 is on absolute page 5353 on input l
ine 8173.
Package marginnote Info: right page because not two side mode on input line 817
3.
Package marginnote Info: xpos seems to be 57.00499pt on input line 8173.
Package marginnote Info: Margin note 5353.10 is on absolute page 5354 on input 
line 8182.
Package marginnote Info: right page because not two side mode on input line 818
2.
Package marginnote Info: xpos seems to be 57.23772pt on input line 8182.

[5353]
Package marginnote Info: Margin note 5354.1 is on absolute page 5354 on input l
ine 8191.
Package marginnote Info: right page because not two side mode on input line 819
1.
Package marginnote Info: xpos seems to be 64.17949pt on input line 8191.
Package marginnote Info: Margin note 5354.2 is on absolute page 5354 on input l
ine 8200.
Package marginnote Info: right page because not two side mode on input line 820
0.
Package marginnote Info: xpos seems to be 67.13167pt on input line 8200.
Package marginnote Info: Margin note 5354.3 is on absolute page 5354 on input l
ine 8205.
Package marginnote Info: right page because not two side mode on input line 820
5.
Package marginnote Info: xpos seems to be 68.30795pt on input line 8205.
Package marginnote Info: Margin note 5354.4 is on absolute page 5354 on input l
ine 8210.
Package marginnote Info: right page because not two side mode on input line 821
0.
Package marginnote Info: xpos seems to be 64.45479pt on input line 8210.
Package marginnote Info: Margin note 5354.5 is on absolute page 5354 on input l
ine 8261.
Package marginnote Info: right page because not two side mode on input line 826
1.
Package marginnote Info: xpos seems to be 85.3547pt on input line 8261.
Package marginnote Info: Margin note 5354.6 is on absolute page 5354 on input l
ine 8280.
Package marginnote Info: right page because not two side mode on input line 828
0.
Package marginnote Info: xpos seems to be 66.4901pt on input line 8280.
Package marginnote Info: Margin note 5354.7 is on absolute page 5354 on input l
ine 8284.
Package marginnote Info: right page because not two side mode on input line 828
4.
Package marginnote Info: xpos seems to be 375.12064pt on input line 8284.
Package marginnote Info: Margin note 5354.8 is on absolute page 5354 on input l
ine 8290.
Package marginnote Info: right page because not two side mode on input line 829
0.
Package marginnote Info: xpos seems to be 506.70117pt on input line 8290.
Package marginnote Info: Margin note 5354.9 is on absolute page 5355 on input l
ine 8304.
Package marginnote Info: right page because not two side mode on input line 830
4.
Package marginnote Info: xpos seems to be 73.74689pt on input line 8304.
 [5354]
Package marginnote Info: Margin note 5355.1 is on absolute page 5355 on input l
ine 8378.
Package marginnote Info: right page because not two side mode on input line 837
8.
Package marginnote Info: xpos seems to be 494.09062pt on input line 8378.
Package marginnote Info: Margin note 5355.2 is on absolute page 5355 on input l
ine 8385.
Package marginnote Info: right page because not two side mode on input line 838
5.
Package marginnote Info: xpos seems to be 530.79887pt on input line 8385.
Package marginnote Info: Margin note 5355.3 is on absolute page 5355 on input l
ine 8390.
Package marginnote Info: right page because not two side mode on input line 839
0.
Package marginnote Info: xpos seems to be 75.14989pt on input line 8390.
Package marginnote Info: Margin note 5355.4 is on absolute page 5355 on input l
ine 8395.
Package marginnote Info: right page because not two side mode on input line 839
5.
Package marginnote Info: xpos seems to be 70.67012pt on input line 8395.
Package marginnote Info: Margin note 5355.5 is on absolute page 5355 on input l
ine 8399.
Package marginnote Info: right page because not two side mode on input line 839
9.
Package marginnote Info: xpos seems to be 367.01866pt on input line 8399.
Package marginnote Info: Margin note 5355.6 is on absolute page 5355 on input l
ine 8403.
Package marginnote Info: right page because not two side mode on input line 840
3.
Package marginnote Info: xpos seems to be 512.2205pt on input line 8403.
Package marginnote Info: Margin note 5355.7 is on absolute page 5355 on input l
ine 8408.
Package marginnote Info: right page because not two side mode on input line 840
8.
Package marginnote Info: xpos seems to be 64.86804pt on input line 8408.
Package marginnote Info: Margin note 5355.8 is on absolute page 5356 on input l
ine 8412.
Package marginnote Info: right page because not two side mode on input line 841
2.
Package marginnote Info: xpos seems to be 132.824pt on input line 8412.
Package marginnote Info: Margin note 5355.9 is on absolute page 5356 on input l
ine 8416.
Package marginnote Info: right page because not two side mode on input line 841
6.
Package marginnote Info: xpos seems to be 463.85051pt on input line 8416.
Package marginnote Info: Margin note 5355.10 is on absolute page 5356 on input 
line 8420.
Package marginnote Info: right page because not two side mode on input line 842
0.
Package marginnote Info: xpos seems to be 177.10835pt on input line 8420.
 [5355]
Package marginnote Info: Margin note 5356.1 is on absolute page 5356 on input l
ine 8425.
Package marginnote Info: right page because not two side mode on input line 842
5.
Package marginnote Info: xpos seems to be 62.68964pt on input line 8425.
Package marginnote Info: Margin note 5356.2 is on absolute page 5356 on input l
ine 8429.
Package marginnote Info: right page because not two side mode on input line 842
9.
Package marginnote Info: xpos seems to be 280.30536pt on input line 8429.
Package marginnote Info: Margin note 5356.3 is on absolute page 5356 on input l
ine 8433.
Package marginnote Info: right page because not two side mode on input line 843
3.
Package marginnote Info: xpos seems to be 354.42851pt on input line 8433.
Package marginnote Info: Margin note 5356.4 is on absolute page 5356 on input l
ine 8438.
Package marginnote Info: right page because not two side mode on input line 843
8.
Package marginnote Info: xpos seems to be 69.75835pt on input line 8438.
Package marginnote Info: Margin note 5356.5 is on absolute page 5356 on input l
ine 8442.
Package marginnote Info: right page because not two side mode on input line 844
2.
Package marginnote Info: xpos seems to be 408.93797pt on input line 8442.
Package marginnote Info: Margin note 5356.6 is on absolute page 5356 on input l
ine 8446.
Package marginnote Info: right page because not two side mode on input line 844
6.
Package marginnote Info: xpos seems to be 181.39008pt on input line 8446.
Package marginnote Info: Margin note 5356.7 is on absolute page 5356 on input l
ine 8450.
Package marginnote Info: right page because not two side mode on input line 845
0.
Package marginnote Info: xpos seems to be 53.93556pt on input line 8450.
Package marginnote Info: Margin note 5356.8 is on absolute page 5356 on input l
ine 8455.
Package marginnote Info: right page because not two side mode on input line 845
5.
Package marginnote Info: xpos seems to be 56.1456pt on input line 8455.
Package marginnote Info: Margin note 5356.9 is on absolute page 5356 on input l
ine 8470.
Package marginnote Info: right page because not two side mode on input line 847
0.
Package marginnote Info: xpos seems to be 68.45467pt on input line 8470.
Package marginnote Info: Margin note 5356.10 is on absolute page 5356 on input 
line 8491.
Package marginnote Info: right page because not two side mode on input line 849
1.
Package marginnote Info: xpos seems to be 61.33961pt on input line 8491.
Package marginnote Info: Margin note 5356.11 is on absolute page 5356 on input 
line 8496.
Package marginnote Info: right page because not two side mode on input line 849
6.
Package marginnote Info: xpos seems to be 77.74638pt on input line 8496.
Package marginnote Info: Margin note 5356.12 is on absolute page 5356 on input 
line 8500.
Package marginnote Info: right page because not two side mode on input line 850
0.
Package marginnote Info: xpos seems to be 183.93748pt on input line 8500.
 [5356]
Package marginnote Info: Margin note 5357.1 is on absolute page 5357 on input l
ine 8510.
Package marginnote Info: right page because not two side mode on input line 851
0.
Package marginnote Info: xpos seems to be 77.03992pt on input line 8510.
Package marginnote Info: Margin note 5357.2 is on absolute page 5357 on input l
ine 8514.
Package marginnote Info: right page because not two side mode on input line 851
4.
Package marginnote Info: xpos seems to be 530.69376pt on input line 8514.
Package marginnote Info: Margin note 5357.3 is on absolute page 5357 on input l
ine 8518.
Package marginnote Info: right page because not two side mode on input line 851
8.
Package marginnote Info: xpos seems to be 304.68031pt on input line 8518.
Package marginnote Info: Margin note 5357.4 is on absolute page 5357 on input l
ine 8522.
Package marginnote Info: right page because not two side mode on input line 852
2.
Package marginnote Info: xpos seems to be 236.50768pt on input line 8522.
Package marginnote Info: Margin note 5357.5 is on absolute page 5357 on input l
ine 8526.
Package marginnote Info: right page because not two side mode on input line 852
6.
Package marginnote Info: xpos seems to be 132.59094pt on input line 8526.
Package marginnote Info: Margin note 5357.6 is on absolute page 5357 on input l
ine 8531.
Package marginnote Info: right page because not two side mode on input line 853
1.
Package marginnote Info: xpos seems to be 71.85265pt on input line 8531.
Package marginnote Info: Margin note 5357.7 is on absolute page 5357 on input l
ine 8535.
Package marginnote Info: right page because not two side mode on input line 853
5.
Package marginnote Info: xpos seems to be 445.13034pt on input line 8535.
Package marginnote Info: Margin note 5357.8 is on absolute page 5357 on input l
ine 8539.
Package marginnote Info: right page because not two side mode on input line 853
9.
Package marginnote Info: xpos seems to be 150.54613pt on input line 8539.
Package marginnote Info: Margin note 5357.9 is on absolute page 5357 on input l
ine 8544.
Package marginnote Info: right page because not two side mode on input line 854
4.
Package marginnote Info: xpos seems to be 65.42468pt on input line 8544.
Package marginnote Info: Margin note 5357.10 is on absolute page 5357 on input 
line 8549.
Package marginnote Info: right page because not two side mode on input line 854
9.
Package marginnote Info: xpos seems to be 70.8747pt on input line 8549.
Package marginnote Info: Margin note 5357.11 is on absolute page 5357 on input 
line 8553.
Package marginnote Info: right page because not two side mode on input line 855
3.
Package marginnote Info: xpos seems to be 297.03008pt on input line 8553.
Package marginnote Info: Margin note 5357.12 is on absolute page 5357 on input 
line 8558.
Package marginnote Info: right page because not two side mode on input line 855
8.
Package marginnote Info: xpos seems to be 75.69704pt on input line 8558.
Package marginnote Info: Margin note 5357.13 is on absolute page 5357 on input 
line 8562.
Package marginnote Info: right page because not two side mode on input line 856
2.
Package marginnote Info: xpos seems to be 106.89267pt on input line 8562.
Package marginnote Info: Margin note 5357.14 is on absolute page 5357 on input 
line 8566.
Package marginnote Info: right page because not two side mode on input line 856
6.
Package marginnote Info: xpos seems to be 566.88011pt on input line 8566.
 [5357]
Package marginnote Info: Margin note 5358.1 is on absolute page 5358 on input l
ine 8571.
Package marginnote Info: right page because not two side mode on input line 857
1.
Package marginnote Info: xpos seems to be 57.26167pt on input line 8571.
Package marginnote Info: Margin note 5358.2 is on absolute page 5358 on input l
ine 8576.
Package marginnote Info: right page because not two side mode on input line 857
6.
Package marginnote Info: xpos seems to be 74.05441pt on input line 8576.
Package marginnote Info: Margin note 5358.3 is on absolute page 5358 on input l
ine 8581.
Package marginnote Info: right page because not two side mode on input line 858
1.
Package marginnote Info: xpos seems to be 70.6975pt on input line 8581.
Package marginnote Info: Margin note 5358.4 is on absolute page 5359 on input l
ine 8697.
Package marginnote Info: right page because not two side mode on input line 869
7.
Package marginnote Info: xpos seems to be 227.3082pt on input line 8697.
Package marginnote Info: Margin note 5358.5 is on absolute page 5359 on input l
ine 8701.
Package marginnote Info: right page because not two side mode on input line 870
1.
Package marginnote Info: xpos seems to be 36.135pt on input line 8701.
 [5358]
Package marginnote Info: Margin note 5359.1 is on absolute page 5359 on input l
ine 8749.
Package marginnote Info: right page because not two side mode on input line 874
9.
Package marginnote Info: xpos seems to be 239.34332pt on input line 8749.


LaTeX Font Warning: Font shape `T1/ppl/m/scit' undefined
(Font)              using `T1/ppl/m/it' instead on input line 8749.

Package marginnote Info: Margin note 5359.2 is on absolute page 5359 on input l
ine 8775.
Package marginnote Info: right page because not two side mode on input line 877
5.
Package marginnote Info: xpos seems to be 56.94139pt on input line 8775.
Package marginnote Info: Margin note 5359.3 is on absolute page 5359 on input l
ine 8779.
Package marginnote Info: right page because not two side mode on input line 877
9.
Package marginnote Info: xpos seems to be 290.7414pt on input line 8779.
Package marginnote Info: Margin note 5359.4 is on absolute page 5359 on input l
ine 8783.
Package marginnote Info: right page because not two side mode on input line 878
3.
Package marginnote Info: xpos seems to be 552.55827pt on input line 8783.
Package marginnote Info: Margin note 5359.5 is on absolute page 5360 on input l
ine 8788.
Package marginnote Info: right page because not two side mode on input line 878
8.
Package marginnote Info: xpos seems to be 62.70396pt on input line 8788.
Package marginnote Info: Margin note 5359.6 is on absolute page 5360 on input l
ine 8793.
Package marginnote Info: right page because not two side mode on input line 879
3.
Package marginnote Info: xpos seems to be 71.27301pt on input line 8793.
[5359]
Package marginnote Info: Margin note 5360.1 is on absolute page 5360 on input l
ine 8798.
Package marginnote Info: right page because not two side mode on input line 879
8.
Package marginnote Info: xpos seems to be 86.53307pt on input line 8798.
Package marginnote Info: Margin note 5360.2 is on absolute page 5360 on input l
ine 8802.
Package marginnote Info: right page because not two side mode on input line 880
2.
Package marginnote Info: xpos seems to be 247.63835pt on input line 8802.
Package marginnote Info: Margin note 5360.3 is on absolute page 5360 on input l
ine 8807.
Package marginnote Info: right page because not two side mode on input line 880
7.
Package marginnote Info: xpos seems to be 67.34366pt on input line 8807.
Package marginnote Info: Margin note 5360.4 is on absolute page 5360 on input l
ine 8814.
Package marginnote Info: right page because not two side mode on input line 881
4.
Package marginnote Info: xpos seems to be 68.74573pt on input line 8814.
Package marginnote Info: Margin note 5360.5 is on absolute page 5360 on input l
ine 8819.
Package marginnote Info: right page because not two side mode on input line 881
9.
Package marginnote Info: xpos seems to be 77.29738pt on input line 8819.
Package marginnote Info: Margin note 5360.6 is on absolute page 5360 on input l
ine 8823.
Package marginnote Info: right page because not two side mode on input line 882
3.
Package marginnote Info: xpos seems to be 286.10497pt on input line 8823.
Package marginnote Info: Margin note 5360.7 is on absolute page 5360 on input l
ine 8828.
Package marginnote Info: right page because not two side mode on input line 882
8.
Package marginnote Info: xpos seems to be 74.69888pt on input line 8828.
Package marginnote Info: Margin note 5360.8 is on absolute page 5360 on input l
ine 8833.
Package marginnote Info: right page because not two side mode on input line 883
3.
Package marginnote Info: xpos seems to be 57.58606pt on input line 8833.
Package marginnote Info: Margin note 5360.9 is on absolute page 5360 on input l
ine 8838.
Package marginnote Info: right page because not two side mode on input line 883
8.
Package marginnote Info: xpos seems to be 57.53368pt on input line 8838.
Package marginnote Info: Margin note 5360.10 is on absolute page 5361 on input 
line 8842.
Package marginnote Info: right page because not two side mode on input line 884
2.
Package marginnote Info: xpos seems to be 431.11697pt on input line 8842.
 [5360]
Package marginnote Info: Margin note 5361.1 is on absolute page 5361 on input l
ine 8847.
Package marginnote Info: right page because not two side mode on input line 884
7.
Package marginnote Info: xpos seems to be 73.8653pt on input line 8847.
Package marginnote Info: Margin note 5361.2 is on absolute page 5361 on input l
ine 8851.
Package marginnote Info: right page because not two side mode on input line 885
1.
Package marginnote Info: xpos seems to be 499.42519pt on input line 8851.
Package marginnote Info: Margin note 5361.3 is on absolute page 5361 on input l
ine 8856.
Package marginnote Info: right page because not two side mode on input line 885
6.
Package marginnote Info: xpos seems to be 70.84804pt on input line 8856.
Package marginnote Info: Margin note 5361.4 is on absolute page 5361 on input l
ine 8861.
Package marginnote Info: right page because not two side mode on input line 886
1.
Package marginnote Info: xpos seems to be 76.09811pt on input line 8861.
Package marginnote Info: Margin note 5361.5 is on absolute page 5361 on input l
ine 8865.
Package marginnote Info: right page because not two side mode on input line 886
5.
Package marginnote Info: xpos seems to be 337.16763pt on input line 8865.
Package marginnote Info: Margin note 5361.6 is on absolute page 5361 on input l
ine 8869.
Package marginnote Info: right page because not two side mode on input line 886
9.
Package marginnote Info: xpos seems to be 443.9744pt on input line 8869.
Package marginnote Info: Margin note 5361.7 is on absolute page 5361 on input l
ine 8874.
Package marginnote Info: right page because not two side mode on input line 887
4.
Package marginnote Info: xpos seems to be 69.12526pt on input line 8874.
Package marginnote Info: Margin note 5361.8 is on absolute page 5361 on input l
ine 8878.
Package marginnote Info: right page because not two side mode on input line 887
8.
Package marginnote Info: xpos seems to be 412.54707pt on input line 8878.
Package marginnote Info: Margin note 5361.9 is on absolute page 5361 on input l
ine 8883.
Package marginnote Info: right page because not two side mode on input line 888
3.
Package marginnote Info: xpos seems to be 61.48439pt on input line 8883.
Package marginnote Info: Margin note 5361.10 is on absolute page 5361 on input 
line 8888.
Package marginnote Info: right page because not two side mode on input line 888
8.
Package marginnote Info: xpos seems to be 56.92131pt on input line 8888.
Package marginnote Info: Margin note 5361.11 is on absolute page 5361 on input 
line 8893.
Package marginnote Info: right page because not two side mode on input line 889
3.
Package marginnote Info: xpos seems to be 56.84511pt on input line 8893.
Package marginnote Info: Margin note 5361.12 is on absolute page 5361 on input 
line 8897.
Package marginnote Info: right page because not two side mode on input line 889
7.
Package marginnote Info: xpos seems to be 166.78085pt on input line 8897.
Package marginnote Info: Margin note 5361.13 is on absolute page 5361 on input 
line 8902.
Package marginnote Info: right page because not two side mode on input line 890
2.
Package marginnote Info: xpos seems to be 100.00674pt on input line 8902.
Package marginnote Info: Margin note 5361.14 is on absolute page 5362 on input 
line 8908.
Package marginnote Info: right page because not two side mode on input line 890
8.
Package marginnote Info: xpos seems to be 241.50316pt on input line 8908.
 [5361]
Package marginnote Info: Margin note 5362.1 is on absolute page 5362 on input l
ine 8978.
Package marginnote Info: right page because not two side mode on input line 897
8.
Package marginnote Info: xpos seems to be 92.54178pt on input line 8978.
Package marginnote Info: Margin note 5362.2 is on absolute page 5362 on input l
ine 8985.
Package marginnote Info: right page because not two side mode on input line 898
5.
Package marginnote Info: xpos seems to be 85.30168pt on input line 8985.
Package marginnote Info: Margin note 5362.3 is on absolute page 5362 on input l
ine 8994.
Package marginnote Info: right page because not two side mode on input line 899
4.
Package marginnote Info: xpos seems to be 65.30492pt on input line 8994.
Package marginnote Info: Margin note 5362.4 is on absolute page 5363 on input l
ine 9050.
Package marginnote Info: right page because not two side mode on input line 905
0.
Package marginnote Info: xpos seems to be 77.24263pt on input line 9050.
Package marginnote Info: Margin note 5362.5 is on absolute page 5363 on input l
ine 9054.
Package marginnote Info: right page because not two side mode on input line 905
4.
Package marginnote Info: xpos seems to be 91.32805pt on input line 9054.
 [5362]
Package marginnote Info: Margin note 5363.1 is on absolute page 5363 on input l
ine 9101.
Package marginnote Info: right page because not two side mode on input line 910
1.
Package marginnote Info: xpos seems to be 56.135pt on input line 9101.
Package marginnote Info: Margin note 5363.2 is on absolute page 5363 on input l
ine 9107.
Package marginnote Info: right page because not two side mode on input line 910
7.
Package marginnote Info: xpos seems to be 564.38733pt on input line 9107.
Package marginnote Info: Margin note 5363.3 is on absolute page 5363 on input l
ine 9112.
Package marginnote Info: right page because not two side mode on input line 911
2.
Package marginnote Info: xpos seems to be 93.75397pt on input line 9112.
Package marginnote Info: Margin note 5363.4 is on absolute page 5363 on input l
ine 9117.
Package marginnote Info: right page because not two side mode on input line 911
7.
Package marginnote Info: xpos seems to be 83.52951pt on input line 9117.
Package marginnote Info: Margin note 5363.5 is on absolute page 5363 on input l
ine 9122.
Package marginnote Info: right page because not two side mode on input line 912
2.
Package marginnote Info: xpos seems to be 62.72456pt on input line 9122.
Package marginnote Info: Margin note 5363.6 is on absolute page 5363 on input l
ine 9126.
Package marginnote Info: right page because not two side mode on input line 912
6.
Package marginnote Info: xpos seems to be 178.51428pt on input line 9126.
Package marginnote Info: Margin note 5363.7 is on absolute page 5363 on input l
ine 9131.
Package marginnote Info: right page because not two side mode on input line 913
1.
Package marginnote Info: xpos seems to be 75.795pt on input line 9131.
Package marginnote Info: Margin note 5363.8 is on absolute page 5364 on input l
ine 9137.
Package marginnote Info: right page because not two side mode on input line 913
7.
Package marginnote Info: xpos seems to be 464.34863pt on input line 9137.
Package marginnote Info: Margin note 5363.9 is on absolute page 5364 on input l
ine 9142.
Package marginnote Info: right page because not two side mode on input line 914
2.
Package marginnote Info: xpos seems to be 80.0514pt on input line 9142.
Package marginnote Info: Margin note 5363.10 is on absolute page 5364 on input 
line 9146.
Package marginnote Info: right page because not two side mode on input line 914
6.
Package marginnote Info: xpos seems to be 532.3368pt on input line 9146.
 [5363]
Package marginnote Info: Margin note 5364.1 is on absolute page 5364 on input l
ine 9202.
Package marginnote Info: right page because not two side mode on input line 920
2.
Package marginnote Info: xpos seems to be 249.6777pt on input line 9202.
Package marginnote Info: Margin note 5364.2 is on absolute page 5364 on input l
ine 9214.
Package marginnote Info: right page because not two side mode on input line 921
4.
Package marginnote Info: xpos seems to be 70.60005pt on input line 9214.
Package marginnote Info: Margin note 5364.3 is on absolute page 5364 on input l
ine 9218.
Package marginnote Info: right page because not two side mode on input line 921
8.
Package marginnote Info: xpos seems to be 558.34021pt on input line 9218.
Package marginnote Info: Margin note 5364.4 is on absolute page 5364 on input l
ine 9222.
Package marginnote Info: right page because not two side mode on input line 922
2.
Package marginnote Info: xpos seems to be 180.22551pt on input line 9222.
Package marginnote Info: Margin note 5364.5 is on absolute page 5364 on input l
ine 9226.
Package marginnote Info: right page because not two side mode on input line 922
6.
Package marginnote Info: xpos seems to be 401.39159pt on input line 9226.
Package marginnote Info: Margin note 5364.6 is on absolute page 5364 on input l
ine 9230.
Package marginnote Info: right page because not two side mode on input line 923
0.
Package marginnote Info: xpos seems to be 140.62279pt on input line 9230.
Package marginnote Info: Margin note 5364.7 is on absolute page 5365 on input l
ine 9235.
Package marginnote Info: right page because not two side mode on input line 923
5.
Package marginnote Info: xpos seems to be 101.62428pt on input line 9235.
 [5364]
Package marginnote Info: Margin note 5365.1 is on absolute page 5365 on input l
ine 9244.
Package marginnote Info: right page because not two side mode on input line 924
4.
Package marginnote Info: xpos seems to be 88.91159pt on input line 9244.
Package marginnote Info: Margin note 5365.2 is on absolute page 5365 on input l
ine 9306.
Package marginnote Info: right page because not two side mode on input line 930
6.
Package marginnote Info: xpos seems to be 82.64473pt on input line 9306.
Package marginnote Info: Margin note 5365.3 is on absolute page 5365 on input l
ine 9313.
Package marginnote Info: right page because not two side mode on input line 931
3.
Package marginnote Info: xpos seems to be 74.0247pt on input line 9313.
)
(./gospel_early_mormon_sources_1852.tex [5365])
(./gospel_early_mormon_sources_1854.tex [5366

] [5367

] [5368])
(./gospel_early_mormon_sources_1856.tex [5369])
(./gospel_early_mormon_sources_1859.tex [5370

] [5371

] [5372] [5373])
(./gospel_early_mormon_sources_1864.tex [5374] [5375

] [5376])
(./gospel_early_mormon_sources_1865.tex [5377

] [5378])
(./gospel_early_mormon_sources_1866.tex)
(./gospel_early_mormon_sources_1867.tex [5379

] [5380])
(./gospel_early_mormon_sources_1873.tex [5381

] [5382])
(./gospel_early_mormon_sources_1877.tex [5383

] [5384

] [5385])
(./gospel_early_mormon_sources_docs.tex [5386]
(./gospel_early_mormon_sources_first_vision.tex
Underfull \hbox (badness 7832) in paragraph at lines 60--61
\T1/ppl/m/n/5 (+20) of Je-sus Chist the
 []


Underfull \hbox (badness 1062) in paragraph at lines 60--61
\T1/ppl/m/n/5 (+20) the re-cep-tion of the
 []


Underfull \hbox (badness 5519) in paragraph at lines 60--61
\T1/ppl/m/n/5 (+20) the Law and com-
 []


Underfull \hbox (badness 2818) in paragraph at lines 60--61
\T1/ppl/m/n/5 (+20) mand-ments as they
 []


Underfull \hbox (badness 6380) in paragraph at lines 60--61
\T1/ppl/m/n/5 (+20) high Priest-hood af-
 []


Underfull \hbox (badness 4608) in paragraph at lines 60--61
\T1/ppl/m/n/5 (+20) con-fered upon him
 []


Underfull \hbox (badness 1721) in paragraph at lines 65--66
[]|\T1/ppl/m/n/5 (+20) While sit-ting in his
 []


Underfull \hbox (badness 2884) in paragraph at lines 65--66
\T1/ppl/m/n/5 (+20) house this morn-ing
 []


Underfull \hbox (badness 10000) in paragraph at lines 65--66
\T1/ppl/m/n/5 (+20) be-tween the hours
 []


Underfull \hbox (badness 6641) in paragraph at lines 65--66
\T1/ppl/m/n/5 (+20) of ten and eleven,
 []


Underfull \hbox (badness 10000) in paragraph at lines 65--66
\T1/ppl/m/n/5 (+20) a man came in
 []


Underfull \hbox (badness 10000) in paragraph at lines 65--66
\T1/ppl/m/n/5 (+20) and in-tro-duced
 []


Underfull \hbox (badness 3525) in paragraph at lines 65--66
\T1/ppl/m/n/5 (+20) him-self Joshua, the
 []


Underfull \hbox (badness 10000) in paragraph at lines 65--66
\T1/ppl/m/n/5 (+20) ap-pear-ance was
 []


Underfull \hbox (badness 10000) in paragraph at lines 65--66
\T1/ppl/m/n/5 (+20) some-thing sin-gu-lar,
 []


Underfull \hbox (badness 1748) in paragraph at lines 65--66
\T1/ppl/m/n/5 (+20) which is quite grey.
 []


Underfull \hbox (badness 10000) in paragraph at lines 65--66
\T1/ppl/m/n/5 (+20) and con-sid-er-ably
 []


Underfull \hbox (badness 2269) in paragraph at lines 65--66
\T1/ppl/m/n/5 (+20) had the ap-pear-ance
 []


Underfull \hbox (badness 2126) in paragraph at lines 65--66
\T1/ppl/m/n/5 (+20) of a man about 50
 []


Underfull \hbox (badness 2495) in paragraph at lines 65--66
\T1/ppl/m/n/5 (+20) slen-der frame, blue
 []


Underfull \hbox (badness 2865) in paragraph at lines 65--66
\T1/ppl/m/n/5 (+20) wore a green frock
 []


Underfull \hbox (badness 10000) in paragraph at lines 65--66
\T1/ppl/m/n/5 (+20) When speak-ing he
 []


Underfull \hbox (badness 1668) in paragraph at lines 65--66
\T1/ppl/m/n/5 (+20) fre-quently shuts his
 []


Underfull \hbox (badness 1796) in paragraph at lines 65--66
\T1/ppl/m/n/5 (+20) eyes and ex-hibits a
 []


Underfull \hbox (badness 1024) in paragraph at lines 65--66
\T1/ppl/m/n/5 (+20) kind of scowl upon
 []


Underfull \hbox (badness 10000) in paragraph at lines 65--66
\T1/ppl/m/n/5 (+20) in-quiry af-ter his
 []


Underfull \hbox (badness 1199) in paragraph at lines 65--66
\T1/ppl/m/n/5 (+20) name, but, re-ceived
 []


Underfull \hbox (badness 8094) in paragraph at lines 65--66
\T1/ppl/m/n/5 (+20) no def-i-nite an-swer.
 []


Underfull \hbox (badness 10000) in paragraph at lines 65--66
\T1/ppl/m/n/5 (+20) The con-ver-sa-tion
 []


Underfull \hbox (badness 7133) in paragraph at lines 65--66
\T1/ppl/m/n/5 (+20) sub-ject of Re-li-gion,
 []


Underfull \hbox (badness 10000) in paragraph at lines 65--66
\T1/ppl/m/n/5 (+20) him a re-la-tion of
 []


Underfull \hbox (badness 10000) in paragraph at lines 65--66
\T1/ppl/m/n/5 (+20) the cir-cum-stances,
 []


Underfull \hbox (badness 4954) in paragraph at lines 65--66
\T1/ppl/m/n/5 (+20) con-nected with the
 []


Underfull \hbox (badness 1158) in paragraph at lines 65--66
\T1/ppl/m/n/5 (+20) com-ing forth of the
 []


Underfull \hbox (badness 10000) in paragraph at lines 65--66
\T1/ppl/m/n/5 (+20) Book of Mor-mon,
 []


Underfull \hbox (badness 1024) in paragraph at lines 70--71
[]|\T1/ppl/m/n/5 (+20) Owing to the many
 []


Underfull \hbox (badness 3769) in paragraph at lines 70--71
\T1/ppl/m/n/5 (+20) re-ports which have
 []


Underfull \hbox (badness 3989) in paragraph at lines 70--71
\T1/ppl/m/n/5 (+20) re-la-tion to the rise
 []


Underfull \hbox (badness 1178) in paragraph at lines 70--71
\T1/ppl/m/n/5 (+20) and progress of the
 []


Underfull \hbox (badness 10000) in paragraph at lines 70--71
\T1/ppl/m/n/5 (+20) Church of <Je-sus
 []


Underfull \hbox (badness 1418) in paragraph at lines 70--71
\T1/ppl/m/n/5 (+20) Saints, all of which
 []


Underfull \hbox (badness 1603) in paragraph at lines 70--71
\T1/ppl/m/n/5 (+20) have been de-signed
 []


Underfull \hbox (badness 1635) in paragraph at lines 70--71
\T1/ppl/m/n/5 (+20) world; I have been
 []


Underfull \hbox (badness 5475) in paragraph at lines 70--71
\T1/ppl/m/n/5 (+20) his-tory to dis-abuse
 []


Underfull \hbox (badness 2065) in paragraph at lines 70--71
\T1/ppl/m/n/5 (+20) both to my-self and
 []


Underfull \hbox (badness 4467) in paragraph at lines 72--73
\T1/ppl/m/n/5 (+20) present the var-i-ous
 []


Underfull \hbox (badness 5667) in paragraph at lines 72--73
\T1/ppl/m/n/5 (+20) or-ga-ni-za-tion of the
 []


Underfull \hbox (badness 10000) in paragraph at lines 82--83
\T1/ppl/m/n/5 (+20) John Went-worth,
 []


Underfull \hbox (badness 10000) in paragraph at lines 82--83
\T1/ppl/m/n/5 (+20) of the ``Chicago
 []


Underfull \hbox (badness 8132) in paragraph at lines 82--83
\T1/ppl/m/n/5 (+20) Demo-crat,'' I have
 []


Underfull \hbox (badness 10000) in paragraph at lines 82--83
\T1/ppl/m/n/5 (+20) sketch of the rise,
 []


Underfull \hbox (badness 10000) in paragraph at lines 82--83
\T1/ppl/m/n/5 (+20) and faith of the
 []


Underfull \hbox (badness 10000) in paragraph at lines 82--83
\T1/ppl/m/n/5 (+20) Latter-Day Saints,
 []


Underfull \hbox (badness 2326) in paragraph at lines 82--83
\T1/ppl/m/n/5 (+20) the his-tory of New
 []


Underfull \hbox (badness 2253) in paragraph at lines 82--83
\T1/ppl/m/n/5 (+20) doc-u-ment. As Mr.
 []


Underfull \hbox (badness 10000) in paragraph at lines 82--83
\T1/ppl/m/n/5 (+20) cor-rect in-for-ma-tion
 []


Underfull \hbox (badness 2376) in paragraph at lines 82--83
\T1/ppl/m/n/5 (+20) pub-lish the ac-count
 []


Underfull \hbox (badness 6063) in paragraph at lines 82--83
\T1/ppl/m/n/5 (+20) en-tire, un-gar-nished,
 []


Underfull \hbox (badness 10000) in paragraph at lines 82--83
\T1/ppl/m/n/5 (+20) and with-out
 []


Underfull \hbox (badness 2057) in paragraph at lines 102--103
\T1/ppl/m/n/5 (+20) Christ of Latter-day
 []


Underfull \hbox (badness 10000) in paragraph at lines 102--103
\T1/ppl/m/n/5 (+20) Saints was first
 []


Underfull \hbox (badness 10000) in paragraph at lines 102--103
\T1/ppl/m/n/5 (+20) or-ga-nized in the
 []


Underfull \hbox (badness 10000) in paragraph at lines 102--103
\T1/ppl/m/n/5 (+20) On-tario County,
 []


Underfull \hbox (badness 2980) in paragraph at lines 102--103
\T1/ppl/m/n/5 (+20) State of New York,
 []


Underfull \hbox (badness 2452) in paragraph at lines 102--103
\T1/ppl/m/n/5 (+20) Pre-vi-ous to this an
 []


Underfull \hbox (badness 3078) in paragraph at lines 102--103
\T1/ppl/m/n/5 (+20) unto a young man
 []


Underfull \hbox (badness 10000) in paragraph at lines 102--103
\T1/ppl/m/n/5 (+20) and com-mu-ni-cated
 []


Underfull \hbox (badness 10000) in paragraph at lines 102--103
\T1/ppl/m/n/5 (+20) unto him many
 []


Underfull \hbox (badness 1708) in paragraph at lines 102--103
\T1/ppl/m/n/5 (+20) things per-tain-ing to
 []


Underfull \hbox (badness 2042) in paragraph at lines 102--103
\T1/ppl/m/n/5 (+20) the sit-u-a-tion of the
 []


Underfull \hbox (badness 1527) in paragraph at lines 102--103
\T1/ppl/m/n/5 (+20) re-li-gious world, the
 []


Underfull \hbox (badness 3514) in paragraph at lines 102--103
\T1/ppl/m/n/5 (+20) church or-ga-ni-za-tion,
 []


Underfull \hbox (badness 1735) in paragraph at lines 102--103
\T1/ppl/m/n/5 (+20) and un-folded many
 []


Underfull \hbox (badness 10000) in paragraph at lines 102--103
\T1/ppl/m/n/5 (+20) events that should
 []


Underfull \hbox (badness 1067) in paragraph at lines 102--103
\T1/ppl/m/n/5 (+20) tran-spire in the last
 []


Overfull \hbox (4.50119pt too wide) in paragraph at lines 54--112
[] 
 []

[5387

] [5388]))) (./gospel_timeline.tex [5389]
Package microtype Info: Loading generic protrusion settings for font family
(microtype)             `cmss' (encoding: T1).
(microtype)             For optimal results, create family-specific settings.
(microtype)             See the microtype manual for details.

Overfull \hbox (27.47272pt too wide) in paragraph at lines 8--8
[][][] [][][] [][][] [][][] [][][] [][][] [][][] [][][] [][][] [][][] [][][] []
[][]
 []

(./gospel_timeline_1827.tex
Underfull \hbox (badness 10000) in paragraph at lines 12--12
[][][][] [][][] [][][] [][][] [][][]
 []

) (./gospel_timeline_1833.tex [5390

{c:/texlive/2026/texmf-dist/fonts/enc/dvips/cm-super/cm-super-t1.enc}]) (./gosp
el_timeline_1840.tex [5391]))
(./gospel_concepts.tex [5392] (./gospel_concepts_accountability.tex [5393


])
(./gospel_concepts_adam.tex [5394]

Package hyperref Warning: Difference (2) between bookmark levels is greater 
(hyperref)                than one, level fixed on input line 153.


LaTeX Warning: Hyper reference `DC84:16' on page 5395 undefined on input line 1
62.

) (./gospel_concepts_adam-god.tex [5395

]

LaTeX Warning: Hyper reference `MORMOM-3-20' on page 5396 undefined on input li
ne 147.

[5396

] [5397]) (./gospel_concepts_adamic_language.tex [5398])
(./gospel_concepts_adoption.tex [5399

]) (./gospel_concepts_adultery.tex
[5400

]) (./gospel_concepts_advocate.tex [5401

] [5402

])
(./gospel_concepts_affix.tex [5403]) (./gospel_concepts_again.tex [5404

]

LaTeX Font Warning: Font shape `LGR/ppl/m/it' undefined
(Font)              using `LGR/ppl/m/n' instead on input line 127.

) (./gospel_concepts_agency.tex [5405

] [5406

] [5407] [5408])
(./gospel_concepts_anointing.tex [5409]) (./gospel_concepts_angel.tex [5410

])
(./gospel_concepts_answer.tex [5411

]) (./gospel_concepts_antichrist.tex
[5412

]) (./gospel_concepts_ask.tex [5413

]) (./gospel_concepts_atonement.tex
[5414

] [5415

] [5416] [5417] [5418]) (./gospel_concepts_aught.tex [5419])
(./gospel_concepts_authority.tex [5420

]) (./gospel_concepts_baptism.tex
[5421

] [5422

]) (./gospel_concepts_baptism_dead.tex [5423])
(./gospel_concepts_belief.tex [5424

]) (./gospel_concepts_blessing.tex [5425

])
(./gospel_concepts_blood.tex [5426

]) (./gospel_concepts_book_of_abraham.tex
[5427

] [5428

]) (./gospel_concepts_bosom.tex [5429] [5430

])
(./gospel_concepts_bowels.tex [5431] [5432

]) (./gospel_concepts_bread.tex
[5433]) (./gospel_concepts_buffet.tex [5434

]

Package hyperref Warning: Difference (2) between bookmark levels is greater 
(hyperref)                than one, level fixed on input line 48.

[5435

]) (./gospel_concepts_carnal.tex [5436]) (./gospel_concepts_cats.tex
[5437

]) (./gospel_concepts_cause.tex [5438

]) (./gospel_concepts_certainty.tex
[5439

]) (./gospel_concepts_charity.tex [5440

]) (./gospel_concepts_christ.tex
[5441

]

LaTeX Warning: Hyper reference `1NEPHI-22-12' on page 5442 undefined on input l
ine 285.

[5442

]

LaTeX Warning: Hyper reference `2CORINTIHANS-5' on page 5443 undefined on input
 line 308.

) (./gospel_concepts_church.tex [5443]) (./gospel_concepts_compound.tex
[5444

]) (./gospel_concepts_comforter.tex [5445

] [5446

] [5447])
(./gospel_concepts_comprehend.tex [5448] [5449

])
(./gospel_concepts_condemnation.tex [5450]

Package hyperref Warning: Difference (2) between bookmark levels is greater 
(hyperref)                than one, level fixed on input line 198.

) (./gospel_concepts_condescension.tex [5451

] [5452

])
(./gospel_concepts_condition.tex [5453] [5454

] [5455] [5456])
(./gospel_concepts_consecration.tex [5457] [5458

])
(./gospel_concepts_contrite.tex [5459] [5460

])
(./gospel_concepts_corruption.tex [5461] [5462

] [5463] [5464])
(./gospel_concepts_count.tex [5465]) (./gospel_concepts_covenant.tex [5466

]
[5467

]

LaTeX Font Warning: Font shape `U/cjheb/b/n' undefined
(Font)              using `U/cjheb/m/n' instead on input line 105.

[5468] [5469] [5470] [5471] [5472] [5473] [5474]) (./gospel_concepts_covet.tex
[5475]) (./gospel_concepts_creation.tex [5476

]

Package hyperref Warning: Difference (2) between bookmark levels is greater 
(hyperref)                than one, level fixed on input line 70.

) (./gospel_concepts_curse.tex [5477

]) (./gospel_concepts_damnation.tex
[5478

] [5479

] [5480] [5481]) (./gospel_concepts_darkness.tex [5482])
(./gospel_concepts_day.tex [5483

]) (./gospel_concepts_death.tex [5484

])
(./gospel_concepts_degree.tex [5485

]) (./gospel_concepts_deny.tex [5486

])
(./gospel_concepts_devilish.tex [5487

]) (./gospel_concepts_doom.tex [5488

])
(./gospel_concepts_dust.tex [5489

]) (./gospel_concepts_earnest.tex [5490

]
[5491

]) (./gospel_concepts_edification.tex [5492] [5493

] [5494] [5495] [5496])
(./gospel_concepts_election.tex [5497] [5498

] [5499] [5500] [5501])
(./gospel_concepts_element.tex [5502]) (./gospel_concepts_elias.tex [5503

]

LaTeX Warning: Hyper reference `LCHRIST-088-MT' on page 5504 undefined on input
 line 248.

) (./gospel_concepts_elijah.tex [5504

]) (./gospel_concepts_end.tex [5505

]
[5506

] [5507] [5508] [5509] [5510] [5511]) (./gospel_concepts_endowment.tex
[5512]) (./gospel_concepts_endure.tex [5513

]) (./gospel_concepts_enemy.tex
[5514

]) (./gospel_concepts_revelation_epistemology.tex [5515

] [5516

] [5517]
[5518] [5519]

LaTeX Warning: Hyper reference `1NEPHI-22-1' on page 5520 undefined on input li
ne 454.

[5520] [5521] [5522] [5523] [5524] [5525] [5526] [5527] [5528] [5529]

LaTeX Warning: Hyper reference `DC84:19' on page 5530 undefined on input line 1
184.

[5530] [5531] [5532] [5533] [5534] [5535] [5536] [5537] [5538] [5539] [5540])
(./gospel_concepts_esteem.tex [5541]) (./gospel_concepts_eternity.tex [5542

]
[5543

]) (./gospel_concepts_eve.tex [5544]) (./gospel_concepts_evil.tex [5545

])
(./gospel_concepts_exaltation.tex [5546

]

LaTeX Warning: Hyper reference `LCHRIST-082-MT' on page 5547 undefined on input
 line 249.

) (./gospel_concepts_except.tex [5547

]) (./gospel_concepts_eye.tex [5548

])
(./gospel_concepts_face.tex [5549

]) (./gospel_concepts_faith.tex [5550

]
[5551

]) (./gospel_concepts_fall.tex [5552]) (./gospel_concepts_favor.tex
[5553

] [5554

]) (./gospel_concepts_fire.tex [5555])
(./gospel_concepts_firstborn.tex [5556

]) (./gospel_concepts_firstfruits.tex
[5557

] [5558

] [5559] [5560]) (./gospel_concepts_flesh.tex [5561]

LaTeX Warning: Hyper reference `LCHRIST-036-J' on page 5562 undefined on input 
line 186.

) (./gospel_concepts_forgiveness.tex [5562

] [5563

])
(./gospel_concepts_fountain.tex [5564]) (./gospel_concepts_fulness.tex [5565

]
[5566

]) (./gospel_concepts_temple_garment.tex [5567])
(./gospel_concepts_garden_of_eden.tex [5568

])
(./gospel_concepts_gift_spiritual.tex [5569

]) (./gospel_concepts_glory.tex
[5570

]) (./gospel_concepts_godliness.tex [5571

] [5572

] [5573] [5574])
(./gospel_concepts_gods_nature.tex [5575] [5576

] [5577])
(./gospel_concepts_goodly.tex [5578]) (./gospel_concepts_goodness.tex [5579

]
[5580

] [5581]

LaTeX Warning: Hyper reference `EMS-1860-BY-02-FEB-1860' on page 5582 undefined
 on input line 339.

[5582]) (./gospel_concepts_gospel.tex [5583] [5584

])
(./gospel_concepts_grace.tex [5585]) (./gospel_concepts_hand.tex [5586

])
(./gospel_concepts_hearken.tex [5587

]) (./gospel_concepts_heart.tex [5588

]
[5589

] [5590]) (./gospel_concepts_heavenly_mother.tex [5591] [5592])
(./gospel_concepts_heed.tex [5593

]) (./gospel_concepts_heir.tex [5594

]

LaTeX Warning: Hyper reference `INHERITANCE' on page 5595 undefined on input li
ne 10.

) (./gospel_concepts_holy_ghost.tex [5595

])
(./gospel_concepts_holy_spirit_of_promise.tex [5596

] [5597

])
(./gospel_concepts_honor.tex [5598] [5599

] [5600] [5601])
(./gospel_concepts_hope.tex [5602]) (./gospel_concepts_humility.tex [5603

]
[5604

] [5605]) (./gospel_concepts_idleness.tex [5606] [5607

])
(./gospel_concepts_imagination.tex [5608]) (./gospel_concepts_immortality.tex
[5609

]) (./gospel_concepts_inasmuch.tex [5610

])
(./gospel_concepts_incorruption.tex [5611

] [5612

])
(./gospel_concepts_infinite.tex [5613]) (./gospel_concepts_inflict.tex [5614

])
(./gospel_concepts_iniquity.tex [5615

]

LaTeX Warning: Hyper reference `2 Corinthians 6:14' on page 5616 undefined on i
nput line 161.

[5616

]) (./gospel_concepts_innocence.tex [5617])
(./gospel_concepts_intercession.tex [5618

] [5619

] [5620]

LaTeX Warning: Hyper reference `MOSIAH-14-12-NOTE-VERSIONS' on page 5621 undefi
ned on input line 216.

) (./gospel_concepts_interest.tex [5621]) (./gospel_concepts_jehovah.tex
[5622

]) (./gospel_concepts_joy.tex [5623

]) (./gospel_concepts_judge.tex
[5624

] [5625

]) (./gospel_concepts_justification.tex [5626] [5627

])
(./gospel_concepts_key.tex [5628]

LaTeX Warning: Hyper reference `LCHRIST-084-L' on page 5629 undefined on input 
line 263.

[5629

]

LaTeX Warning: Hyper reference `REVELATION-1-18' on page 5630 undefined on inpu
t line 264.

) (./gospel_concepts_kingdom.tex [5630]) (./gospel_concepts_knowledge.tex
[5631

] [5632

] [5633]) (./gospel_concepts_language.tex [5634])
(./gospel_concepts_law.tex [5635

] [5636

] [5637] [5638])
(./gospel_concepts_lest.tex [5639]) (./gospel_concepts_life.tex [5640

]

LaTeX Warning: Hyper reference `PSALMS-15-10' on page 5641 undefined on input l
ine 181.

[5641

]) (./gospel_concepts_light.tex [5642] [5643

])
(./gospel_concepts_liken.tex [5644]) (./gospel_concepts_list.tex [5645

])
(./gospel_concepts_lively.tex [5646

]) (./gospel_concepts_love.tex [5647

]

Package hyperref Warning: Difference (2) between bookmark levels is greater 
(hyperref)                than one, level fixed on input line 174.

) (./gospel_concepts_lowliness.tex [5648

]) (./gospel_concepts_lust.tex [5649

])
(./gospel_concepts_magnify.tex [5650

] [5651

]) (./gospel_concepts_manifest.tex
[5652]) (./gospel_concepts_meekness.tex [5653

] [5654

])
(./gospel_concepts_melchizedek.tex [5655]) (./gospel_concepts_member.tex
[5656

]) (./gospel_concepts_mercy.tex [5657

] [5658

] [5659])
(./gospel_concepts_merit.tex [5660] [5661

]

LaTeX Warning: Hyper reference `MOsIAH-2-19' on page 5662 undefined on input li
ne 280.

[5662] [5663]) (./gospel_concepts_messiah.tex [5664])
(./gospel_concepts_might.tex [5665

]) (./gospel_concepts_mind.tex [5666

])
(./gospel_concepts_miracle.tex [5667

]) (./gospel_concepts_mystery.tex [5668

]

LaTeX Warning: Hyper reference `1CORINTIHANS-14-2' on page 5669 undefined on in
put line 118.


LaTeX Warning: Hyper reference `REVELATION-1-20' on page 5669 undefined on inpu
t line 133.


LaTeX Warning: Hyper reference `REVELATION-10-7' on page 5669 undefined on inpu
t line 134.

[5669

]

LaTeX Warning: Hyper reference `REVELATION-17-5' on page 5670 undefined on inpu
t line 135.


LaTeX Warning: Hyper reference `REVELATION-17-7' on page 5670 undefined on inpu
t line 136.


Overfull \hbox (9.90768pt too wide) in paragraph at lines 156--157
[]\T1/ppl/b/n/10 (-20) that which tran-scends nor-mal un-der-stand-ing, \T1/ppl
/b/it/10 (-20) tran-scen-dent/ultimate re-al-ity, se-cret\T1/ppl/m/n/10 (-20) ,
 with fo-cus on Is-raelite/Christian
 []

[5670]) (./gospel_concepts_native_element.tex [5671])
(./gospel_concepts_natural.tex [5672

] [5673

]) (./gospel_concepts_new_birth.tex
[5674] [5675

] [5676]

LaTeX Warning: Hyper reference `MOSIAH-3-19-NOTE-child' on page 5677 undefined 
on input line 365.


LaTeX Warning: Hyper reference `MOSIAH-3-19-NOTE-child' on page 5677 undefined 
on input line 380.

[5677]

LaTeX Warning: Hyper reference `4NEPHI-1:17' on page 5678 undefined on input li
ne 411.

) (./gospel_concepts_obedience.tex [5678] [5679

] [5680])
(./gospel_concepts_offense.tex [5681]) (./gospel_concepts_office.tex [5682

])
(./gospel_concepts_opposition.tex [5683

]) (./gospel_concepts_or.tex [5684

])
(./gospel_concepts_ordination.tex [5685

]) (./gospel_concepts_order.tex [5686

]
[5687

] [5688]) (./gospel_concepts_ordinance.tex [5689])
(./gospel_concepts_outward.tex [5690

] [5691

]) (./gospel_concepts_overcome.tex
[5692]) (./gospel_concepts_patience.tex [5693

])
(./gospel_concepts_peaceable.tex [5694

]) (./gospel_concepts_perfection.tex
[5695

] [5696

] [5697]) (./gospel_concepts_plead.tex [5698])
(./gospel_concepts_poor.tex [5699

]

Package hyperref Warning: Difference (2) between bookmark levels is greater 
(hyperref)                than one, level fixed on input line 112.

) (./gospel_concepts_portion.tex [5700

]) (./gospel_concepts_power.tex [5701

]
[5702

]) (./gospel_concepts_practice.tex [5703]) (./gospel_concepts_prayer.tex
[5704

]) (./gospel_concepts_precious.tex [5705

])
(./gospel_concepts_priestcraft.tex [5706

]) (./gospel_concepts_priesthood.tex
[5707

] [5708

] [5709] [5710] [5711]

LaTeX Warning: Hyper reference `DC84:19' on page 5712 undefined on input line 4
38.

[5712] [5713] [5714]

LaTeX Warning: Hyper reference `EMS-1859-BY-31-JUL-1859' on page 5715 undefined
 on input line 647.


LaTeX Warning: Hyper reference `EMS-1870-BY-30-OCT-1870' on page 5715 undefined
 on input line 651.

[5715]) (./gospel_concepts_principle.tex [5716])
(./gospel_concepts_probation.tex [5717

] [5718

])
(./gospel_concepts_progression.tex [5719]) (./gospel_concepts_promise.tex
[5720

]) (./gospel_concepts_prosper.tex [5721

])
(./gospel_concepts_psychology_scriptures.tex [5722

]

LaTeX Warning: Hyper reference `DC-6-16' on page 5723 undefined on input line 2
49.


LaTeX Warning: Hyper reference `DC-10-16' on page 5723 undefined on input line 
250.


LaTeX Warning: Hyper reference `DC-33-1' on page 5723 undefined on input line 2
51.

) (./gospel_concepts_quicken.tex [5723

]) (./gospel_concepts_race.tex [5724

])
(./gospel_concepts_reason.tex [5725

] [5726

] [5727])
(./gospel_concepts_reconciliation.tex [5728] [5729

])
(./gospel_concepts_redemption.tex [5730] [5731

])
(./gospel_concepts_remission.tex [5732] [5733

] [5734] [5735] [5736] [5737]
[5738] [5739]) (./gospel_concepts_remorse.tex [5740])
(./gospel_concepts_repentance.tex [5741

]) (./gospel_concepts_resurrection.tex
[5742

] [5743

] [5744]) (./gospel_concepts_revelation.tex [5745])
(./gospel_concepts_righteousness.tex [5746

] [5747

] [5748] [5749])
(./gospel_concepts_right-noun.tex [5750]) (./gospel_concepts_round.tex [5751

]
[5752

] [5753] [5754]) (./gospel_concepts_sacrament.tex [5755]

LaTeX Warning: Hyper reference `LCHRIST-064-J' on page 5756 undefined on input 
line 238.

) (./gospel_concepts_sacrifice.tex [5756

]) (./gospel_concepts_salvation.tex
[5757

]) (./gospel_concepts_sanctification.tex [5758

] [5759

])
(./gospel_concepts_satan.tex [5760] [5761

]

LaTeX Warning: Hyper reference `1NEPHI-22-26' on page 5762 undefined on input l
ine 277.

) (./gospel_concepts_scourge.tex [5762]) (./gospel_concepts_seal.tex [5763

]
[5764

]

LaTeX Warning: Hyper reference `JOHN-6:27' on page 5765 undefined on input line
 210.

[5765]) (./gospel_concepts_search.tex [5766] [5767

]) (./gospel_concepts_see.tex [5768]) (./gospel_concepts_self-existent.tex [576
9

])
(./gospel_concepts_selfsame.tex [5770

]) (./gospel_concepts_sensual.tex [5771

])
(./gospel_concepts_seraph.tex [5772

] [5773

]) (./gospel_concepts_shed.tex
[5774] [5775

] [5776]) (./gospel_concepts_shine.tex [5777])
(./gospel_concepts_sign.tex [5778

]) (./gospel_concepts_sin.tex [5779

] [5780

]
[5781] [5782] [5783] [5784] [5785] [5786]) (./gospel_concepts_single.tex
[5787] [5788

]) (./gospel_concepts_song.tex [5789])
(./gospel_concepts_sonsofperdition.tex [5790

] [5791

])
(./gospel_concepts_soul.tex [5792]) (./gospel_concepts_sphere.tex [5793

])
(./gospel_concepts_spirit.tex [5794

] [5795

] [5796])
(./gospel_concepts_spiritual.tex [5797]) (./gospel_concepts_spot.tex [5798

])
(./gospel_concepts_spring.tex [5799

]) (./gospel_concepts_stake.tex [5800

])
(./gospel_concepts_statute.tex [5801

] [5802

]) (./gospel_concepts_subdue.tex
[5803]) (./gospel_concepts_surety.tex [5804

]) (./gospel_concepts_tabernacle.tex [5805

]) (./gospel_concepts_telestial.tex [5806

]) (./gospel_concepts_temple.tex [5807

] [5808

]) (./gospel_concepts_temporal.tex [5809])
(./gospel_concepts_temptation.tex [5810

]

Package hyperref Warning: Difference (2) between bookmark levels is greater 
(hyperref)                than one, level fixed on input line 71.

[5811

]) (./gospel_concepts_testimony.tex [5812]) (./gospel_concepts_tidings.tex [581
3

]) (./gospel_concepts_time.tex [5814

]) (./gospel_concepts_thus.tex
[5815

]) (./gospel_concepts_transfiguration.tex [5816

])
(./gospel_concepts_transgression.tex [5817

] [5818

])
(./gospel_concepts_translation.tex [5819] [5820

]

LaTeX Warning: Hyper reference `EMS-1830-JS-CIR-SPR-1830' on page 5821 undefine
d on input line 330.

[5821]) (./gospel_concepts_treasure.tex [5822]) (./gospel_concepts_trifle.tex
[5823

]) (./gospel_concepts_truth.tex [5824

] [5825

])
(./gospel_concepts_unfold.tex [5826] [5827

])
(./gospel_concepts_unpardonable_sin.tex [5828]

LaTeX Warning: Hyper reference `LCHRIST-083-MT' on page 5829 undefined on input
 line 249.


LaTeX Warning: Hyper reference `LCHRIST-083-L' on page 5829 undefined on input 
line 250.

) (./gospel_concepts_urim_thummim.tex [5829

] [5830

])
(./gospel_concepts_vanity.tex [5831]) (./gospel_concepts_view.tex [5832

])
(./gospel_concepts_virgin.tex [5833

] [5834

]) (./gospel_concepts_virtue.tex
[5835]) (./gospel_concepts_water.tex [5836

]) (./gospel_concepts_whereof.tex
[5837

]) (./gospel_concepts_will.tex [5838

]) (./gospel_concepts_wisdom.tex
[5839

]) (./gospel_concepts_withdraw.tex [5840

] [5841

] [5842])
(./gospel_concepts_word.tex [5843] [5844

]) (./gospel_concepts_world.tex
[5845] [5846

]) (./gospel_concepts_zion.tex [5847])
(./gospel_concepts_supplement.tex [5848

] [5849

] [5850] [5851] [5852] [5853]
[5854] [5855] [5856]

LaTeX Warning: Hyper reference `EXPEDIENT-1828' on page 5857 undefined on input
 line 696.

[5857] [5858] [5859] [5860] [5861] [5862] [5863] [5864] [5865] [5866] [5867]
[5868]) [5869]) (./gospel_temple_endowment.tex [5870]
(./gospel_temple_endowment_initiatory.tex

LaTeX Warning: Hyper reference `REVELATION-1-5' on page 5871 undefined on input
 line 47.

[5871


] [5872]) (./gospel_temple_endowment_endowment.tex [5873] [5874

] [5875]
[5876] [5877] [5878] [5879] [5880] [5881] [5882] [5883] [5884] [5885] [5886]
[5887] [5888] [5889] [5890] [5891] [5892] [5893])
(./gospel_temple_endowment_sealing.tex [5894]) [5895

])
(./gospel_climbing_the_rainbows.tex [5896] (./gospel_ctr_0001_introduction.tex)
(./gospel_ctr_0002_gospel_universality.tex [5897


]) [5898]
(./gospel_ctr_0003_teleological_explanations_teleological_fallacy.tex [5899

]
[5900] [5901] [5902] [5903]) (./gospel_ctr_0004_structural_fallacy.tex [5904]
[5905] [5906]) (./gospel_ctr_0005_features_constraints.tex
Overfull \hbox (8.01276pt too wide) in paragraph at lines 207--207
[]|\T1/ppl/b/n/10 (-20) Design?| 
 []


Overfull \hbox (12.12497pt too wide) in paragraph at lines 208--208
[]|\T1/ppl/m/n/10 (-20) Strongest| 
 []


Overfull \hbox (8.64604pt too wide) in paragraph at lines 209--209
[]|\T1/ppl/m/n/10 (-20) Stronger| 
 []

[5907] [5908]) [5909] [5910

] [5911

] [5912

] [5913

] [5914

] [5915

] [5916

] [5917

])
(./gospel_book_notes.tex [5918]

LaTeX Font Warning: Font shape `T1/ppl/b/scit' undefined
(Font)              using `T1/ppl/b/it' instead on input line 9.


LaTeX Font Warning: Font shape `T1/ppl/b/scit' undefined
(Font)              using `T1/ppl/b/it' instead on input line 40.


LaTeX Font Warning: Font shape `T1/ppl/b/scit' undefined
(Font)              using `T1/ppl/b/it' instead on input line 40.

[5919


] [5920]) (./gospel_gm.tex [5921] (./gospel_gm_life.tex [5922


] [5923]
[5924] [5925] [5926] [5927] [5928]

LaTeX Warning: Hyper reference `GM-LIFE-ENERGY-0005' on page 5929 undefined on 
input line 347.

[5929] [5930] [5931] [5932] [5933] [5934] [5935] [5936] [5937] [5938] [5939]
[5940]) (./gospel_gm_relationships.tex [5941] [5942

]) [5943])
(./gospel_blessings_lessons.tex [5944] [5945


] [5946] [5947] [5948] [5949

]
[5950] [5951

] [5952

] [5953

] [5954]) (./gospel_meeting_notes.tex [5955])
(./gospel_appendices.tex [5956

] (./gospel_appendices_greek_hebrew_index.tex

Package hyperref Warning: Suppressing empty link on input line 26.

[5957


] [5958

] [5959] [5960]) (./gospel_appendices_talk_ideas.tex [5961]
[5962

]

LaTeX Warning: Hyper reference `LCHRIST-088-su' on page 5963 undefined on input
 line 92.

[5963] [5964]
Overfull \hbox (15.57999pt too wide) in paragraph at lines 177--178
[]\T1/ppl/m/n/10 (-20) See my foot-
 []

) (./gospel_appendices_talks.tex [5965] [5966

] [5967] [5968] [5969] [5970]
[5971] [5972] [5973] [5974] [5975] [5976] [5977] [5978] [5979] [5980] [5981]
[5982] [5983] [5984] [5985] [5986] [5987]
Overfull \hbox (0.57588pt too wide) in paragraph at lines 1198--1199
[][][]\T1/ppl/m/n/10 (-20) Joseph Smith Trans-la-tion Gen-e-sis 14[][], ``And M
elchizedeck lifted up his voice and blessed Abram. Now Melchizedeck
 []

[5988] [5989]

LaTeX Warning: Hyper reference `REVELATION-19-10' on page 5990 undefined on inp
ut line 1355.

[5990] [5991] [5992] [5993] [5994] [5995] [5996] [5997] [5998] [5999] [6000]
[6001] [6002] [6003] [6004] [6005] [6006] [6007])
(./gospel_appendices_bibliography.tex [6008]

Package hyperref Warning: Difference (2) between bookmark levels is greater 
(hyperref)                than one, level fixed on input line 20.


Underfull \hbox (badness 7740) in paragraph at lines 135--135
 |\T1/ppl/b/n/17.28 (+20) Allen and Gree-nough New
 []

[6009

] [6010]
Underfull \hbox (badness 10000) in paragraph at lines 292--292
 |\T1/ppl/b/n/17.28 (+20) Brill Dic-tio-nary of An-cient
 []

[6011] [6012]
Underfull \hbox (badness 10000) in paragraph at lines 524--524
 |\T1/ppl/b/n/17.28 (+20) Dictionary of Deities and
 []

[6013]
Underfull \hbox (badness 10000) in paragraph at lines 725--725
 |\T1/ppl/b/n/17.28 (+20) Etymological Dic-tio-nary of
 []

[6014] [6015]
Underfull \hbox (badness 10000) in paragraph at lines 867--867
 |\T1/ppl/b/n/17.28 (+20) The Greek New Tes-ta-ment
 []

[6016] [6017]
Underfull \hbox (badness 10000) in paragraph at lines 1060--1060
 |\T1/ppl/b/n/17.28 (+20) Jewish Pub-li-ca-tion So-ci-ety
 []

[6018] [6019]
Underfull \hbox (badness 10000) in paragraph at lines 1364--1365
\T1/ppl/m/n/10 (+20) A web-site with copies of many im-por-tant doc-
 []


Underfull \hbox (badness 10000) in paragraph at lines 1364--1365
\T1/ppl/m/n/10 (+20) u-ments re-lated to Mor-mon polygamy. URL:
 []

[6020] [6021] [6022] [6023] [6024] [6025]
Underfull \hbox (badness 10000) in paragraph at lines 2054--2054
 |\T1/ppl/b/n/17.28 (+20) Zondervan Il-lus-trated Bible
 []

[6026]) (./gospel_appendices_useful_sources.tex) (./gospel_appendices_log.tex
[6027

]) [6028

]) (./gospel.aux)
 ***********
LaTeX2e <2025-11-01>
L3 programming layer <2026-03-20>
 ***********


LaTeX Font Warning: Some font shapes were not available, defaults substituted.


LaTeX Warning: There were undefined references.


LaTeX Warning: There were multiply-defined labels.

Package rerunfilecheck Info: File `gospel.out' has not changed.
(rerunfilecheck)             Checksum: E61718873C0CF1F164F13BF849C8EB8A;6693928
.
 ) 
Here is how much of TeX's memory you used:
 203592 strings out of 467349
 3489065 string characters out of 5419857
 3750317 words of memory out of 5000000
 171512 multiletter control sequences out of 15000+600000
 783844 words of font info for 1232 fonts, out of 8000000 for 9000
 1141 hyphenation exceptions out of 8191
 99i,16n,118p,21397b,47245s stack positions out of 10000i,1000n,20000p,200000b,200000s

pdfTeX warning (dest): name{EMs-1834-Js-CIR-MAR-1834-q} has been referenced but
 does not exist, replaced by a fixed one

<c:/texlive/2026/texmf-dist/fonts/type1/public/cjhebrew/cjheblsm.pfb><c:/texliv
e/2026/texmf-dist/fonts/type1/public/cjhebrew/cjhebltx.pfb><c:/texlive/2026/tex
mf-dist/fonts/type1/public/amsfonts/cm/cmr10.pfb><c:/texlive/2026/texmf-dist/fo
nts/type1/public/amsfonts/cm/cmsy10.pfb><c:/texlive/2026/texmf-dist/fonts/type1
/public/mathpazo/fplmri.pfb><c:/texlive/2026/texmf-dist/fonts/type1/public/cbfo
nts/grmn0700.pfb><c:/texlive/2026/texmf-dist/fonts/type1/public/cbfonts/grmn080
0.pfb><c:/texlive/2026/texmf-dist/fonts/type1/public/cbfonts/grmn1000.pfb><c:/t
exlive/2026/texmf-dist/fonts/type1/public/cbfonts/grmn1440.pfb><c:/texlive/2026
/texmf-dist/fonts/type1/public/amsfonts/symbols/msam10.pfb><c:/texlive/2026/tex
mf-dist/fonts/type1/public/cm-super/sfss0800.pfb><c:/texlive/2026/texmf-dist/fo
nts/type1/urw/palatino/uplb8a.pfb><c:/texlive/2026/texmf-dist/fonts/type1/urw/p
alatino/uplbi8a.pfb><c:/texlive/2026/texmf-dist/fonts/type1/urw/palatino/uplr8a
.pfb><c:/texlive/2026/texmf-dist/fonts/type1/urw/palatino/uplri8a.pfb>
Output written on gospel.pdf (6028 pages, 17572211 bytes).
PDF statistics:
 244034 PDF objects out of 284508 (max. 8388607)
 235273 compressed objects within 2353 object streams
 57157 named destinations out of 66169 (max. 500000)
 539365 words of extra memory for PDF output out of 552014 (max. 10000000)

